brand;model;year_from;year_to;engine_volume;fuel_type;oil_ngn_5w30_product;oil_ngn_5w30_article;oil_ngn_5w40_product;oil_ngn_5w40_article;oil_specs;oil_fill_liters;filter_oil_mann;filter_oil_lynx;filter_oil_sufix;filter_air_mann;filter_air_lynx;filter_air_sufix;filter_cabin_mann;filter_cabin_lynx;filter_cabin_sufix;notes;at_type;at_oil_specs;at_oil_fill_liters;at_ngn_product;at_ngn_article;filter_oil_oe;filter_air_oe;filter_cabin_oe;oil_ngn_aline_5w30_product;oil_ngn_aline_5w30_article;oil_ngn_aline_5w40_product;oil_ngn_aline_5w40_article;rowe_5w30_product;rowe_5w30_article;rowe_5w40_product;rowe_5w40_article;teboil_5w30_product;teboil_5w30_article;teboil_5w40_product;teboil_5w40_article;genergy_5w30_product;genergy_5w30_article;genergy_5w40_product;genergy_5w40_article;totachi_5w30_product;totachi_5w30_article;totachi_5w40_product;totachi_5w40_article
Kia;Rio IV (YB);2017;2020;1.6 Gamma;бензин;NGN PROFI A-LINE 5W-30;V272085301;NGN GOLD A-LINE 5W-40;V272085302;API SM/SN, ILSAC GF-4/GF-5, ACEA A5/B5;3.6;W 811/80;LC-1909;SP1041;C 26 048;LA-1459;SO-1027;CU 21 008;LAC-105;SS-1031;Заполнено агентом;АКПП-6 (A6GF1);ATF SP-IV;4.0 (частично) / 7.3 (полно);NGN ATF SP-IV;V182575126;26300-35531;28113-H8100;97133-D1000;NGN A-LINE 5W-30;V182575117;NGN A-LINE 5W-40;V182575120;ROWE HIGHTEC MULTI SYNT DPF 5W-30;20125-0040-99;ROWE HIGHTEC SYNT RSi 5W-40;20001-0040-99;TEBOIL Gold L 5W-30;2459465;TEBOIL Gold L 5W-40;3453956;G-Energy Synthetic Active 5W-30;253142405;G-Energy Synthetic Active 5W-40;253142406;Totachi NIRO LV SP/GF-5 5W-30;1G104;Totachi NIRO Optima PRO 5W-40;1C812
Kia;Rio III (UB);2011;2017;1.6 Gamma;бензин;NGN PROFI A-LINE 5W-30;V272085301;NGN GOLD A-LINE 5W-40;V272085302;API SM, ILSAC GF-4;3.3;W 811/80;LC-1909;SP1041;C 25 016;LA-1458;SO-1026;CU 2336;LAC-1947;SS-1031;Заполнено агентом;нет данных;нет данных;нет данных;нет данных;нет данных;26300-35531;28113-1R100;97133-2E210;NGN A-LINE 5W-30;V182575117;NGN A-LINE 5W-40;V182575120;ROWE HIGHTEC MULTI SYNT DPF 5W-30;20125-0040-99;ROWE HIGHTEC SYNT RSi 5W-40;20001-0040-99;TEBOIL Gold L 5W-30;2459465;TEBOIL Gold L 5W-40;3453956;G-Energy Synthetic Active 5W-30;253142405;G-Energy Synthetic Active 5W-40;253142406;Totachi NIRO LV SP/GF-5 5W-30;1G104;Totachi NIRO Optima PRO 5W-40;1C812
Hyundai;Solaris II;2017;2020;1.6 Gamma;бензин;NGN PROFI A-LINE 5W-30;V272085301;NGN GOLD A-LINE 5W-40;V272085302;API SM/SN, ILSAC GF-4/GF-5, ACEA A5/B5;3.6;W 811/80;LC-1909;SP1041;C 26 048;LA-1459;SO-1027;CU 21 008;LAC-105;SS-1031;Заполнено агентом;АКПП-6 (A6GF1);ATF SP-IV;4.0 (частично) / 7.3 (полно);NGN ATF SP-IV;V182575126;26300-35531;28113-H8100;97133-D1000;NGN A-LINE 5W-30;V182575117;NGN A-LINE 5W-40;V182575120;ROWE HIGHTEC MULTI SYNT DPF 5W-30;20125-0040-99;ROWE HIGHTEC SYNT RSi 5W-40;20001-0040-99;TEBOIL Gold L 5W-30;2459465;TEBOIL Gold L 5W-40;3453956;G-Energy Synthetic Active 5W-30;253142405;G-Energy Synthetic Active 5W-40;253142406;Totachi NIRO LV SP/GF-5 5W-30;1G104;Totachi NIRO Optima PRO 5W-40;1C812
Hyundai;Solaris I;2010;2017;1.6 Gamma;бензин;NGN PROFI A-LINE 5W-30;V272085301;NGN GOLD A-LINE 5W-40;V272085302;API SM, ILSAC GF-4;3.3;W 811/80;LC-331 / LC-1909;SP1041;C 25 016;LA-1458;SO-1026;CU 2336;LAC-1947;SS-1031;Заполнено агентом;нет данных;нет данных;нет данных;нет данных;нет данных;нет данных;нет данных;нет данных;NGN A-LINE 5W-30;V182575117;NGN A-LINE 5W-40;V182575120;ROWE HIGHTEC MULTI SYNT DPF 5W-30;20125-0040-99;ROWE HIGHTEC SYNT RSi 5W-40;20001-0040-99;TEBOIL Gold L 5W-30;2459465;TEBOIL Gold L 5W-40;3453956;G-Energy Synthetic Active 5W-30;253142405;G-Energy Synthetic Active 5W-40;253142406;Totachi NIRO LV SP/GF-5 5W-30;1G104;Totachi NIRO Optima PRO 5W-40;1C812
Lada;Vesta;2015;2023;1.6 (ВАЗ-21129);бензин;NGN PROFI A-LINE 5W-30;V272085301;NGN GOLD A-LINE 5W-40;V272085302;API SL/SM/SN, ACEA A3/B4;4.4;W 914/2;LC-218;нет данных;C 27 030;LA-1900;нет данных;CU 22 011;LAC-1925;нет данных;Заполнено агентом;нет данных;нет данных;нет данных;нет данных;нет данных;нет данных;нет данных;нет данных;NGN A-LINE 5W-30;V182575117;NGN A-LINE 5W-40;V182575120;ROWE HIGHTEC MULTI SYNT DPF 5W-30;20125-0040-99;ROWE HIGHTEC SYNT RSi 5W-40;20001-0040-99;TEBOIL Gold L 5W-30;2459465;TEBOIL Gold L 5W-40;3453956;G-Energy Synthetic Active 5W-30;253142405;G-Energy Synthetic Active 5W-40;253142406;Totachi NIRO LV SP/GF-5 5W-30;1G104;Totachi NIRO Optima PRO 5W-40;1C812
Lada;Vesta;2016;2023;1.8 (ВАЗ-21179);бензин;NGN PROFI A-LINE 5W-30;V272085301;NGN GOLD A-LINE 5W-40;V272085302;API SL/SM/SN, ACEA A3/B4;4.4;W 914/2;SLC8614 / LC-218;нет данных;C 27 030;LA-1900;нет данных;CU 22 011;LAC-1925;нет данных;Заполнено агентом;нет данных;нет данных;нет данных;нет данных;нет данных;нет данных;нет данных;нет данных;NGN A-LINE 5W-30;V182575117;NGN A-LINE 5W-40;V182575120;ROWE HIGHTEC MULTI SYNT DPF 5W-30;20125-0040-99;ROWE HIGHTEC SYNT RSi 5W-40;20001-0040-99;TEBOIL Gold L 5W-30;2459465;TEBOIL Gold L 5W-40;3453956;G-Energy Synthetic Active 5W-30;253142405;G-Energy Synthetic Active 5W-40;253142406;Totachi NIRO LV SP/GF-5 5W-30;1G104;Totachi NIRO Optima PRO 5W-40;1C812
Toyota;Camry (XV70);2017;2024;2.5 (A25A-FKS);бензин;NGN PROFI A-LINE 5W-30;V272085301;NGN GOLD A-LINE 5W-40;V272085302;API SN, ILSAC GF-5, 0W-20 / 5W-30;4.5;HU 7019 z;нет данных;нет данных;C 27 063;нет данных;нет данных;нет данных (OEM 8713928020);нет данных;нет данных;Заполнено агентом;АКПП (UA80E/U761E);Toyota ATF WS;4.0 (частично) / 8.8 (полно);NGN ATF WS;V182575131;нет данных;нет данных;нет данных;NGN A-LINE 5W-30;V182575117;NGN A-LINE 5W-40;V182575120;ROWE HIGHTEC MULTI SYNT DPF 5W-30;20125-0040-99;ROWE HIGHTEC SYNT RSi 5W-40;20001-0040-99;TEBOIL Gold L 5W-30;2459465;TEBOIL Gold L 5W-40;3453956;G-Energy Synthetic Active 5W-30;253142405;G-Energy Synthetic Active 5W-40;253142406;Totachi NIRO LV SP/GF-5 5W-30;1G104;Totachi NIRO Optima PRO 5W-40;1C812
Toyota;Camry (XV50);2011;2017;2.5 (2AR-FE);бензин;NGN PROFI A-LINE 5W-30;V272085301;NGN GOLD A-LINE 5W-40;V272085302;API SN, ILSAC GF-5, 0W-20 / 5W-30;4.5;HU 7019 z;нет данных;нет данных;нет данных (OEM 1780128030);нет данных;нет данных;CU 1919;LAC-141;нет данных;Заполнено агентом;АКПП (U760E);Toyota ATF WS;4.0 (частично) / 10.5 (полно);NGN ATF WS;V182575131;04152-YZZA1;17801-V1000;87139-YZZ82;NGN A-LINE 5W-30;V182575117;NGN A-LINE 5W-40;V182575120;ROWE HIGHTEC MULTI SYNT DPF 5W-30;20125-0040-99;ROWE HIGHTEC SYNT RSi 5W-40;20001-0040-99;TEBOIL Gold L 5W-30;2459465;TEBOIL Gold L 5W-40;3453956;G-Energy Synthetic Active 5W-30;253142405;G-Energy Synthetic Active 5W-40;253142406;Totachi NIRO LV SP/GF-5 5W-30;1G104;Totachi NIRO Optima PRO 5W-40;1C812
Renault;Duster;2010;2021;2.0 (F4R);бензин;NGN PROFI A-LINE 5W-30;V272085301;NGN GOLD A-LINE 5W-40;V272085302;ACEA A3/B4, Renault RN0700/RN0710;4.5;W 75/3;нет данных;нет данных;C 1858/2 (C 27 030 c 2015г);нет данных;нет данных;CU 1829;нет данных;нет данных;Заполнено агентом;нет данных;нет данных;нет данных;нет данных;нет данных;нет данных;нет данных;нет данных;NGN A-LINE 5W-30;V182575117;NGN A-LINE 5W-40;V182575120;ROWE HIGHTEC MULTI SYNT DPF 5W-30;20125-0040-99;ROWE HIGHTEC SYNT RSi 5W-40;20001-0040-99;TEBOIL Gold L 5W-30;2459465;TEBOIL Gold L 5W-40;3453956;G-Energy Synthetic Active 5W-30;253142405;G-Energy Synthetic Active 5W-40;253142406;Totachi NIRO LV SP/GF-5 5W-30;1G104;Totachi NIRO Optima PRO 5W-40;1C812
Volkswagen;Polo Sedan;2015;2020;1.6 (CWVA);бензин;NGN PROFI A-LINE 5W-30;V272085301;NGN GOLD A-LINE 5W-40;V272085302;VW 502 00 / 505 00;4.0;W 712/95;нет данных;нет данных;C 21 011 (OEM 04E129620A);нет данных;нет данных;CU 26 010 (как пример);нет данных;нет данных;Заполнено агентом;нет данных;нет данных;нет данных;нет данных;нет данных;нет данных;нет данных;нет данных;NGN A-LINE 5W-30;V182575117;NGN A-LINE 5W-40;V182575120;ROWE HIGHTEC MULTI SYNT DPF 5W-30;20125-0040-99;ROWE HIGHTEC SYNT RSi 5W-40;20001-0040-99;TEBOIL Gold L 5W-30;2459465;TEBOIL Gold L 5W-40;3453956;G-Energy Synthetic Active 5W-30;253142405;G-Energy Synthetic Active 5W-40;253142406;Totachi NIRO LV SP/GF-5 5W-30;1G104;Totachi NIRO Optima PRO 5W-40;1C812
Volkswagen;Polo Sedan;2010;2015;1.6 (CFNA);бензин;NGN PROFI A-LINE 5W-30;V272085301;NGN GOLD A-LINE 5W-40;V272085302;VW 502 00 / 505 00;3.6;W 712/94;нет данных;нет данных;C 3880;нет данных;нет данных;CU 26 010 (как пример);нет данных;нет данных;Заполнено агентом;нет данных;нет данных;нет данных;нет данных;нет данных;03C115561H;036129620J;6R0819653;NGN A-LINE 5W-30;V182575117;NGN A-LINE 5W-40;V182575120;ROWE HIGHTEC MULTI SYNT DPF 5W-30;20125-0040-99;ROWE HIGHTEC SYNT RSi 5W-40;20001-0040-99;TEBOIL Gold L 5W-30;2459465;TEBOIL Gold L 5W-40;3453956;G-Energy Synthetic Active 5W-30;253142405;G-Energy Synthetic Active 5W-40;253142406;Totachi NIRO LV SP/GF-5 5W-30;1G104;Totachi NIRO Optima PRO 5W-40;1C812
Ford;Focus III;2011;2019;1.6;бензин;NGN PROFI A-LINE 5W-30;V272085301;NGN GOLD A-LINE 5W-40;V272085302;Ford WSS-M2C913-C/D;4.1;W 7008 / W 7015;нет данных;нет данных;C 16 134/2;нет данных;нет данных;CU 25 007 (пример);нет данных;нет данных;Заполнено агентом;нет данных;нет данных;нет данных;нет данных;нет данных;нет данных;нет данных;нет данных;NGN A-LINE 5W-30;V182575117;NGN A-LINE 5W-40;V182575120;ROWE HIGHTEC MULTI SYNT DPF 5W-30;20125-0040-99;ROWE HIGHTEC SYNT RSi 5W-40;20001-0040-99;TEBOIL Gold L 5W-30;2459465;TEBOIL Gold L 5W-40;3453956;G-Energy Synthetic Active 5W-30;253142405;G-Energy Synthetic Active 5W-40;253142406;Totachi NIRO LV SP/GF-5 5W-30;1G104;Totachi NIRO Optima PRO 5W-40;1C812
Nissan;Qashqai (J10);2006;2013;2.0 (MR20DE);бензин;NGN PROFI A-LINE 5W-30;V272085301;NGN GOLD A-LINE 5W-40;V272085302;API SL/SM/SN, ACEA A3/B4;4.4;W 67/1;LC-1237;нет данных;C 2433/2;LA-246;нет данных;CU 1936;LAC-201;нет данных;Заполнено агентом;нет данных;нет данных;нет данных;нет данных;нет данных;нет данных;нет данных;нет данных;NGN A-LINE 5W-30;V182575117;NGN A-LINE 5W-40;V182575120;ROWE HIGHTEC MULTI SYNT DPF 5W-30;20125-0040-99;ROWE HIGHTEC SYNT RSi 5W-40;20001-0040-99;TEBOIL Gold L 5W-30;2459465;TEBOIL Gold L 5W-40;3453956;G-Energy Synthetic Active 5W-30;253142405;G-Energy Synthetic Active 5W-40;253142406;Totachi NIRO LV SP/GF-5 5W-30;1G104;Totachi NIRO Optima PRO 5W-40;1C812
Nissan;X-Trail (T31);2007;2014;2.0 (MR20DE);бензин;NGN PROFI A-LINE 5W-30;V272085301;NGN GOLD A-LINE 5W-40;V272085302;API SL/SM/SN, ACEA A3/B4;4.5;W 67/1;LC-1237;нет данных;C 2433/2;LA-246;нет данных;CU 1936;LAC-201;нет данных;Заполнено агентом;нет данных;нет данных;нет данных;нет данных;нет данных;нет данных;нет данных;нет данных;NGN A-LINE 5W-30;V182575117;NGN A-LINE 5W-40;V182575120;ROWE HIGHTEC MULTI SYNT DPF 5W-30;20125-0040-99;ROWE HIGHTEC SYNT RSi 5W-40;20001-0040-99;TEBOIL Gold L 5W-30;2459465;TEBOIL Gold L 5W-40;3453956;G-Energy Synthetic Active 5W-30;253142405;G-Energy Synthetic Active 5W-40;253142406;Totachi NIRO LV SP/GF-5 5W-30;1G104;Totachi NIRO Optima PRO 5W-40;1C812
Chevrolet;Lacetti/Clan;2007;2012;1.4 16V (94 л.с.) / 1.6 16V (109 л.с.);Бензин;NGN PROFI A-LINE 5W-30;V272085301;NGN GOLD A-LINE 5W-40;V272085302;GM Dexos 2 / ACEA A3/B4;3.75;W 712/75;нет данных;нет данных;C 3090;нет данных;нет данных;CU 1719;нет данных;нет данных;Заполнено агентом;нет данных;нет данных;нет данных;нет данных;нет данных;нет данных;нет данных;нет данных;NGN A-LINE 5W-30;V182575117;NGN A-LINE 5W-40;V182575120;ROWE HIGHTEC MULTI SYNT DPF 5W-30;20125-0040-99;ROWE HIGHTEC SYNT RSi 5W-40;20001-0040-99;TEBOIL Gold L 5W-30;2459465;TEBOIL Gold L 5W-40;3453956;G-Energy Synthetic Active 5W-30;253142405;G-Energy Synthetic Active 5W-40;253142406;Totachi NIRO LV SP/GF-5 5W-30;1G104;Totachi NIRO Optima PRO 5W-40;1C812
Chevrolet;Lacetti/Clan;2007;2012;1.8 16V (121 л.с.);Бензин;NGN PROFI A-LINE 5W-30;V272085301;NGN GOLD A-LINE 5W-40;V272085302;GM Dexos 2 / ACEA A3/B4;3.8;W 712/75;нет данных;нет данных;C 3090;нет данных;нет данных;CU 1719;нет данных;нет данных;Заполнено агентом;нет данных;нет данных;нет данных;нет данных;нет данных;нет данных;нет данных;нет данных;NGN A-LINE 5W-30;V182575117;NGN A-LINE 5W-40;V182575120;ROWE HIGHTEC MULTI SYNT DPF 5W-30;20125-0040-99;ROWE HIGHTEC SYNT RSi 5W-40;20001-0040-99;TEBOIL Gold L 5W-30;2459465;TEBOIL Gold L 5W-40;3453956;G-Energy Synthetic Active 5W-30;253142405;G-Energy Synthetic Active 5W-40;253142406;Totachi NIRO LV SP/GF-5 5W-30;1G104;Totachi NIRO Optima PRO 5W-40;1C812
Mercedes-Benz;S-Class W221;2006;2013;S350 3.5 (M272);Бензин;NGN PROFI A-LINE 5W-30;V272085301;NGN GOLD A-LINE 5W-40;V272085302;MB 229.5;8.0;HU 718/5 x;нет данных;нет данных;C 3698/3-2;нет данных;нет данных;CUK 2722-2;нет данных;нет данных;Заполнено агентом;нет данных;нет данных;нет данных;нет данных;нет данных;нет данных;нет данных;нет данных;NGN A-LINE 5W-30;V182575117;NGN A-LINE 5W-40;V182575120;ROWE HIGHTEC MULTI SYNT DPF 5W-30;20125-0040-99;ROWE HIGHTEC SYNT RSi 5W-40;20001-0040-99;TEBOIL Gold L 5W-30;2459465;TEBOIL Gold L 5W-40;3453956;G-Energy Synthetic Active 5W-30;253142405;G-Energy Synthetic Active 5W-40;253142406;Totachi NIRO LV SP/GF-5 5W-30;1G104;Totachi NIRO Optima PRO 5W-40;1C812
Mercedes-Benz;S-Class W221;2006;2013;S500 5.5 (M273);Бензин;NGN PROFI A-LINE 5W-30;V272085301;NGN GOLD A-LINE 5W-40;V272085302;MB 229.5;8.5;HU 718/5 x;нет данных;нет данных;C 3698/3-2;нет данных;нет данных;CUK 2722-2;нет данных;нет данных;Заполнено агентом;нет данных;нет данных;нет данных;нет данных;нет данных;нет данных;нет данных;нет данных;NGN A-LINE 5W-30;V182575117;NGN A-LINE 5W-40;V182575120;ROWE HIGHTEC MULTI SYNT DPF 5W-30;20125-0040-99;ROWE HIGHTEC SYNT RSi 5W-40;20001-0040-99;TEBOIL Gold L 5W-30;2459465;TEBOIL Gold L 5W-40;3453956;G-Energy Synthetic Active 5W-30;253142405;G-Energy Synthetic Active 5W-40;253142406;Totachi NIRO LV SP/GF-5 5W-30;1G104;Totachi NIRO Optima PRO 5W-40;1C812
Mercedes-Benz;S-Class W221;2006;2013;S350 CDI 3.0 (OM642);Дизель;NGN PROFI A-LINE 5W-30;V272085301;NGN GOLD A-LINE 5W-40;V272085302;MB 229.51;8.5;HU 821 x;нет данных;нет данных;C 31 004;нет данных;нет данных;CUK 2722-2;нет данных;нет данных;Заполнено агентом;нет данных;нет данных;нет данных;нет данных;нет данных;нет данных;нет данных;нет данных;NGN A-LINE 5W-30;V182575117;NGN A-LINE 5W-40;V182575120;ROWE HIGHTEC MULTI SYNT DPF 5W-30;20125-0040-99;ROWE HIGHTEC SYNT RSi 5W-40;20001-0040-99;TEBOIL Gold L 5W-30;2459465;TEBOIL Gold L 5W-40;3453956;G-Energy Synthetic Active 5W-30;253142405;G-Energy Synthetic Active 5W-40;253142406;Totachi NIRO LV SP/GF-5 5W-30;1G104;Totachi NIRO Optima PRO 5W-40;1C812
Mitsubishi;ASX;2013;2016;1.6 (4A92);Бензин;NGN PROFI A-LINE 5W-30;V272085301;NGN GOLD A-LINE 5W-40;V272085302;API SM/SN / ACEA A3/B4;4.2;W 610/3;нет данных;нет данных;C 27 003/1;нет данных;нет данных;CU 2141;нет данных;нет данных;Заполнено агентом;нет данных;нет данных;нет данных;нет данных;нет данных;нет данных;нет данных;нет данных;NGN A-LINE 5W-30;V182575117;NGN A-LINE 5W-40;V182575120;ROWE HIGHTEC MULTI SYNT DPF 5W-30;20125-0040-99;ROWE HIGHTEC SYNT RSi 5W-40;20001-0040-99;TEBOIL Gold L 5W-30;2459465;TEBOIL Gold L 5W-40;3453956;G-Energy Synthetic Active 5W-30;253142405;G-Energy Synthetic Active 5W-40;253142406;Totachi NIRO LV SP/GF-5 5W-30;1G104;Totachi NIRO Optima PRO 5W-40;1C812
Mitsubishi;ASX;2013;2016;1.8 (4B10) / 2.0 (4B11);Бензин;NGN PROFI A-LINE 5W-30;V272085301;NGN GOLD A-LINE 5W-40;V272085302;API SM/SN / ACEA A3/B4;4.3;W 610/3;нет данных;нет данных;C 27 003/1;нет данных;нет данных;CU 2141;нет данных;нет данных;Заполнено агентом;нет данных;нет данных;нет данных;нет данных;нет данных;нет данных;нет данных;нет данных;NGN A-LINE 5W-30;V182575117;NGN A-LINE 5W-40;V182575120;ROWE HIGHTEC MULTI SYNT DPF 5W-30;20125-0040-99;ROWE HIGHTEC SYNT RSi 5W-40;20001-0040-99;TEBOIL Gold L 5W-30;2459465;TEBOIL Gold L 5W-40;3453956;G-Energy Synthetic Active 5W-30;253142405;G-Energy Synthetic Active 5W-40;253142406;Totachi NIRO LV SP/GF-5 5W-30;1G104;Totachi NIRO Optima PRO 5W-40;1C812
Mitsubishi;Pajero;2007;2014;3.0 (6G72);Бензин;NGN PROFI A-LINE 5W-30;V272085301;NGN GOLD A-LINE 5W-40;V272085302;API SM/SN / ACEA A3/B4;5.0;W 610/3;нет данных;нет данных;C 24 137/1;нет данных;нет данных;CU 22 004;нет данных;нет данных;Заполнено агентом;нет данных;нет данных;нет данных;нет данных;нет данных;нет данных;нет данных;нет данных;NGN A-LINE 5W-30;V182575117;NGN A-LINE 5W-40;V182575120;ROWE HIGHTEC MULTI SYNT DPF 5W-30;20125-0040-99;ROWE HIGHTEC SYNT RSi 5W-40;20001-0040-99;TEBOIL Gold L 5W-30;2459465;TEBOIL Gold L 5W-40;3453956;G-Energy Synthetic Active 5W-30;253142405;G-Energy Synthetic Active 5W-40;253142406;Totachi NIRO LV SP/GF-5 5W-30;1G104;Totachi NIRO Optima PRO 5W-40;1C812
Mitsubishi;Pajero;2007;2014;3.8 (6G75);Бензин;NGN PROFI A-LINE 5W-30;V272085301;NGN GOLD A-LINE 5W-40;V272085302;API SM/SN / ACEA A3/B3;5.5;W 610/3;нет данных;нет данных;C 24 137/1;нет данных;нет данных;CU 22 004;нет данных;нет данных;Заполнено агентом;нет данных;нет данных;нет данных;нет данных;нет данных;нет данных;нет данных;нет данных;NGN A-LINE 5W-30;V182575117;NGN A-LINE 5W-40;V182575120;ROWE HIGHTEC MULTI SYNT DPF 5W-30;20125-0040-99;ROWE HIGHTEC SYNT RSi 5W-40;20001-0040-99;TEBOIL Gold L 5W-30;2459465;TEBOIL Gold L 5W-40;3453956;G-Energy Synthetic Active 5W-30;253142405;G-Energy Synthetic Active 5W-40;253142406;Totachi NIRO LV SP/GF-5 5W-30;1G104;Totachi NIRO Optima PRO 5W-40;1C812
Mitsubishi;Pajero;2007;2014;3.2 DI-D;Дизель;NGN PROFI A-LINE 5W-30;V272085301;NGN GOLD A-LINE 5W-40;V272085302;ACEA C3 (DPF) / B4 (no DPF);9.8;W 712/52;нет данных;нет данных;C 24 137/1;нет данных;нет данных;CU 22 004;нет данных;нет данных;Заполнено агентом;нет данных;нет данных;нет данных;нет данных;нет данных;нет данных;нет данных;нет данных;NGN A-LINE 5W-30;V182575117;NGN A-LINE 5W-40;V182575120;ROWE HIGHTEC MULTI SYNT DPF 5W-30;20125-0040-99;ROWE HIGHTEC SYNT RSi 5W-40;20001-0040-99;TEBOIL Gold L 5W-30;2459465;TEBOIL Gold L 5W-40;3453956;G-Energy Synthetic Active 5W-30;253142405;G-Energy Synthetic Active 5W-40;253142406;Totachi NIRO LV SP/GF-5 5W-30;1G104;Totachi NIRO Optima PRO 5W-40;1C812
Mitsubishi;Outlander;2006;2012;2.0 (4B11) / 3.0 (6B31);Бензин;NGN PROFI A-LINE 5W-30;V272085301;NGN GOLD A-LINE 5W-40;V272085302;API SM/SN / ACEA A3/B4;4.7;W 610/3;нет данных;нет данных;C 27 003/1;нет данных;нет данных;CU 2141;нет данных;нет данных;Заполнено агентом;нет данных;нет данных;нет данных;нет данных;нет данных;нет данных;нет данных;нет данных;NGN A-LINE 5W-30;V182575117;NGN A-LINE 5W-40;V182575120;ROWE HIGHTEC MULTI SYNT DPF 5W-30;20125-0040-99;ROWE HIGHTEC SYNT RSi 5W-40;20001-0040-99;TEBOIL Gold L 5W-30;2459465;TEBOIL Gold L 5W-40;3453956;G-Energy Synthetic Active 5W-30;253142405;G-Energy Synthetic Active 5W-40;253142406;Totachi NIRO LV SP/GF-5 5W-30;1G104;Totachi NIRO Optima PRO 5W-40;1C812
Mitsubishi;Outlander;2006;2012;2.4 (4B12);Бензин;NGN PROFI A-LINE 5W-30;V272085301;NGN GOLD A-LINE 5W-40;V272085302;API SM/SN / ACEA A3/B4;4.5;W 610/3;нет данных;нет данных;C 27 003/1;нет данных;нет данных;CU 2141;нет данных;нет данных;Заполнено агентом;нет данных;нет данных;нет данных;нет данных;нет данных;нет данных;нет данных;нет данных;NGN A-LINE 5W-30;V182575117;NGN A-LINE 5W-40;V182575120;ROWE HIGHTEC MULTI SYNT DPF 5W-30;20125-0040-99;ROWE HIGHTEC SYNT RSi 5W-40;20001-0040-99;TEBOIL Gold L 5W-30;2459465;TEBOIL Gold L 5W-40;3453956;G-Energy Synthetic Active 5W-30;253142405;G-Energy Synthetic Active 5W-40;253142406;Totachi NIRO LV SP/GF-5 5W-30;1G104;Totachi NIRO Optima PRO 5W-40;1C812
Nissan;Pathfinder;2011;2014;2.5 dCi;Дизель;NGN PROFI A-LINE 5W-30;V272085301;NGN GOLD A-LINE 5W-40;V272085302;ACEA C3 / API SN;6.5;W 920/48;нет данных;нет данных;C 28 145;нет данных;нет данных;CU 2626;нет данных;нет данных;Заполнено агентом;нет данных;нет данных;нет данных;нет данных;нет данных;нет данных;нет данных;нет данных;NGN A-LINE 5W-30;V182575117;NGN A-LINE 5W-40;V182575120;ROWE HIGHTEC MULTI SYNT DPF 5W-30;20125-0040-99;ROWE HIGHTEC SYNT RSi 5W-40;20001-0040-99;TEBOIL Gold L 5W-30;2459465;TEBOIL Gold L 5W-40;3453956;G-Energy Synthetic Active 5W-30;253142405;G-Energy Synthetic Active 5W-40;253142406;Totachi NIRO LV SP/GF-5 5W-30;1G104;Totachi NIRO Optima PRO 5W-40;1C812
Nissan;Pathfinder;2011;2014;3.0 dCi (V9X);Дизель;NGN PROFI A-LINE 5W-30;V272085301;NGN GOLD A-LINE 5W-40;V272085302;ACEA C4 / RN0720;7.1;W 8013;нет данных;нет данных;C 28 145;нет данных;нет данных;CU 2626;нет данных;нет данных;Заполнено агентом;нет данных;нет данных;нет данных;нет данных;нет данных;нет данных;нет данных;нет данных;NGN A-LINE 5W-30;V182575117;NGN A-LINE 5W-40;V182575120;ROWE HIGHTEC MULTI SYNT DPF 5W-30;20125-0040-99;ROWE HIGHTEC SYNT RSi 5W-40;20001-0040-99;TEBOIL Gold L 5W-30;2459465;TEBOIL Gold L 5W-40;3453956;G-Energy Synthetic Active 5W-30;253142405;G-Energy Synthetic Active 5W-40;253142406;Totachi NIRO LV SP/GF-5 5W-30;1G104;Totachi NIRO Optima PRO 5W-40;1C812
Nissan;Teana;2014;2016;2.5 (QR25DE);Бензин;NGN PROFI A-LINE 5W-30;V272085301;NGN GOLD A-LINE 5W-40;V272085302;API SN / ACEA A3/B4;4.6;W 67/1;нет данных;нет данных;C 29 038;нет данных;нет данных;CUK 29 001;нет данных;нет данных;Заполнено агентом;нет данных;нет данных;нет данных;нет данных;нет данных;нет данных;нет данных;нет данных;NGN A-LINE 5W-30;V182575117;NGN A-LINE 5W-40;V182575120;ROWE HIGHTEC MULTI SYNT DPF 5W-30;20125-0040-99;ROWE HIGHTEC SYNT RSi 5W-40;20001-0040-99;TEBOIL Gold L 5W-30;2459465;TEBOIL Gold L 5W-40;3453956;G-Energy Synthetic Active 5W-30;253142405;G-Energy Synthetic Active 5W-40;253142406;Totachi NIRO LV SP/GF-5 5W-30;1G104;Totachi NIRO Optima PRO 5W-40;1C812
Nissan;Teana;2014;2016;3.5 (VQ35DE);Бензин;NGN PROFI A-LINE 5W-30;V272085301;NGN GOLD A-LINE 5W-40;V272085302;API SN / ACEA A3/B4;5.2;W 67/1;нет данных;нет данных;C 29 038;нет данных;нет данных;CUK 29 001;нет данных;нет данных;Заполнено агентом;нет данных;нет данных;нет данных;нет данных;нет данных;нет данных;нет данных;нет данных;NGN A-LINE 5W-30;V182575117;NGN A-LINE 5W-40;V182575120;ROWE HIGHTEC MULTI SYNT DPF 5W-30;20125-0040-99;ROWE HIGHTEC SYNT RSi 5W-40;20001-0040-99;TEBOIL Gold L 5W-30;2459465;TEBOIL Gold L 5W-40;3453956;G-Energy Synthetic Active 5W-30;253142405;G-Energy Synthetic Active 5W-40;253142406;Totachi NIRO LV SP/GF-5 5W-30;1G104;Totachi NIRO Optima PRO 5W-40;1C812
Nissan;Almera;2006;2012;1.6 Classic (QG16DE);Бензин;NGN PROFI A-LINE 5W-30;V272085301;NGN GOLD A-LINE 5W-40;V272085302;API SL/SM;3.2;W 67/1;нет данных;нет данных;C 2964;нет данных;нет данных;CU 2252;нет данных;нет данных;Заполнено агентом;нет данных;нет данных;нет данных;нет данных;нет данных;нет данных;нет данных;нет данных;NGN A-LINE 5W-30;V182575117;NGN A-LINE 5W-40;V182575120;ROWE HIGHTEC MULTI SYNT DPF 5W-30;20125-0040-99;ROWE HIGHTEC SYNT RSi 5W-40;20001-0040-99;TEBOIL Gold L 5W-30;2459465;TEBOIL Gold L 5W-40;3453956;G-Energy Synthetic Active 5W-30;253142405;G-Energy Synthetic Active 5W-40;253142406;Totachi NIRO LV SP/GF-5 5W-30;1G104;Totachi NIRO Optima PRO 5W-40;1C812
Nissan;Terrano;2017;2022;1.6 (H4M);Бензин;NGN PROFI A-LINE 5W-30;V272085301;NGN GOLD A-LINE 5W-40;V272085302;RN 0700 / ACEA A3/B4;4.3;W 67/1;нет данных;нет данных;C 27 030;нет данных;нет данных;CU 22 011;нет данных;нет данных;Заполнено агентом;нет данных;нет данных;нет данных;нет данных;нет данных;15208-65F0A;нет данных;нет данных;NGN A-LINE 5W-30;V182575117;NGN A-LINE 5W-40;V182575120;ROWE HIGHTEC MULTI SYNT DPF 5W-30;20125-0040-99;ROWE HIGHTEC SYNT RSi 5W-40;20001-0040-99;TEBOIL Gold L 5W-30;2459465;TEBOIL Gold L 5W-40;3453956;G-Energy Synthetic Active 5W-30;253142405;G-Energy Synthetic Active 5W-40;253142406;Totachi NIRO LV SP/GF-5 5W-30;1G104;Totachi NIRO Optima PRO 5W-40;1C812
Nissan;Terrano;2017;2022;2.0 (F4R);Бензин;NGN PROFI A-LINE 5W-30;V272085301;NGN GOLD A-LINE 5W-40;V272085302;RN 0700 / ACEA A3/B4;4.5;W 75/3;нет данных;нет данных;C 27 030;нет данных;нет данных;CU 22 011;нет данных;нет данных;Заполнено агентом;нет данных;нет данных;нет данных;нет данных;нет данных;нет данных;нет данных;нет данных;NGN A-LINE 5W-30;V182575117;NGN A-LINE 5W-40;V182575120;ROWE HIGHTEC MULTI SYNT DPF 5W-30;20125-0040-99;ROWE HIGHTEC SYNT RSi 5W-40;20001-0040-99;TEBOIL Gold L 5W-30;2459465;TEBOIL Gold L 5W-40;3453956;G-Energy Synthetic Active 5W-30;253142405;G-Energy Synthetic Active 5W-40;253142406;Totachi NIRO LV SP/GF-5 5W-30;1G104;Totachi NIRO Optima PRO 5W-40;1C812
Opel;Astra;2006;2010;1.4 (Z14XEP);Бензин;NGN PROFI A-LINE 5W-30;V272085301;NGN GOLD A-LINE 5W-40;V272085302;GM Dexos 2;4.2;HU 712/8 x;нет данных;нет данных;C 30 130;нет данных;нет данных;CU 3054;нет данных;нет данных;Заполнено агентом;нет данных;нет данных;нет данных;нет данных;нет данных;нет данных;нет данных;нет данных;NGN A-LINE 5W-30;V182575117;NGN A-LINE 5W-40;V182575120;ROWE HIGHTEC MULTI SYNT DPF 5W-30;20125-0040-99;ROWE HIGHTEC SYNT RSi 5W-40;20001-0040-99;TEBOIL Gold L 5W-30;2459465;TEBOIL Gold L 5W-40;3453956;G-Energy Synthetic Active 5W-30;253142405;G-Energy Synthetic Active 5W-40;253142406;Totachi NIRO LV SP/GF-5 5W-30;1G104;Totachi NIRO Optima PRO 5W-40;1C812
Opel;Astra;2006;2010;1.6 (Z16XER) / 1.8 (Z18XER);Бензин;NGN PROFI A-LINE 5W-30;V272085301;NGN GOLD A-LINE 5W-40;V272085302;GM Dexos 2;4.5;HU 612/2 x;нет данных;нет данных;C 30 130;нет данных;нет данных;CU 3054;нет данных;нет данных;Заполнено агентом;нет данных;нет данных;нет данных;нет данных;нет данных;нет данных;нет данных;нет данных;NGN A-LINE 5W-30;V182575117;NGN A-LINE 5W-40;V182575120;ROWE HIGHTEC MULTI SYNT DPF 5W-30;20125-0040-99;ROWE HIGHTEC SYNT RSi 5W-40;20001-0040-99;TEBOIL Gold L 5W-30;2459465;TEBOIL Gold L 5W-40;3453956;G-Energy Synthetic Active 5W-30;253142405;G-Energy Synthetic Active 5W-40;253142406;Totachi NIRO LV SP/GF-5 5W-30;1G104;Totachi NIRO Optima PRO 5W-40;1C812
Opel;Mokka;2013;2015;1.4 Turbo (A14NET);Бензин;NGN PROFI A-LINE 5W-30;V272085301;NGN GOLD A-LINE 5W-40;V272085302;GM Dexos 2;4.2;HU 612/2 x;нет данных;нет данных;C 24 012;нет данных;нет данных;CUK 2442;нет данных;нет данных;Заполнено агентом;нет данных;нет данных;нет данных;нет данных;нет данных;нет данных;нет данных;нет данных;NGN A-LINE 5W-30;V182575117;NGN A-LINE 5W-40;V182575120;ROWE HIGHTEC MULTI SYNT DPF 5W-30;20125-0040-99;ROWE HIGHTEC SYNT RSi 5W-40;20001-0040-99;TEBOIL Gold L 5W-30;2459465;TEBOIL Gold L 5W-40;3453956;G-Energy Synthetic Active 5W-30;253142405;G-Energy Synthetic Active 5W-40;253142406;Totachi NIRO LV SP/GF-5 5W-30;1G104;Totachi NIRO Optima PRO 5W-40;1C812
Opel;Mokka;2013;2015;1.8 (A18XER);Бензин;NGN PROFI A-LINE 5W-30;V272085301;NGN GOLD A-LINE 5W-40;V272085302;GM Dexos 2;4.2;HU 612/2 x;нет данных;нет данных;C 24 012;нет данных;нет данных;CUK 2442;нет данных;нет данных;Заполнено агентом;нет данных;нет данных;нет данных;нет данных;нет данных;нет данных;нет данных;нет данных;NGN A-LINE 5W-30;V182575117;NGN A-LINE 5W-40;V182575120;ROWE HIGHTEC MULTI SYNT DPF 5W-30;20125-0040-99;ROWE HIGHTEC SYNT RSi 5W-40;20001-0040-99;TEBOIL Gold L 5W-30;2459465;TEBOIL Gold L 5W-40;3453956;G-Energy Synthetic Active 5W-30;253142405;G-Energy Synthetic Active 5W-40;253142406;Totachi NIRO LV SP/GF-5 5W-30;1G104;Totachi NIRO Optima PRO 5W-40;1C812
Opel;Astra H;2007;2011;1.6 (Z16XER) / 1.8 (Z18XER);Бензин;NGN PROFI A-LINE 5W-30;V272085301;NGN GOLD A-LINE 5W-40;V272085302;GM Dexos 2;4.5;HU 612/2 x;нет данных;нет данных;C 30 130;нет данных;нет данных;CU 3054;нет данных;нет данных;Заполнено агентом;нет данных;нет данных;нет данных;нет данных;нет данных;нет данных;нет данных;нет данных;NGN A-LINE 5W-30;V182575117;NGN A-LINE 5W-40;V182575120;ROWE HIGHTEC MULTI SYNT DPF 5W-30;20125-0040-99;ROWE HIGHTEC SYNT RSi 5W-40;20001-0040-99;TEBOIL Gold L 5W-30;2459465;TEBOIL Gold L 5W-40;3453956;G-Energy Synthetic Active 5W-30;253142405;G-Energy Synthetic Active 5W-40;253142406;Totachi NIRO LV SP/GF-5 5W-30;1G104;Totachi NIRO Optima PRO 5W-40;1C812
Opel;Zafira;2009;2011;1.8 (Z18XER);Бензин;NGN PROFI A-LINE 5W-30;V272085301;NGN GOLD A-LINE 5W-40;V272085302;GM Dexos 2;4.5;HU 612/2 x;нет данных;нет данных;C 30 130;нет данных;нет данных;CU 3054;нет данных;нет данных;Заполнено агентом;нет данных;нет данных;нет данных;нет данных;нет данных;нет данных;нет данных;нет данных;NGN A-LINE 5W-30;V182575117;NGN A-LINE 5W-40;V182575120;ROWE HIGHTEC MULTI SYNT DPF 5W-30;20125-0040-99;ROWE HIGHTEC SYNT RSi 5W-40;20001-0040-99;TEBOIL Gold L 5W-30;2459465;TEBOIL Gold L 5W-40;3453956;G-Energy Synthetic Active 5W-30;253142405;G-Energy Synthetic Active 5W-40;253142406;Totachi NIRO LV SP/GF-5 5W-30;1G104;Totachi NIRO Optima PRO 5W-40;1C812
Omoda;C5;2022;2024;1.5 Turbo;Бензин;NGN PROFI A-LINE 5W-30;V272085301;NGN GOLD A-LINE 5W-40;V272085302;API SP / SN Plus;4.2;W 711/80;нет данных;нет данных;C 27089;нет данных;нет данных;CUK 25040;нет данных;нет данных;Заполнено агентом;нет данных;нет данных;нет данных;нет данных;нет данных;нет данных;нет данных;нет данных;NGN A-LINE 5W-30;V182575117;NGN A-LINE 5W-40;V182575120;ROWE HIGHTEC MULTI SYNT DPF 5W-30;20125-0040-99;ROWE HIGHTEC SYNT RSi 5W-40;20001-0040-99;TEBOIL Gold L 5W-30;2459465;TEBOIL Gold L 5W-40;3453956;G-Energy Synthetic Active 5W-30;253142405;G-Energy Synthetic Active 5W-40;253142406;Totachi NIRO LV SP/GF-5 5W-30;1G104;Totachi NIRO Optima PRO 5W-40;1C812
Peugeot;4008;2012;2017;2.0 (4B11);Бензин;NGN PROFI A-LINE 5W-30;V272085301;NGN GOLD A-LINE 5W-40;V272085302;API SM/SN / ACEA A3/B4;4.3;W 610/3;нет данных;нет данных;C 27 003/1;нет данных;нет данных;CU 2141;нет данных;нет данных;Заполнено агентом;нет данных;нет данных;нет данных;нет данных;нет данных;нет данных;нет данных;нет данных;NGN A-LINE 5W-30;V182575117;NGN A-LINE 5W-40;V182575120;ROWE HIGHTEC MULTI SYNT DPF 5W-30;20125-0040-99;ROWE HIGHTEC SYNT RSi 5W-40;20001-0040-99;TEBOIL Gold L 5W-30;2459465;TEBOIL Gold L 5W-40;3453956;G-Energy Synthetic Active 5W-30;253142405;G-Energy Synthetic Active 5W-40;253142406;Totachi NIRO LV SP/GF-5 5W-30;1G104;Totachi NIRO Optima PRO 5W-40;1C812
Peugeot;408;2013;2017;1.6 VTi (EP6);Бензин;NGN PROFI A-LINE 5W-30;V272085301;NGN GOLD A-LINE 5W-40;V272085302;PSA B71 2290;4.25;HU 711/51 x;нет данных;нет данных;C 36 002;нет данных;нет данных;CU 29 003-2;нет данных;нет данных;Заполнено агентом;нет данных;нет данных;нет данных;нет данных;нет данных;нет данных;нет данных;нет данных;NGN A-LINE 5W-30;V182575117;NGN A-LINE 5W-40;V182575120;ROWE HIGHTEC MULTI SYNT DPF 5W-30;20125-0040-99;ROWE HIGHTEC SYNT RSi 5W-40;20001-0040-99;TEBOIL Gold L 5W-30;2459465;TEBOIL Gold L 5W-40;3453956;G-Energy Synthetic Active 5W-30;253142405;G-Energy Synthetic Active 5W-40;253142406;Totachi NIRO LV SP/GF-5 5W-30;1G104;Totachi NIRO Optima PRO 5W-40;1C812
Peugeot;408;2013;2017;1.6 HDi (DV6);Дизель;NGN PROFI A-LINE 5W-30;V272085301;NGN GOLD A-LINE 5W-40;V272085302;PSA B71 2290;3.75;HU 716/2 x;нет данных;нет данных;C 36 002;нет данных;нет данных;CU 29 003-2;нет данных;нет данных;Заполнено агентом;нет данных;нет данных;нет данных;нет данных;нет данных;нет данных;нет данных;нет данных;NGN A-LINE 5W-30;V182575117;NGN A-LINE 5W-40;V182575120;ROWE HIGHTEC MULTI SYNT DPF 5W-30;20125-0040-99;ROWE HIGHTEC SYNT RSi 5W-40;20001-0040-99;TEBOIL Gold L 5W-30;2459465;TEBOIL Gold L 5W-40;3453956;G-Energy Synthetic Active 5W-30;253142405;G-Energy Synthetic Active 5W-40;253142406;Totachi NIRO LV SP/GF-5 5W-30;1G104;Totachi NIRO Optima PRO 5W-40;1C812
Land Rover;Range Rover;1997;2002;2.5D (BMW M51);дизель;NGN PROFI A-LINE 5W-30;V272085301;NGN GOLD A-LINE 5W-40;V272085302;ACEA A3/B4 / 10W-40;9.5;W 940/25;нет данных;нет данных;C 26 126;нет данных;нет данных;CU 2137;нет данных;нет данных;Заполнено агентом;нет данных;нет данных;нет данных;нет данных;нет данных;нет данных;нет данных;нет данных;NGN A-LINE 5W-30;V182575117;NGN A-LINE 5W-40;V182575120;ROWE HIGHTEC MULTI SYNT DPF 5W-30;20125-0040-99;ROWE HIGHTEC SYNT RSi 5W-40;20001-0040-99;TEBOIL Gold L 5W-30;2459465;TEBOIL Gold L 5W-40;3453956;G-Energy Synthetic Active 5W-30;253142405;G-Energy Synthetic Active 5W-40;253142406;Totachi NIRO LV SP/GF-5 5W-30;1G104;Totachi NIRO Optima PRO 5W-40;1C812
Land Rover;Range Rover;1997;2002;4.0 V8 / 4.6 V8;бензин;NGN PROFI A-LINE 5W-30;V272085301;NGN GOLD A-LINE 5W-40;V272085302;API SL / 10W-40;6.7;W 930/20;нет данных;нет данных;C 26 126;нет данных;нет данных;CU 2137;нет данных;нет данных;Заполнено агентом;нет данных;нет данных;нет данных;нет данных;нет данных;нет данных;нет данных;нет данных;NGN A-LINE 5W-30;V182575117;NGN A-LINE 5W-40;V182575120;ROWE HIGHTEC MULTI SYNT DPF 5W-30;20125-0040-99;ROWE HIGHTEC SYNT RSi 5W-40;20001-0040-99;TEBOIL Gold L 5W-30;2459465;TEBOIL Gold L 5W-40;3453956;G-Energy Synthetic Active 5W-30;253142405;G-Energy Synthetic Active 5W-40;253142406;Totachi NIRO LV SP/GF-5 5W-30;1G104;Totachi NIRO Optima PRO 5W-40;1C812
Renault;Sandero;2013;2020;1.2 16V (D4F);бензин;NGN PROFI A-LINE 5W-30;V272085301;NGN GOLD A-LINE 5W-40;V272085302;RN 0700/0710;3.5;W 75/3;нет данных;нет данных;C 27 008;нет данных;нет данных;CU 22 011;нет данных;нет данных;Заполнено агентом;нет данных;нет данных;нет данных;нет данных;нет данных;нет данных;нет данных;нет данных;NGN A-LINE 5W-30;V182575117;NGN A-LINE 5W-40;V182575120;ROWE HIGHTEC MULTI SYNT DPF 5W-30;20125-0040-99;ROWE HIGHTEC SYNT RSi 5W-40;20001-0040-99;TEBOIL Gold L 5W-30;2459465;TEBOIL Gold L 5W-40;3453956;G-Energy Synthetic Active 5W-30;253142405;G-Energy Synthetic Active 5W-40;253142406;Totachi NIRO LV SP/GF-5 5W-30;1G104;Totachi NIRO Optima PRO 5W-40;1C812
Renault;Sandero;2013;2020;1.6 8V (K7M);бензин;NGN PROFI A-LINE 5W-30;V272085301;NGN GOLD A-LINE 5W-40;V272085302;RN 0700/0710;3.5;W 75/3;нет данных;нет данных;C 27 008;нет данных;нет данных;CU 22 011;нет данных;нет данных;Заполнено агентом;нет данных;нет данных;нет данных;нет данных;нет данных;нет данных;нет данных;нет данных;NGN A-LINE 5W-30;V182575117;NGN A-LINE 5W-40;V182575120;ROWE HIGHTEC MULTI SYNT DPF 5W-30;20125-0040-99;ROWE HIGHTEC SYNT RSi 5W-40;20001-0040-99;TEBOIL Gold L 5W-30;2459465;TEBOIL Gold L 5W-40;3453956;G-Energy Synthetic Active 5W-30;253142405;G-Energy Synthetic Active 5W-40;253142406;Totachi NIRO LV SP/GF-5 5W-30;1G104;Totachi NIRO Optima PRO 5W-40;1C812
Renault;Sandero;2013;2020;1.6 16V (K4M);бензин;NGN PROFI A-LINE 5W-30;V272085301;NGN GOLD A-LINE 5W-40;V272085302;RN 0700/0710;3.5;W 75/3;нет данных;нет данных;C 27 008;нет данных;нет данных;CU 22 011;нет данных;нет данных;Заполнено агентом;нет данных;нет данных;нет данных;нет данных;нет данных;нет данных;нет данных;нет данных;NGN A-LINE 5W-30;V182575117;NGN A-LINE 5W-40;V182575120;ROWE HIGHTEC MULTI SYNT DPF 5W-30;20125-0040-99;ROWE HIGHTEC SYNT RSi 5W-40;20001-0040-99;TEBOIL Gold L 5W-30;2459465;TEBOIL Gold L 5W-40;3453956;G-Energy Synthetic Active 5W-30;253142405;G-Energy Synthetic Active 5W-40;253142406;Totachi NIRO LV SP/GF-5 5W-30;1G104;Totachi NIRO Optima PRO 5W-40;1C812
Renault;Arkana;2018;2024;1.6 (H4M);бензин;NGN PROFI A-LINE 5W-30;V272085301;NGN GOLD A-LINE 5W-40;V272085302;RN 0700;4.3;W 67/1;нет данных;нет данных;C 27 031;нет данных;нет данных;CU 22 011;нет данных;нет данных;Заполнено агентом;нет данных;нет данных;нет данных;нет данных;нет данных;нет данных;нет данных;нет данных;NGN A-LINE 5W-30;V182575117;NGN A-LINE 5W-40;V182575120;ROWE HIGHTEC MULTI SYNT DPF 5W-30;20125-0040-99;ROWE HIGHTEC SYNT RSi 5W-40;20001-0040-99;TEBOIL Gold L 5W-30;2459465;TEBOIL Gold L 5W-40;3453956;G-Energy Synthetic Active 5W-30;253142405;G-Energy Synthetic Active 5W-40;253142406;Totachi NIRO LV SP/GF-5 5W-30;1G104;Totachi NIRO Optima PRO 5W-40;1C812
Renault;Arkana;2018;2024;1.3 TCe;бензин;NGN PROFI A-LINE 5W-30;V272085301;NGN GOLD A-LINE 5W-40;V272085302;RN 17 / 5W-30;5.4;HU 10 002 z;нет данных;нет данных;C 27 031;нет данных;нет данных;CU 22 011;нет данных;нет данных;Заполнено агентом;нет данных;нет данных;нет данных;нет данных;нет данных;нет данных;нет данных;нет данных;NGN A-LINE 5W-30;V182575117;NGN A-LINE 5W-40;V182575120;ROWE HIGHTEC MULTI SYNT DPF 5W-30;20125-0040-99;ROWE HIGHTEC SYNT RSi 5W-40;20001-0040-99;TEBOIL Gold L 5W-30;2459465;TEBOIL Gold L 5W-40;3453956;G-Energy Synthetic Active 5W-30;253142405;G-Energy Synthetic Active 5W-40;253142406;Totachi NIRO LV SP/GF-5 5W-30;1G104;Totachi NIRO Optima PRO 5W-40;1C812
Renault;Logan;2010;2020;1.6 8V (K7M);бензин;NGN PROFI A-LINE 5W-30;V272085301;NGN GOLD A-LINE 5W-40;V272085302;RN 0700/0710;3.5;W 75/3;нет данных;нет данных;C 27 008;нет данных;нет данных;CU 1829;нет данных;нет данных;Заполнено агентом;нет данных;нет данных;нет данных;нет данных;нет данных;нет данных;нет данных;нет данных;NGN A-LINE 5W-30;V182575117;NGN A-LINE 5W-40;V182575120;ROWE HIGHTEC MULTI SYNT DPF 5W-30;20125-0040-99;ROWE HIGHTEC SYNT RSi 5W-40;20001-0040-99;TEBOIL Gold L 5W-30;2459465;TEBOIL Gold L 5W-40;3453956;G-Energy Synthetic Active 5W-30;253142405;G-Energy Synthetic Active 5W-40;253142406;Totachi NIRO LV SP/GF-5 5W-30;1G104;Totachi NIRO Optima PRO 5W-40;1C812
Renault;Logan;2010;2020;1.6 16V (K4M);бензин;NGN PROFI A-LINE 5W-30;V272085301;NGN GOLD A-LINE 5W-40;V272085302;RN 0700/0710;3.5;W 75/3;нет данных;нет данных;C 27 008;нет данных;нет данных;CU 1829;нет данных;нет данных;Заполнено агентом;нет данных;нет данных;нет данных;нет данных;нет данных;нет данных;нет данных;нет данных;NGN A-LINE 5W-30;V182575117;NGN A-LINE 5W-40;V182575120;ROWE HIGHTEC MULTI SYNT DPF 5W-30;20125-0040-99;ROWE HIGHTEC SYNT RSi 5W-40;20001-0040-99;TEBOIL Gold L 5W-30;2459465;TEBOIL Gold L 5W-40;3453956;G-Energy Synthetic Active 5W-30;253142405;G-Energy Synthetic Active 5W-40;253142406;Totachi NIRO LV SP/GF-5 5W-30;1G104;Totachi NIRO Optima PRO 5W-40;1C812
Renault;Fluence;2014;2017;1.6 (K4M);бензин;NGN PROFI A-LINE 5W-30;V272085301;NGN GOLD A-LINE 5W-40;V272085302;RN 0700/0710;4.5;W 75/3;нет данных;нет данных;C 24 38;нет данных;нет данных;CU 2430;нет данных;нет данных;Заполнено агентом;нет данных;нет данных;нет данных;нет данных;нет данных;нет данных;нет данных;нет данных;NGN A-LINE 5W-30;V182575117;NGN A-LINE 5W-40;V182575120;ROWE HIGHTEC MULTI SYNT DPF 5W-30;20125-0040-99;ROWE HIGHTEC SYNT RSi 5W-40;20001-0040-99;TEBOIL Gold L 5W-30;2459465;TEBOIL Gold L 5W-40;3453956;G-Energy Synthetic Active 5W-30;253142405;G-Energy Synthetic Active 5W-40;253142406;Totachi NIRO LV SP/GF-5 5W-30;1G104;Totachi NIRO Optima PRO 5W-40;1C812
Renault;Fluence;2014;2017;2.0 (M4R);бензин;NGN PROFI A-LINE 5W-30;V272085301;NGN GOLD A-LINE 5W-40;V272085302;RN 0700/0710;4.5;W 6025;нет данных;нет данных;C 24 38;нет данных;нет данных;CU 2430;нет данных;нет данных;Заполнено агентом;нет данных;нет данных;нет данных;нет данных;нет данных;нет данных;нет данных;нет данных;NGN A-LINE 5W-30;V182575117;NGN A-LINE 5W-40;V182575120;ROWE HIGHTEC MULTI SYNT DPF 5W-30;20125-0040-99;ROWE HIGHTEC SYNT RSi 5W-40;20001-0040-99;TEBOIL Gold L 5W-30;2459465;TEBOIL Gold L 5W-40;3453956;G-Energy Synthetic Active 5W-30;253142405;G-Energy Synthetic Active 5W-40;253142406;Totachi NIRO LV SP/GF-5 5W-30;1G104;Totachi NIRO Optima PRO 5W-40;1C812
Renault;Kaptur;2017;2020;1.6 (H4M);бензин;NGN PROFI A-LINE 5W-30;V272085301;NGN GOLD A-LINE 5W-40;V272085302;RN 0700;4.5;W 67/1;нет данных;нет данных;C 27 031;нет данных;нет данных;CU 22 011;нет данных;нет данных;Заполнено агентом;нет данных;нет данных;нет данных;нет данных;нет данных;нет данных;нет данных;нет данных;NGN A-LINE 5W-30;V182575117;NGN A-LINE 5W-40;V182575120;ROWE HIGHTEC MULTI SYNT DPF 5W-30;20125-0040-99;ROWE HIGHTEC SYNT RSi 5W-40;20001-0040-99;TEBOIL Gold L 5W-30;2459465;TEBOIL Gold L 5W-40;3453956;G-Energy Synthetic Active 5W-30;253142405;G-Energy Synthetic Active 5W-40;253142406;Totachi NIRO LV SP/GF-5 5W-30;1G104;Totachi NIRO Optima PRO 5W-40;1C812
Renault;Kaptur;2017;2020;2.0 (F4R);бензин;NGN PROFI A-LINE 5W-30;V272085301;NGN GOLD A-LINE 5W-40;V272085302;RN 0700/0710;4.5;W 75/3;нет данных;нет данных;C 27 031;нет данных;нет данных;CU 22 011;нет данных;нет данных;Заполнено агентом;нет данных;нет данных;нет данных;нет данных;нет данных;нет данных;нет данных;нет данных;NGN A-LINE 5W-30;V182575117;NGN A-LINE 5W-40;V182575120;ROWE HIGHTEC MULTI SYNT DPF 5W-30;20125-0040-99;ROWE HIGHTEC SYNT RSi 5W-40;20001-0040-99;TEBOIL Gold L 5W-30;2459465;TEBOIL Gold L 5W-40;3453956;G-Energy Synthetic Active 5W-30;253142405;G-Energy Synthetic Active 5W-40;253142406;Totachi NIRO LV SP/GF-5 5W-30;1G104;Totachi NIRO Optima PRO 5W-40;1C812
Skoda;Rapid;2018;2020;1.6 MPI (CWVA);бензин;NGN PROFI A-LINE 5W-30;V272085301;NGN GOLD A-LINE 5W-40;V272085302;VW 502 00;4.2;W 712/95;нет данных;нет данных;C 21 003;нет данных;нет данных;CU 26 010;нет данных;нет данных;Заполнено агентом;нет данных;нет данных;нет данных;нет данных;нет данных;нет данных;нет данных;нет данных;NGN A-LINE 5W-30;V182575117;NGN A-LINE 5W-40;V182575120;ROWE HIGHTEC MULTI SYNT DPF 5W-30;20125-0040-99;ROWE HIGHTEC SYNT RSi 5W-40;20001-0040-99;TEBOIL Gold L 5W-30;2459465;TEBOIL Gold L 5W-40;3453956;G-Energy Synthetic Active 5W-30;253142405;G-Energy Synthetic Active 5W-40;253142406;Totachi NIRO LV SP/GF-5 5W-30;1G104;Totachi NIRO Optima PRO 5W-40;1C812
Skoda;Rapid;2018;2020;1.4 TSI (CZCA);бензин;NGN PROFI A-LINE 5W-30;V272085301;NGN GOLD A-LINE 5W-40;V272085302;VW 502 00;4.0;W 712/95;нет данных;нет данных;C 21 003;нет данных;нет данных;CU 26 010;нет данных;нет данных;Заполнено агентом;нет данных;нет данных;нет данных;нет данных;нет данных;нет данных;нет данных;нет данных;NGN A-LINE 5W-30;V182575117;NGN A-LINE 5W-40;V182575120;ROWE HIGHTEC MULTI SYNT DPF 5W-30;20125-0040-99;ROWE HIGHTEC SYNT RSi 5W-40;20001-0040-99;TEBOIL Gold L 5W-30;2459465;TEBOIL Gold L 5W-40;3453956;G-Energy Synthetic Active 5W-30;253142405;G-Energy Synthetic Active 5W-40;253142406;Totachi NIRO LV SP/GF-5 5W-30;1G104;Totachi NIRO Optima PRO 5W-40;1C812
Skoda;Roomster;2008;2015;1.2 TSI;бензин;NGN PROFI A-LINE 5W-30;V272085301;NGN GOLD A-LINE 5W-40;V272085302;VW 502 00;3.9;W 712/94;нет данных;нет данных;C 35 154;нет данных;нет данных;CUK 2939;нет данных;нет данных;Заполнено агентом;нет данных;нет данных;нет данных;нет данных;нет данных;нет данных;нет данных;нет данных;NGN A-LINE 5W-30;V182575117;NGN A-LINE 5W-40;V182575120;ROWE HIGHTEC MULTI SYNT DPF 5W-30;20125-0040-99;ROWE HIGHTEC SYNT RSi 5W-40;20001-0040-99;TEBOIL Gold L 5W-30;2459465;TEBOIL Gold L 5W-40;3453956;G-Energy Synthetic Active 5W-30;253142405;G-Energy Synthetic Active 5W-40;253142406;Totachi NIRO LV SP/GF-5 5W-30;1G104;Totachi NIRO Optima PRO 5W-40;1C812
Skoda;Roomster;2008;2015;1.4 MPI;бензин;NGN PROFI A-LINE 5W-30;V272085301;NGN GOLD A-LINE 5W-40;V272085302;VW 502 00;3.2;W 712/94;нет данных;нет данных;C 35 154;нет данных;нет данных;CUK 2939;нет данных;нет данных;Заполнено агентом;нет данных;нет данных;нет данных;нет данных;нет данных;нет данных;нет данных;нет данных;NGN A-LINE 5W-30;V182575117;NGN A-LINE 5W-40;V182575120;ROWE HIGHTEC MULTI SYNT DPF 5W-30;20125-0040-99;ROWE HIGHTEC SYNT RSi 5W-40;20001-0040-99;TEBOIL Gold L 5W-30;2459465;TEBOIL Gold L 5W-40;3453956;G-Energy Synthetic Active 5W-30;253142405;G-Energy Synthetic Active 5W-40;253142406;Totachi NIRO LV SP/GF-5 5W-30;1G104;Totachi NIRO Optima PRO 5W-40;1C812
Skoda;Roomster;2008;2015;1.6 TDI;дизель;NGN PROFI A-LINE 5W-30;V272085301;NGN GOLD A-LINE 5W-40;V272085302;VW 507 00;4.3;HU 7008 z;нет данных;нет данных;C 35 154;нет данных;нет данных;CUK 2939;нет данных;нет данных;Заполнено агентом;нет данных;нет данных;нет данных;нет данных;нет данных;нет данных;нет данных;нет данных;NGN A-LINE 5W-30;V182575117;NGN A-LINE 5W-40;V182575120;ROWE HIGHTEC MULTI SYNT DPF 5W-30;20125-0040-99;ROWE HIGHTEC SYNT RSi 5W-40;20001-0040-99;TEBOIL Gold L 5W-30;2459465;TEBOIL Gold L 5W-40;3453956;G-Energy Synthetic Active 5W-30;253142405;G-Energy Synthetic Active 5W-40;253142406;Totachi NIRO LV SP/GF-5 5W-30;1G104;Totachi NIRO Optima PRO 5W-40;1C812
Skoda;Superb;2005;2013;1.8 TSI;бензин;NGN PROFI A-LINE 5W-30;V272085301;NGN GOLD A-LINE 5W-40;V272085302;VW 502 00 / 504 00;4.6;W 719/45;нет данных;нет данных;C 35 154;нет данных;нет данных;CUK 2939;нет данных;нет данных;Заполнено агентом;нет данных;нет данных;нет данных;нет данных;нет данных;нет данных;нет данных;нет данных;NGN A-LINE 5W-30;V182575117;NGN A-LINE 5W-40;V182575120;ROWE HIGHTEC MULTI SYNT DPF 5W-30;20125-0040-99;ROWE HIGHTEC SYNT RSi 5W-40;20001-0040-99;TEBOIL Gold L 5W-30;2459465;TEBOIL Gold L 5W-40;3453956;G-Energy Synthetic Active 5W-30;253142405;G-Energy Synthetic Active 5W-40;253142406;Totachi NIRO LV SP/GF-5 5W-30;1G104;Totachi NIRO Optima PRO 5W-40;1C812
Skoda;Superb;2005;2013;2.0 TDI;дизель;NGN PROFI A-LINE 5W-30;V272085301;NGN GOLD A-LINE 5W-40;V272085302;VW 507 00;4.3;HU 7008 z;нет данных;нет данных;C 35 154;нет данных;нет данных;CUK 2939;нет данных;нет данных;Заполнено агентом;нет данных;нет данных;нет данных;нет данных;нет данных;нет данных;нет данных;нет данных;NGN A-LINE 5W-30;V182575117;NGN A-LINE 5W-40;V182575120;ROWE HIGHTEC MULTI SYNT DPF 5W-30;20125-0040-99;ROWE HIGHTEC SYNT RSi 5W-40;20001-0040-99;TEBOIL Gold L 5W-30;2459465;TEBOIL Gold L 5W-40;3453956;G-Energy Synthetic Active 5W-30;253142405;G-Energy Synthetic Active 5W-40;253142406;Totachi NIRO LV SP/GF-5 5W-30;1G104;Totachi NIRO Optima PRO 5W-40;1C812
Skoda;Octavia;2012;2015;1.2 TSI / 1.4 TSI;бензин;NGN PROFI A-LINE 5W-30;V272085301;NGN GOLD A-LINE 5W-40;V272085302;VW 504 00 / 507 00;4.0;W 712/95;нет данных;нет данных;C 27 009;нет данных;нет данных;FP 26 009;нет данных;нет данных;Заполнено агентом;нет данных;нет данных;нет данных;нет данных;нет данных;нет данных;нет данных;нет данных;NGN A-LINE 5W-30;V182575117;NGN A-LINE 5W-40;V182575120;ROWE HIGHTEC MULTI SYNT DPF 5W-30;20125-0040-99;ROWE HIGHTEC SYNT RSi 5W-40;20001-0040-99;TEBOIL Gold L 5W-30;2459465;TEBOIL Gold L 5W-40;3453956;G-Energy Synthetic Active 5W-30;253142405;G-Energy Synthetic Active 5W-40;253142406;Totachi NIRO LV SP/GF-5 5W-30;1G104;Totachi NIRO Optima PRO 5W-40;1C812
Skoda;Octavia;2012;2015;1.6 MPI;бензин;NGN PROFI A-LINE 5W-30;V272085301;NGN GOLD A-LINE 5W-40;V272085302;VW 502 00;4.0;W 712/95;нет данных;нет данных;C 30 005;нет данных;нет данных;FP 26 009;нет данных;нет данных;Заполнено агентом;нет данных;нет данных;нет данных;нет данных;нет данных;нет данных;нет данных;нет данных;NGN A-LINE 5W-30;V182575117;NGN A-LINE 5W-40;V182575120;ROWE HIGHTEC MULTI SYNT DPF 5W-30;20125-0040-99;ROWE HIGHTEC SYNT RSi 5W-40;20001-0040-99;TEBOIL Gold L 5W-30;2459465;TEBOIL Gold L 5W-40;3453956;G-Energy Synthetic Active 5W-30;253142405;G-Energy Synthetic Active 5W-40;253142406;Totachi NIRO LV SP/GF-5 5W-30;1G104;Totachi NIRO Optima PRO 5W-40;1C812
Skoda;Octavia;2012;2015;1.8 TSI;бензин;NGN PROFI A-LINE 5W-30;V272085301;NGN GOLD A-LINE 5W-40;V272085302;VW 504 00 / 507 00;5.2;HU 6013 z;нет данных;нет данных;C 30 005;нет данных;нет данных;FP 26 009;нет данных;нет данных;Заполнено агентом;нет данных;нет данных;нет данных;нет данных;нет данных;нет данных;нет данных;нет данных;NGN A-LINE 5W-30;V182575117;NGN A-LINE 5W-40;V182575120;ROWE HIGHTEC MULTI SYNT DPF 5W-30;20125-0040-99;ROWE HIGHTEC SYNT RSi 5W-40;20001-0040-99;TEBOIL Gold L 5W-30;2459465;TEBOIL Gold L 5W-40;3453956;G-Energy Synthetic Active 5W-30;253142405;G-Energy Synthetic Active 5W-40;253142406;Totachi NIRO LV SP/GF-5 5W-30;1G104;Totachi NIRO Optima PRO 5W-40;1C812
Subaru;Forester;2013;2016;2.0 (FB20) / 2.5 (FB25);бензин;NGN PROFI A-LINE 5W-30;V272085301;NGN GOLD A-LINE 5W-40;V272085302;API SN / 0W-20;4.8;W 6019;нет данных;нет данных;C 25 008;нет данных;нет данных;CU 22 004;нет данных;нет данных;Заполнено агентом;нет данных;нет данных;нет данных;нет данных;нет данных;нет данных;нет данных;нет данных;NGN A-LINE 5W-30;V182575117;NGN A-LINE 5W-40;V182575120;ROWE HIGHTEC MULTI SYNT DPF 5W-30;20125-0040-99;ROWE HIGHTEC SYNT RSi 5W-40;20001-0040-99;TEBOIL Gold L 5W-30;2459465;TEBOIL Gold L 5W-40;3453956;G-Energy Synthetic Active 5W-30;253142405;G-Energy Synthetic Active 5W-40;253142406;Totachi NIRO LV SP/GF-5 5W-30;1G104;Totachi NIRO Optima PRO 5W-40;1C812
Subaru;Impreza;2017;2020;1.6 (FB16);бензин;NGN PROFI A-LINE 5W-30;V272085301;NGN GOLD A-LINE 5W-40;V272085302;API SN / 0W-20;4.8;W 6019;нет данных;нет данных;C 22 009;нет данных;нет данных;CU 22 004;нет данных;нет данных;Заполнено агентом;нет данных;нет данных;нет данных;нет данных;нет данных;нет данных;нет данных;нет данных;NGN A-LINE 5W-30;V182575117;NGN A-LINE 5W-40;V182575120;ROWE HIGHTEC MULTI SYNT DPF 5W-30;20125-0040-99;ROWE HIGHTEC SYNT RSi 5W-40;20001-0040-99;TEBOIL Gold L 5W-30;2459465;TEBOIL Gold L 5W-40;3453956;G-Energy Synthetic Active 5W-30;253142405;G-Energy Synthetic Active 5W-40;253142406;Totachi NIRO LV SP/GF-5 5W-30;1G104;Totachi NIRO Optima PRO 5W-40;1C812
Subaru;Impreza;2017;2020;2.0 (FB20);бензин;NGN PROFI A-LINE 5W-30;V272085301;NGN GOLD A-LINE 5W-40;V272085302;API SN / 0W-20;4.4;W 6019;нет данных;нет данных;C 22 009;нет данных;нет данных;CU 22 004;нет данных;нет данных;Заполнено агентом;нет данных;нет данных;нет данных;нет данных;нет данных;нет данных;нет данных;нет данных;NGN A-LINE 5W-30;V182575117;NGN A-LINE 5W-40;V182575120;ROWE HIGHTEC MULTI SYNT DPF 5W-30;20125-0040-99;ROWE HIGHTEC SYNT RSi 5W-40;20001-0040-99;TEBOIL Gold L 5W-30;2459465;TEBOIL Gold L 5W-40;3453956;G-Energy Synthetic Active 5W-30;253142405;G-Energy Synthetic Active 5W-40;253142406;Totachi NIRO LV SP/GF-5 5W-30;1G104;Totachi NIRO Optima PRO 5W-40;1C812
Suzuki;Liana;2007;2008;1.3 (M13A);бензин;NGN PROFI A-LINE 5W-30;V272085301;NGN GOLD A-LINE 5W-40;V272085302;API SN / ACEA A3/B4;4.1;W 610/1;нет данных;нет данных;C 24 019;нет данных;нет данных;CU 2027;нет данных;нет данных;Заполнено агентом;нет данных;нет данных;нет данных;нет данных;нет данных;нет данных;нет данных;нет данных;NGN A-LINE 5W-30;V182575117;NGN A-LINE 5W-40;V182575120;ROWE HIGHTEC MULTI SYNT DPF 5W-30;20125-0040-99;ROWE HIGHTEC SYNT RSi 5W-40;20001-0040-99;TEBOIL Gold L 5W-30;2459465;TEBOIL Gold L 5W-40;3453956;G-Energy Synthetic Active 5W-30;253142405;G-Energy Synthetic Active 5W-40;253142406;Totachi NIRO LV SP/GF-5 5W-30;1G104;Totachi NIRO Optima PRO 5W-40;1C812
Suzuki;Liana;2007;2008;1.6 (M16A);бензин;NGN PROFI A-LINE 5W-30;V272085301;NGN GOLD A-LINE 5W-40;V272085302;API SN / ACEA A3/B4;4.1;W 610/1;нет данных;нет данных;C 2432;нет данных;нет данных;CU 2027;нет данных;нет данных;Заполнено агентом;нет данных;нет данных;нет данных;нет данных;нет данных;нет данных;нет данных;нет данных;NGN A-LINE 5W-30;V182575117;NGN A-LINE 5W-40;V182575120;ROWE HIGHTEC MULTI SYNT DPF 5W-30;20125-0040-99;ROWE HIGHTEC SYNT RSi 5W-40;20001-0040-99;TEBOIL Gold L 5W-30;2459465;TEBOIL Gold L 5W-40;3453956;G-Energy Synthetic Active 5W-30;253142405;G-Energy Synthetic Active 5W-40;253142406;Totachi NIRO LV SP/GF-5 5W-30;1G104;Totachi NIRO Optima PRO 5W-40;1C812
Tesla;Model 3;2017;2024;Electric;электро;NGN PROFI A-LINE 5W-30;V272085301;NGN GOLD A-LINE 5W-40;V272085302;нет данных;0;нет данных;нет данных;нет данных;нет данных;нет данных;нет данных;FP 25 015;нет данных;нет данных;Заполнено агентом;нет данных;нет данных;нет данных;нет данных;нет данных;нет данных;нет данных;нет данных;NGN A-LINE 5W-30;V182575117;NGN A-LINE 5W-40;V182575120;ROWE HIGHTEC MULTI SYNT DPF 5W-30;20125-0040-99;ROWE HIGHTEC SYNT RSi 5W-40;20001-0040-99;TEBOIL Gold L 5W-30;2459465;TEBOIL Gold L 5W-40;3453956;G-Energy Synthetic Active 5W-30;253142405;G-Energy Synthetic Active 5W-40;253142406;Totachi NIRO LV SP/GF-5 5W-30;1G104;Totachi NIRO Optima PRO 5W-40;1C812
Toyota;RAV4;2008;2019;2.0 (3ZR-FE);бензин;NGN PROFI A-LINE 5W-30;V272085301;NGN GOLD A-LINE 5W-40;V272085302;API SN / ILSAC GF-5;4.2;W 68/3;нет данных;нет данных;C 26 003;нет данных;нет данных;CU 1919;нет данных;нет данных;Заполнено агентом;нет данных;нет данных;нет данных;нет данных;нет данных;нет данных;нет данных;нет данных;NGN A-LINE 5W-30;V182575117;NGN A-LINE 5W-40;V182575120;ROWE HIGHTEC MULTI SYNT DPF 5W-30;20125-0040-99;ROWE HIGHTEC SYNT RSi 5W-40;20001-0040-99;TEBOIL Gold L 5W-30;2459465;TEBOIL Gold L 5W-40;3453956;G-Energy Synthetic Active 5W-30;253142405;G-Energy Synthetic Active 5W-40;253142406;Totachi NIRO LV SP/GF-5 5W-30;1G104;Totachi NIRO Optima PRO 5W-40;1C812
Toyota;RAV4;2008;2019;2.2 D-4D (2AD-FTV);дизель;NGN PROFI A-LINE 5W-30;V272085301;NGN GOLD A-LINE 5W-40;V272085302;ACEA C2 / 5W-30;5.9;HU 7019 z;нет данных;нет данных;C 26 003;нет данных;нет данных;CU 1919;нет данных;нет данных;Заполнено агентом;нет данных;нет данных;нет данных;нет данных;нет данных;нет данных;нет данных;нет данных;NGN A-LINE 5W-30;V182575117;NGN A-LINE 5W-40;V182575120;ROWE HIGHTEC MULTI SYNT DPF 5W-30;20125-0040-99;ROWE HIGHTEC SYNT RSi 5W-40;20001-0040-99;TEBOIL Gold L 5W-30;2459465;TEBOIL Gold L 5W-40;3453956;G-Energy Synthetic Active 5W-30;253142405;G-Energy Synthetic Active 5W-40;253142406;Totachi NIRO LV SP/GF-5 5W-30;1G104;Totachi NIRO Optima PRO 5W-40;1C812
Toyota;RAV4;2008;2019;2.5 (2AR-FE);бензин;NGN PROFI A-LINE 5W-30;V272085301;NGN GOLD A-LINE 5W-40;V272085302;API SN / 0W-20;4.5;W 6031;нет данных;нет данных;C 26 003;нет данных;нет данных;CU 1919;нет данных;нет данных;Заполнено агентом;нет данных;нет данных;нет данных;нет данных;нет данных;нет данных;нет данных;нет данных;NGN A-LINE 5W-30;V182575117;NGN A-LINE 5W-40;V182575120;ROWE HIGHTEC MULTI SYNT DPF 5W-30;20125-0040-99;ROWE HIGHTEC SYNT RSi 5W-40;20001-0040-99;TEBOIL Gold L 5W-30;2459465;TEBOIL Gold L 5W-40;3453956;G-Energy Synthetic Active 5W-30;253142405;G-Energy Synthetic Active 5W-40;253142406;Totachi NIRO LV SP/GF-5 5W-30;1G104;Totachi NIRO Optima PRO 5W-40;1C812
Toyota;Land Cruiser;2010;2016;4.5D (1VD-FTV);дизель;NGN PROFI A-LINE 5W-30;V272085301;NGN GOLD A-LINE 5W-40;V272085302;ACEA C2 / 5W-30;9.2;HU 7009 y;нет данных;нет данных;C 31 011;нет данных;нет данных;CU 1919;нет данных;нет данных;Заполнено агентом;нет данных;нет данных;нет данных;нет данных;нет данных;нет данных;нет данных;нет данных;NGN A-LINE 5W-30;V182575117;NGN A-LINE 5W-40;V182575120;ROWE HIGHTEC MULTI SYNT DPF 5W-30;20125-0040-99;ROWE HIGHTEC SYNT RSi 5W-40;20001-0040-99;TEBOIL Gold L 5W-30;2459465;TEBOIL Gold L 5W-40;3453956;G-Energy Synthetic Active 5W-30;253142405;G-Energy Synthetic Active 5W-40;253142406;Totachi NIRO LV SP/GF-5 5W-30;1G104;Totachi NIRO Optima PRO 5W-40;1C812
Toyota;Land Cruiser;2010;2016;4.6 (1UR-FE);бензин;NGN PROFI A-LINE 5W-30;V272085301;NGN GOLD A-LINE 5W-40;V272085302;API SN / ILSAC GF-5;7.5;HU 7009 y;нет данных;нет данных;C 31 011;нет данных;нет данных;CU 1919;нет данных;нет данных;Заполнено агентом;нет данных;нет данных;нет данных;нет данных;нет данных;нет данных;нет данных;нет данных;NGN A-LINE 5W-30;V182575117;NGN A-LINE 5W-40;V182575120;ROWE HIGHTEC MULTI SYNT DPF 5W-30;20125-0040-99;ROWE HIGHTEC SYNT RSi 5W-40;20001-0040-99;TEBOIL Gold L 5W-30;2459465;TEBOIL Gold L 5W-40;3453956;G-Energy Synthetic Active 5W-30;253142405;G-Energy Synthetic Active 5W-40;253142406;Totachi NIRO LV SP/GF-5 5W-30;1G104;Totachi NIRO Optima PRO 5W-40;1C812
Toyota;Land Cruiser;2010;2016;4.7 (2UZ-FE);бензин;NGN PROFI A-LINE 5W-30;V272085301;NGN GOLD A-LINE 5W-40;V272085302;API SN / 5W-30;6.8;W 712/83;нет данных;нет данных;C 30 007;нет данных;нет данных;CU 1919;нет данных;нет данных;Заполнено агентом;нет данных;нет данных;нет данных;нет данных;нет данных;нет данных;нет данных;нет данных;NGN A-LINE 5W-30;V182575117;NGN A-LINE 5W-40;V182575120;ROWE HIGHTEC MULTI SYNT DPF 5W-30;20125-0040-99;ROWE HIGHTEC SYNT RSi 5W-40;20001-0040-99;TEBOIL Gold L 5W-30;2459465;TEBOIL Gold L 5W-40;3453956;G-Energy Synthetic Active 5W-30;253142405;G-Energy Synthetic Active 5W-40;253142406;Totachi NIRO LV SP/GF-5 5W-30;1G104;Totachi NIRO Optima PRO 5W-40;1C812
Toyota;Hilux;2010;2020;2.4D (2GD-FTV);дизель;NGN PROFI A-LINE 5W-30;V272085301;NGN GOLD A-LINE 5W-40;V272085302;ACEA C2 / 0W-30;7.5;W 712/43;нет данных;нет данных;C 27 054/1;нет данных;нет данных;CU 1919;нет данных;нет данных;Заполнено агентом;нет данных;нет данных;нет данных;нет данных;нет данных;нет данных;нет данных;нет данных;NGN A-LINE 5W-30;V182575117;NGN A-LINE 5W-40;V182575120;ROWE HIGHTEC MULTI SYNT DPF 5W-30;20125-0040-99;ROWE HIGHTEC SYNT RSi 5W-40;20001-0040-99;TEBOIL Gold L 5W-30;2459465;TEBOIL Gold L 5W-40;3453956;G-Energy Synthetic Active 5W-30;253142405;G-Energy Synthetic Active 5W-40;253142406;Totachi NIRO LV SP/GF-5 5W-30;1G104;Totachi NIRO Optima PRO 5W-40;1C812
Toyota;Hilux;2010;2020;2.7 (2TR-FE);бензин;NGN PROFI A-LINE 5W-30;V272085301;NGN GOLD A-LINE 5W-40;V272085302;API SN / 5W-30;5.5;W 712/83;нет данных;нет данных;C 27 007;нет данных;нет данных;CU 1919;нет данных;нет данных;Заполнено агентом;нет данных;нет данных;нет данных;нет данных;нет данных;нет данных;нет данных;нет данных;NGN A-LINE 5W-30;V182575117;NGN A-LINE 5W-40;V182575120;ROWE HIGHTEC MULTI SYNT DPF 5W-30;20125-0040-99;ROWE HIGHTEC SYNT RSi 5W-40;20001-0040-99;TEBOIL Gold L 5W-30;2459465;TEBOIL Gold L 5W-40;3453956;G-Energy Synthetic Active 5W-30;253142405;G-Energy Synthetic Active 5W-40;253142406;Totachi NIRO LV SP/GF-5 5W-30;1G104;Totachi NIRO Optima PRO 5W-40;1C812
Toyota;Hilux;2010;2020;2.8D (1GD-FTV);дизель;NGN PROFI A-LINE 5W-30;V272085301;NGN GOLD A-LINE 5W-40;V272085302;ACEA C2 / 0W-30;7.7;W 712/43;нет данных;нет данных;C 27 054/1;нет данных;нет данных;CU 1919;нет данных;нет данных;Заполнено агентом;нет данных;нет данных;нет данных;нет данных;нет данных;нет данных;нет данных;нет данных;NGN A-LINE 5W-30;V182575117;NGN A-LINE 5W-40;V182575120;ROWE HIGHTEC MULTI SYNT DPF 5W-30;20125-0040-99;ROWE HIGHTEC SYNT RSi 5W-40;20001-0040-99;TEBOIL Gold L 5W-30;2459465;TEBOIL Gold L 5W-40;3453956;G-Energy Synthetic Active 5W-30;253142405;G-Energy Synthetic Active 5W-40;253142406;Totachi NIRO LV SP/GF-5 5W-30;1G104;Totachi NIRO Optima PRO 5W-40;1C812
Toyota;Hilux;2010;2020;2.5D (2KD-FTV);дизель;NGN PROFI A-LINE 5W-30;V272085301;NGN GOLD A-LINE 5W-40;V272085302;API CI-4 / 5W-40;6.9;W 712/83;нет данных;нет данных;C 22 015;нет данных;нет данных;CU 1919;нет данных;нет данных;Заполнено агентом;нет данных;нет данных;нет данных;нет данных;нет данных;нет данных;нет данных;нет данных;NGN A-LINE 5W-30;V182575117;NGN A-LINE 5W-40;V182575120;ROWE HIGHTEC MULTI SYNT DPF 5W-30;20125-0040-99;ROWE HIGHTEC SYNT RSi 5W-40;20001-0040-99;TEBOIL Gold L 5W-30;2459465;TEBOIL Gold L 5W-40;3453956;G-Energy Synthetic Active 5W-30;253142405;G-Energy Synthetic Active 5W-40;253142406;Totachi NIRO LV SP/GF-5 5W-30;1G104;Totachi NIRO Optima PRO 5W-40;1C812
Toyota;Hilux;2010;2020;3.0D (1KD-FTV);дизель;NGN PROFI A-LINE 5W-30;V272085301;NGN GOLD A-LINE 5W-40;V272085302;API CF-4 / 5W-40;6.9;W 712/83;нет данных;нет данных;C 22 015;нет данных;нет данных;CU 1919;нет данных;нет данных;Заполнено агентом;нет данных;нет данных;нет данных;нет данных;нет данных;нет данных;нет данных;нет данных;NGN A-LINE 5W-30;V182575117;NGN A-LINE 5W-40;V182575120;ROWE HIGHTEC MULTI SYNT DPF 5W-30;20125-0040-99;ROWE HIGHTEC SYNT RSi 5W-40;20001-0040-99;TEBOIL Gold L 5W-30;2459465;TEBOIL Gold L 5W-40;3453956;G-Energy Synthetic Active 5W-30;253142405;G-Energy Synthetic Active 5W-40;253142406;Totachi NIRO LV SP/GF-5 5W-30;1G104;Totachi NIRO Optima PRO 5W-40;1C812
Toyota;Prado;2010;2020;2.7 (2TR-FE);бензин;NGN PROFI A-LINE 5W-30;V272085301;NGN GOLD A-LINE 5W-40;V272085302;API SN / 5W-30;5.7;W 712/83;нет данных;нет данных;C 27 007;нет данных;нет данных;CU 1919;нет данных;нет данных;Заполнено агентом;нет данных;нет данных;нет данных;нет данных;нет данных;нет данных;нет данных;нет данных;NGN A-LINE 5W-30;V182575117;NGN A-LINE 5W-40;V182575120;ROWE HIGHTEC MULTI SYNT DPF 5W-30;20125-0040-99;ROWE HIGHTEC SYNT RSi 5W-40;20001-0040-99;TEBOIL Gold L 5W-30;2459465;TEBOIL Gold L 5W-40;3453956;G-Energy Synthetic Active 5W-30;253142405;G-Energy Synthetic Active 5W-40;253142406;Totachi NIRO LV SP/GF-5 5W-30;1G104;Totachi NIRO Optima PRO 5W-40;1C812
Toyota;Prado;2010;2020;2.8D (1GD-FTV);дизель;NGN PROFI A-LINE 5W-30;V272085301;NGN GOLD A-LINE 5W-40;V272085302;ACEA C2 / 0W-30;7.7;W 712/83;нет данных;нет данных;C 27 054/1;нет данных;нет данных;CU 1919;нет данных;нет данных;Заполнено агентом;нет данных;нет данных;нет данных;нет данных;нет данных;нет данных;нет данных;нет данных;NGN A-LINE 5W-30;V182575117;NGN A-LINE 5W-40;V182575120;ROWE HIGHTEC MULTI SYNT DPF 5W-30;20125-0040-99;ROWE HIGHTEC SYNT RSi 5W-40;20001-0040-99;TEBOIL Gold L 5W-30;2459465;TEBOIL Gold L 5W-40;3453956;G-Energy Synthetic Active 5W-30;253142405;G-Energy Synthetic Active 5W-40;253142406;Totachi NIRO LV SP/GF-5 5W-30;1G104;Totachi NIRO Optima PRO 5W-40;1C812
Toyota;Prado;2010;2020;3.0D (1KD-FTV);дизель;NGN PROFI A-LINE 5W-30;V272085301;NGN GOLD A-LINE 5W-40;V272085302;ACEA C2 / 5W-30;7.0;W 712/83;нет данных;нет данных;C 22 015;нет данных;нет данных;CU 1919;нет данных;нет данных;Заполнено агентом;нет данных;нет данных;нет данных;нет данных;нет данных;нет данных;нет данных;нет данных;NGN A-LINE 5W-30;V182575117;NGN A-LINE 5W-40;V182575120;ROWE HIGHTEC MULTI SYNT DPF 5W-30;20125-0040-99;ROWE HIGHTEC SYNT RSi 5W-40;20001-0040-99;TEBOIL Gold L 5W-30;2459465;TEBOIL Gold L 5W-40;3453956;G-Energy Synthetic Active 5W-30;253142405;G-Energy Synthetic Active 5W-40;253142406;Totachi NIRO LV SP/GF-5 5W-30;1G104;Totachi NIRO Optima PRO 5W-40;1C812
Toyota;Prado;2010;2020;4.0 (1GR-FE);бензин;NGN PROFI A-LINE 5W-30;V272085301;NGN GOLD A-LINE 5W-40;V272085302;API SN / 5W-30;7.0;W 712/83;нет данных;нет данных;C 27 007;нет данных;нет данных;CU 1919;нет данных;нет данных;Заполнено агентом;нет данных;нет данных;нет данных;нет данных;нет данных;нет данных;нет данных;нет данных;NGN A-LINE 5W-30;V182575117;NGN A-LINE 5W-40;V182575120;ROWE HIGHTEC MULTI SYNT DPF 5W-30;20125-0040-99;ROWE HIGHTEC SYNT RSi 5W-40;20001-0040-99;TEBOIL Gold L 5W-30;2459465;TEBOIL Gold L 5W-40;3453956;G-Energy Synthetic Active 5W-30;253142405;G-Energy Synthetic Active 5W-40;253142406;Totachi NIRO LV SP/GF-5 5W-30;1G104;Totachi NIRO Optima PRO 5W-40;1C812
Toyota;Hiace;2007;2008;2.5D (2KD-FTV);дизель;NGN PROFI A-LINE 5W-30;V272085301;NGN GOLD A-LINE 5W-40;V272085302;ACEA C3 / 5W-30;6.5;W 712/83;нет данных;нет данных;C 22 015;нет данных;нет данных;CU 1919;нет данных;нет данных;Заполнено агентом;нет данных;нет данных;нет данных;нет данных;нет данных;нет данных;нет данных;нет данных;NGN A-LINE 5W-30;V182575117;NGN A-LINE 5W-40;V182575120;ROWE HIGHTEC MULTI SYNT DPF 5W-30;20125-0040-99;ROWE HIGHTEC SYNT RSi 5W-40;20001-0040-99;TEBOIL Gold L 5W-30;2459465;TEBOIL Gold L 5W-40;3453956;G-Energy Synthetic Active 5W-30;253142405;G-Energy Synthetic Active 5W-40;253142406;Totachi NIRO LV SP/GF-5 5W-30;1G104;Totachi NIRO Optima PRO 5W-40;1C812
Toyota;Hiace;2007;2008;2.7 (2TR-FE);бензин;NGN PROFI A-LINE 5W-30;V272085301;NGN GOLD A-LINE 5W-40;V272085302;API SN / 5W-30;5.5;W 712/83;нет данных;нет данных;C 27 007;нет данных;нет данных;CU 1919;нет данных;нет данных;Заполнено агентом;нет данных;нет данных;нет данных;нет данных;нет данных;нет данных;нет данных;нет данных;NGN A-LINE 5W-30;V182575117;NGN A-LINE 5W-40;V182575120;ROWE HIGHTEC MULTI SYNT DPF 5W-30;20125-0040-99;ROWE HIGHTEC SYNT RSi 5W-40;20001-0040-99;TEBOIL Gold L 5W-30;2459465;TEBOIL Gold L 5W-40;3453956;G-Energy Synthetic Active 5W-30;253142405;G-Energy Synthetic Active 5W-40;253142406;Totachi NIRO LV SP/GF-5 5W-30;1G104;Totachi NIRO Optima PRO 5W-40;1C812
Toyota;Hiace;2007;2008;3.0D (1KD-FTV);дизель;NGN PROFI A-LINE 5W-30;V272085301;NGN GOLD A-LINE 5W-40;V272085302;ACEA C3 / 5W-30;7.4;W 712/83;нет данных;нет данных;C 22 015;нет данных;нет данных;CU 1919;нет данных;нет данных;Заполнено агентом;нет данных;нет данных;нет данных;нет данных;нет данных;нет данных;нет данных;нет данных;NGN A-LINE 5W-30;V182575117;NGN A-LINE 5W-40;V182575120;ROWE HIGHTEC MULTI SYNT DPF 5W-30;20125-0040-99;ROWE HIGHTEC SYNT RSi 5W-40;20001-0040-99;TEBOIL Gold L 5W-30;2459465;TEBOIL Gold L 5W-40;3453956;G-Energy Synthetic Active 5W-30;253142405;G-Energy Synthetic Active 5W-40;253142406;Totachi NIRO LV SP/GF-5 5W-30;1G104;Totachi NIRO Optima PRO 5W-40;1C812
Toyota;Corolla;2006;2013;1.33 (1NR-FE);бензин;NGN PROFI A-LINE 5W-30;V272085301;NGN GOLD A-LINE 5W-40;V272085302;API SN / 0W-20;3.4;W 68/3;нет данных;нет данных;C 24 011;нет данных;нет данных;CU 1919;нет данных;нет данных;Заполнено агентом;нет данных;нет данных;нет данных;нет данных;нет данных;нет данных;нет данных;нет данных;NGN A-LINE 5W-30;V182575117;NGN A-LINE 5W-40;V182575120;ROWE HIGHTEC MULTI SYNT DPF 5W-30;20125-0040-99;ROWE HIGHTEC SYNT RSi 5W-40;20001-0040-99;TEBOIL Gold L 5W-30;2459465;TEBOIL Gold L 5W-40;3453956;G-Energy Synthetic Active 5W-30;253142405;G-Energy Synthetic Active 5W-40;253142406;Totachi NIRO LV SP/GF-5 5W-30;1G104;Totachi NIRO Optima PRO 5W-40;1C812
Toyota;Corolla;2006;2013;1.4D (1ND-TV);дизель;NGN PROFI A-LINE 5W-30;V272085301;NGN GOLD A-LINE 5W-40;V272085302;ACEA C2 / 5W-30;4.1;HU 712/11 x;нет данных;нет данных;C 21 004;нет данных;нет данных;CU 1919;нет данных;нет данных;Заполнено агентом;нет данных;нет данных;нет данных;нет данных;нет данных;нет данных;нет данных;нет данных;NGN A-LINE 5W-30;V182575117;NGN A-LINE 5W-40;V182575120;ROWE HIGHTEC MULTI SYNT DPF 5W-30;20125-0040-99;ROWE HIGHTEC SYNT RSi 5W-40;20001-0040-99;TEBOIL Gold L 5W-30;2459465;TEBOIL Gold L 5W-40;3453956;G-Energy Synthetic Active 5W-30;253142405;G-Energy Synthetic Active 5W-40;253142406;Totachi NIRO LV SP/GF-5 5W-30;1G104;Totachi NIRO Optima PRO 5W-40;1C812
Toyota;Corolla;2006;2013;1.6 (1ZR-FE);бензин;NGN PROFI A-LINE 5W-30;V272085301;NGN GOLD A-LINE 5W-40;V272085302;API SN / 5W-30;4.2;W 68/3;нет данных;нет данных;C 24 011;нет данных;нет данных;CU 1919;нет данных;нет данных;Заполнено агентом;нет данных;нет данных;нет данных;нет данных;нет данных;нет данных;нет данных;нет данных;NGN A-LINE 5W-30;V182575117;NGN A-LINE 5W-40;V182575120;ROWE HIGHTEC MULTI SYNT DPF 5W-30;20125-0040-99;ROWE HIGHTEC SYNT RSi 5W-40;20001-0040-99;TEBOIL Gold L 5W-30;2459465;TEBOIL Gold L 5W-40;3453956;G-Energy Synthetic Active 5W-30;253142405;G-Energy Synthetic Active 5W-40;253142406;Totachi NIRO LV SP/GF-5 5W-30;1G104;Totachi NIRO Optima PRO 5W-40;1C812
Toyota;Corolla;2006;2013;2.0D (1AD-FTV);дизель;NGN PROFI A-LINE 5W-30;V272085301;NGN GOLD A-LINE 5W-40;V272085302;ACEA C2/C3 / 5W-30;6.3;HU 722 x;нет данных;нет данных;C 24 007;нет данных;нет данных;CU 1919;нет данных;нет данных;Заполнено агентом;нет данных;нет данных;нет данных;нет данных;нет данных;нет данных;нет данных;нет данных;NGN A-LINE 5W-30;V182575117;NGN A-LINE 5W-40;V182575120;ROWE HIGHTEC MULTI SYNT DPF 5W-30;20125-0040-99;ROWE HIGHTEC SYNT RSi 5W-40;20001-0040-99;TEBOIL Gold L 5W-30;2459465;TEBOIL Gold L 5W-40;3453956;G-Energy Synthetic Active 5W-30;253142405;G-Energy Synthetic Active 5W-40;253142406;Totachi NIRO LV SP/GF-5 5W-30;1G104;Totachi NIRO Optima PRO 5W-40;1C812
Volkswagen;Tiguan;2010;2019;1.4 TSI (CZDA);бензин;NGN PROFI A-LINE 5W-30;V272085301;NGN GOLD A-LINE 5W-40;V272085302;VW 502 00 / 505 00;4.0;W 712/95;нет данных;нет данных;C 27 009;нет данных;нет данных;CUK 2939/1;нет данных;нет данных;Заполнено агентом;нет данных;нет данных;нет данных;нет данных;нет данных;нет данных;нет данных;нет данных;NGN A-LINE 5W-30;V182575117;NGN A-LINE 5W-40;V182575120;ROWE HIGHTEC MULTI SYNT DPF 5W-30;20125-0040-99;ROWE HIGHTEC SYNT RSi 5W-40;20001-0040-99;TEBOIL Gold L 5W-30;2459465;TEBOIL Gold L 5W-40;3453956;G-Energy Synthetic Active 5W-30;253142405;G-Energy Synthetic Active 5W-40;253142406;Totachi NIRO LV SP/GF-5 5W-30;1G104;Totachi NIRO Optima PRO 5W-40;1C812
Volkswagen;Tiguan;2010;2019;2.0 TSI (CCZD);бензин;NGN PROFI A-LINE 5W-30;V272085301;NGN GOLD A-LINE 5W-40;V272085302;VW 502 00 / 505 00;4.7;W 719/45;нет данных;нет данных;C 35 154;нет данных;нет данных;CUK 2939/1;нет данных;нет данных;Заполнено агентом;нет данных;нет данных;нет данных;нет данных;нет данных;нет данных;нет данных;нет данных;NGN A-LINE 5W-30;V182575117;NGN A-LINE 5W-40;V182575120;ROWE HIGHTEC MULTI SYNT DPF 5W-30;20125-0040-99;ROWE HIGHTEC SYNT RSi 5W-40;20001-0040-99;TEBOIL Gold L 5W-30;2459465;TEBOIL Gold L 5W-40;3453956;G-Energy Synthetic Active 5W-30;253142405;G-Energy Synthetic Active 5W-40;253142406;Totachi NIRO LV SP/GF-5 5W-30;1G104;Totachi NIRO Optima PRO 5W-40;1C812
Volkswagen;Tiguan;2010;2019;2.0 TDI (CLJA);дизель;NGN PROFI A-LINE 5W-30;V272085301;NGN GOLD A-LINE 5W-40;V272085302;VW 507 00;4.3;HU 7020 z;нет данных;нет данных;C 35 154;нет данных;нет данных;CUK 2939/1;нет данных;нет данных;Заполнено агентом;нет данных;нет данных;нет данных;нет данных;нет данных;нет данных;нет данных;нет данных;NGN A-LINE 5W-30;V182575117;NGN A-LINE 5W-40;V182575120;ROWE HIGHTEC MULTI SYNT DPF 5W-30;20125-0040-99;ROWE HIGHTEC SYNT RSi 5W-40;20001-0040-99;TEBOIL Gold L 5W-30;2459465;TEBOIL Gold L 5W-40;3453956;G-Energy Synthetic Active 5W-30;253142405;G-Energy Synthetic Active 5W-40;253142406;Totachi NIRO LV SP/GF-5 5W-30;1G104;Totachi NIRO Optima PRO 5W-40;1C812
Volkswagen;Jetta;2014;2016;1.4 TSI (CZCA);бензин;NGN PROFI A-LINE 5W-30;V272085301;NGN GOLD A-LINE 5W-40;V272085302;VW 502 00 / 505 00;4.0;W 712/95;нет данных;нет данных;C 27 009;нет данных;нет данных;CUK 2939/1;нет данных;нет данных;Заполнено агентом;нет данных;нет данных;нет данных;нет данных;нет данных;нет данных;нет данных;нет данных;NGN A-LINE 5W-30;V182575117;NGN A-LINE 5W-40;V182575120;ROWE HIGHTEC MULTI SYNT DPF 5W-30;20125-0040-99;ROWE HIGHTEC SYNT RSi 5W-40;20001-0040-99;TEBOIL Gold L 5W-30;2459465;TEBOIL Gold L 5W-40;3453956;G-Energy Synthetic Active 5W-30;253142405;G-Energy Synthetic Active 5W-40;253142406;Totachi NIRO LV SP/GF-5 5W-30;1G104;Totachi NIRO Optima PRO 5W-40;1C812
Volkswagen;Jetta;2014;2016;1.6 MPI (CWVA);бензин;NGN PROFI A-LINE 5W-30;V272085301;NGN GOLD A-LINE 5W-40;V272085302;VW 502 00 / 505 00;4.2;W 712/95;нет данных;нет данных;C 27 009;нет данных;нет данных;CUK 2939/1;нет данных;нет данных;Заполнено агентом;нет данных;нет данных;нет данных;нет данных;нет данных;нет данных;нет данных;нет данных;NGN A-LINE 5W-30;V182575117;NGN A-LINE 5W-40;V182575120;ROWE HIGHTEC MULTI SYNT DPF 5W-30;20125-0040-99;ROWE HIGHTEC SYNT RSi 5W-40;20001-0040-99;TEBOIL Gold L 5W-30;2459465;TEBOIL Gold L 5W-40;3453956;G-Energy Synthetic Active 5W-30;253142405;G-Energy Synthetic Active 5W-40;253142406;Totachi NIRO LV SP/GF-5 5W-30;1G104;Totachi NIRO Optima PRO 5W-40;1C812
Volkswagen;Jetta;2014;2016;2.0 MPI (CLRA);бензин;NGN PROFI A-LINE 5W-30;V272085301;NGN GOLD A-LINE 5W-40;V272085302;VW 502 00 / 505 00;4.0;W 719/30;нет данных;нет данных;C 35 154;нет данных;нет данных;CUK 2939/1;нет данных;нет данных;Заполнено агентом;нет данных;нет данных;нет данных;нет данных;нет данных;нет данных;нет данных;нет данных;NGN A-LINE 5W-30;V182575117;NGN A-LINE 5W-40;V182575120;ROWE HIGHTEC MULTI SYNT DPF 5W-30;20125-0040-99;ROWE HIGHTEC SYNT RSi 5W-40;20001-0040-99;TEBOIL Gold L 5W-30;2459465;TEBOIL Gold L 5W-40;3453956;G-Energy Synthetic Active 5W-30;253142405;G-Energy Synthetic Active 5W-40;253142406;Totachi NIRO LV SP/GF-5 5W-30;1G104;Totachi NIRO Optima PRO 5W-40;1C812
Volkswagen;Transporter T4;1991;2003;1.9 TD (ABL);дизель;NGN PROFI A-LINE 5W-30;V272085301;NGN GOLD A-LINE 5W-40;V272085302;VW 505 00 / 10W-40;5.0;W 940/81;нет данных;нет данных;C 29 198;нет данных;нет данных;CU 2842;нет данных;нет данных;Заполнено агентом;нет данных;нет данных;нет данных;нет данных;нет данных;нет данных;нет данных;нет данных;NGN A-LINE 5W-30;V182575117;NGN A-LINE 5W-40;V182575120;ROWE HIGHTEC MULTI SYNT DPF 5W-30;20125-0040-99;ROWE HIGHTEC SYNT RSi 5W-40;20001-0040-99;TEBOIL Gold L 5W-30;2459465;TEBOIL Gold L 5W-40;3453956;G-Energy Synthetic Active 5W-30;253142405;G-Energy Synthetic Active 5W-40;253142406;Totachi NIRO LV SP/GF-5 5W-30;1G104;Totachi NIRO Optima PRO 5W-40;1C812
Volkswagen;Transporter T4;1991;2003;2.4 D (AAB) / 2.5 TDI (AJT/ACV);дизель;NGN PROFI A-LINE 5W-30;V272085301;NGN GOLD A-LINE 5W-40;V272085302;VW 505 00 / 10W-40;5.5;W 950/4;нет данных;нет данных;C 29 198;нет данных;нет данных;CU 2842;нет данных;нет данных;Заполнено агентом;нет данных;нет данных;нет данных;нет данных;нет данных;нет данных;нет данных;нет данных;NGN A-LINE 5W-30;V182575117;NGN A-LINE 5W-40;V182575120;ROWE HIGHTEC MULTI SYNT DPF 5W-30;20125-0040-99;ROWE HIGHTEC SYNT RSi 5W-40;20001-0040-99;TEBOIL Gold L 5W-30;2459465;TEBOIL Gold L 5W-40;3453956;G-Energy Synthetic Active 5W-30;253142405;G-Energy Synthetic Active 5W-40;253142406;Totachi NIRO LV SP/GF-5 5W-30;1G104;Totachi NIRO Optima PRO 5W-40;1C812
Volkswagen;Touareg;2011;2014;3.0 TDI (CASD/CASA);дизель;NGN PROFI A-LINE 5W-30;V272085301;NGN GOLD A-LINE 5W-40;V272085302;VW 507 00 / 5W-30;8.3;HU 7012 z;нет данных;нет данных;C 39 002;нет данных;нет данных;CUK 2852;нет данных;нет данных;Заполнено агентом;нет данных;нет данных;нет данных;нет данных;нет данных;нет данных;нет данных;нет данных;NGN A-LINE 5W-30;V182575117;NGN A-LINE 5W-40;V182575120;ROWE HIGHTEC MULTI SYNT DPF 5W-30;20125-0040-99;ROWE HIGHTEC SYNT RSi 5W-40;20001-0040-99;TEBOIL Gold L 5W-30;2459465;TEBOIL Gold L 5W-40;3453956;G-Energy Synthetic Active 5W-30;253142405;G-Energy Synthetic Active 5W-40;253142406;Totachi NIRO LV SP/GF-5 5W-30;1G104;Totachi NIRO Optima PRO 5W-40;1C812
Volkswagen;Touareg;2011;2014;3.6 FSI (CMTA);бензин;NGN PROFI A-LINE 5W-30;V272085301;NGN GOLD A-LINE 5W-40;V272085302;VW 502 00 / 5W-40;6.7;HU 932/6 n;нет данных;нет данных;C 39 002;нет данных;нет данных;CUK 2852;нет данных;нет данных;Заполнено агентом;нет данных;нет данных;нет данных;нет данных;нет данных;нет данных;нет данных;нет данных;NGN A-LINE 5W-30;V182575117;NGN A-LINE 5W-40;V182575120;ROWE HIGHTEC MULTI SYNT DPF 5W-30;20125-0040-99;ROWE HIGHTEC SYNT RSi 5W-40;20001-0040-99;TEBOIL Gold L 5W-30;2459465;TEBOIL Gold L 5W-40;3453956;G-Energy Synthetic Active 5W-30;253142405;G-Energy Synthetic Active 5W-40;253142406;Totachi NIRO LV SP/GF-5 5W-30;1G104;Totachi NIRO Optima PRO 5W-40;1C812
Ravon;R2/R4;2015;2020;1.25 MPI (R2);бензин;NGN PROFI A-LINE 5W-30;V272085301;NGN GOLD A-LINE 5W-40;V272085302;GM Dexos 2 / 5W-30;3.8;W 6021;нет данных;нет данных;C 24 043;нет данных;нет данных;CU 20 011;нет данных;нет данных;Заполнено агентом;нет данных;нет данных;нет данных;нет данных;нет данных;нет данных;нет данных;нет данных;NGN A-LINE 5W-30;V182575117;NGN A-LINE 5W-40;V182575120;ROWE HIGHTEC MULTI SYNT DPF 5W-30;20125-0040-99;ROWE HIGHTEC SYNT RSi 5W-40;20001-0040-99;TEBOIL Gold L 5W-30;2459465;TEBOIL Gold L 5W-40;3453956;G-Energy Synthetic Active 5W-30;253142405;G-Energy Synthetic Active 5W-40;253142406;Totachi NIRO LV SP/GF-5 5W-30;1G104;Totachi NIRO Optima PRO 5W-40;1C812
Ravon;R2/R4;2015;2020;1.5 MPI (R4);бензин;NGN PROFI A-LINE 5W-30;V272085301;NGN GOLD A-LINE 5W-40;V272085302;GM Dexos 2 / 5W-30;4.5;W 6021;нет данных;нет данных;C 26 019;нет данных;нет данных;CU 24 013;нет данных;нет данных;Заполнено агентом;нет данных;нет данных;нет данных;нет данных;нет данных;нет данных;нет данных;нет данных;NGN A-LINE 5W-30;V182575117;NGN A-LINE 5W-40;V182575120;ROWE HIGHTEC MULTI SYNT DPF 5W-30;20125-0040-99;ROWE HIGHTEC SYNT RSi 5W-40;20001-0040-99;TEBOIL Gold L 5W-30;2459465;TEBOIL Gold L 5W-40;3453956;G-Energy Synthetic Active 5W-30;253142405;G-Energy Synthetic Active 5W-40;253142406;Totachi NIRO LV SP/GF-5 5W-30;1G104;Totachi NIRO Optima PRO 5W-40;1C812
ZAZ;Chance;2011;2014;1.3 (МеМЗ-307);бензин;NGN PROFI A-LINE 5W-30;V272085301;NGN GOLD A-LINE 5W-40;V272085302;API SL / 10W-40;3.45;W 712/75;нет данных;нет данных;C 24 043;нет данных;нет данных;CU 20 011;нет данных;нет данных;Заполнено агентом;нет данных;нет данных;нет данных;нет данных;нет данных;нет данных;нет данных;нет данных;NGN A-LINE 5W-30;V182575117;NGN A-LINE 5W-40;V182575120;ROWE HIGHTEC MULTI SYNT DPF 5W-30;20125-0040-99;ROWE HIGHTEC SYNT RSi 5W-40;20001-0040-99;TEBOIL Gold L 5W-30;2459465;TEBOIL Gold L 5W-40;3453956;G-Energy Synthetic Active 5W-30;253142405;G-Energy Synthetic Active 5W-40;253142406;Totachi NIRO LV SP/GF-5 5W-30;1G104;Totachi NIRO Optima PRO 5W-40;1C812
ZAZ;Chance;2011;2014;1.5 (A15SMS);бензин;NGN PROFI A-LINE 5W-30;V272085301;NGN GOLD A-LINE 5W-40;V272085302;API SL / 10W-40;3.75;W 712/75;нет данных;нет данных;C 24 043;нет данных;нет данных;CU 20 011;нет данных;нет данных;Заполнено агентом;нет данных;нет данных;нет данных;нет данных;нет данных;нет данных;нет данных;нет данных;NGN A-LINE 5W-30;V182575117;NGN A-LINE 5W-40;V182575120;ROWE HIGHTEC MULTI SYNT DPF 5W-30;20125-0040-99;ROWE HIGHTEC SYNT RSi 5W-40;20001-0040-99;TEBOIL Gold L 5W-30;2459465;TEBOIL Gold L 5W-40;3453956;G-Energy Synthetic Active 5W-30;253142405;G-Energy Synthetic Active 5W-40;253142406;Totachi NIRO LV SP/GF-5 5W-30;1G104;Totachi NIRO Optima PRO 5W-40;1C812
Changan;CS35;2018;2023;1.6 MPI (JL478QEP);бензин;NGN PROFI A-LINE 5W-30;V272085301;NGN GOLD A-LINE 5W-40;V272085302;API SN / 5W-30;3.5;W 6024;нет данных;нет данных;C 21 026;нет данных;нет данных;CU 21 022;нет данных;нет данных;Заполнено агентом;нет данных;нет данных;нет данных;нет данных;нет данных;нет данных;нет данных;нет данных;NGN A-LINE 5W-30;V182575117;NGN A-LINE 5W-40;V182575120;ROWE HIGHTEC MULTI SYNT DPF 5W-30;20125-0040-99;ROWE HIGHTEC SYNT RSi 5W-40;20001-0040-99;TEBOIL Gold L 5W-30;2459465;TEBOIL Gold L 5W-40;3453956;G-Energy Synthetic Active 5W-30;253142405;G-Energy Synthetic Active 5W-40;253142406;Totachi NIRO LV SP/GF-5 5W-30;1G104;Totachi NIRO Optima PRO 5W-40;1C812
Changan;CS35;2018;2023;1.4T turb (JL473ZQ3);бензин;NGN PROFI A-LINE 5W-30;V272085301;NGN GOLD A-LINE 5W-40;V272085302;API SN / ILSAC GF-5;4.0;W 6024;нет данных;нет данных;C 21 026;нет данных;нет данных;CU 21 022;нет данных;нет данных;Заполнено агентом;нет данных;нет данных;нет данных;нет данных;нет данных;нет данных;нет данных;нет данных;NGN A-LINE 5W-30;V182575117;NGN A-LINE 5W-40;V182575120;ROWE HIGHTEC MULTI SYNT DPF 5W-30;20125-0040-99;ROWE HIGHTEC SYNT RSi 5W-40;20001-0040-99;TEBOIL Gold L 5W-30;2459465;TEBOIL Gold L 5W-40;3453956;G-Energy Synthetic Active 5W-30;253142405;G-Energy Synthetic Active 5W-40;253142406;Totachi NIRO LV SP/GF-5 5W-30;1G104;Totachi NIRO Optima PRO 5W-40;1C812
Zotye;T600;2017;2020;1.5T (SAIC 15S4G);бензин;NGN PROFI A-LINE 5W-30;V272085301;NGN GOLD A-LINE 5W-40;V272085302;API SN / 5W-30;4.5;W 811/80;нет данных;нет данных;C 21 026;нет данных;нет данных;CU 21 022;нет данных;нет данных;Заполнено агентом;нет данных;нет данных;нет данных;нет данных;нет данных;нет данных;нет данных;нет данных;NGN A-LINE 5W-30;V182575117;NGN A-LINE 5W-40;V182575120;ROWE HIGHTEC MULTI SYNT DPF 5W-30;20125-0040-99;ROWE HIGHTEC SYNT RSi 5W-40;20001-0040-99;TEBOIL Gold L 5W-30;2459465;TEBOIL Gold L 5W-40;3453956;G-Energy Synthetic Active 5W-30;253142405;G-Energy Synthetic Active 5W-40;253142406;Totachi NIRO LV SP/GF-5 5W-30;1G104;Totachi NIRO Optima PRO 5W-40;1C812
Zotye;T600;2017;2020;2.0T (4G63S4T);бензин;NGN PROFI A-LINE 5W-30;V272085301;NGN GOLD A-LINE 5W-40;V272085302;API SN / 5W-40;4.5;W 811/80;нет данных;нет данных;C 21 026;нет данных;нет данных;CU 21 022;нет данных;нет данных;Заполнено агентом;нет данных;нет данных;нет данных;нет данных;нет данных;нет данных;нет данных;нет данных;NGN A-LINE 5W-30;V182575117;NGN A-LINE 5W-40;V182575120;ROWE HIGHTEC MULTI SYNT DPF 5W-30;20125-0040-99;ROWE HIGHTEC SYNT RSi 5W-40;20001-0040-99;TEBOIL Gold L 5W-30;2459465;TEBOIL Gold L 5W-40;3453956;G-Energy Synthetic Active 5W-30;253142405;G-Energy Synthetic Active 5W-40;253142406;Totachi NIRO LV SP/GF-5 5W-30;1G104;Totachi NIRO Optima PRO 5W-40;1C812
Audi;A4;2005;2008;1.6;бензин;NGN PROFI A-LINE 5W-30;V272085301;NGN GOLD A-LINE 5W-40;V272085302;API SM/SN, VW 502.00;3.7;HU 726/2 X / W719/30;нет данных;нет данных;C 27 192/1 / C 26 168;нет данных;нет данных;CUK 2450 / FP3037;нет данных;нет данных;Заполнено агентом;нет данных;нет данных;нет данных;нет данных;нет данных;нет данных;нет данных;нет данных;NGN A-LINE 5W-30;V182575117;NGN A-LINE 5W-40;V182575120;ROWE HIGHTEC MULTI SYNT DPF 5W-30;20125-0040-99;ROWE HIGHTEC SYNT RSi 5W-40;20001-0040-99;TEBOIL Gold L 5W-30;2459465;TEBOIL Gold L 5W-40;3453956;G-Energy Synthetic Active 5W-30;253142405;G-Energy Synthetic Active 5W-40;253142406;Totachi NIRO LV SP/GF-5 5W-30;1G104;Totachi NIRO Optima PRO 5W-40;1C812
Audi;A4;2005;2008;1.8T / 2.0 TFSI;бензин;NGN PROFI A-LINE 5W-30;V272085301;NGN GOLD A-LINE 5W-40;V272085302;API SM/SN, VW 502.00;3.7;HU 726/2 X / W719/30;нет данных;нет данных;C 27 192/1 / C 26 168;нет данных;нет данных;CUK 2450 / FP3037;нет данных;нет данных;Заполнено агентом;нет данных;нет данных;нет данных;нет данных;нет данных;нет данных;нет данных;нет данных;NGN A-LINE 5W-30;V182575117;NGN A-LINE 5W-40;V182575120;ROWE HIGHTEC MULTI SYNT DPF 5W-30;20125-0040-99;ROWE HIGHTEC SYNT RSi 5W-40;20001-0040-99;TEBOIL Gold L 5W-30;2459465;TEBOIL Gold L 5W-40;3453956;G-Energy Synthetic Active 5W-30;253142405;G-Energy Synthetic Active 5W-40;253142406;Totachi NIRO LV SP/GF-5 5W-30;1G104;Totachi NIRO Optima PRO 5W-40;1C812
Audi;A4;2005;2008;2.0 TDI;дизель;NGN PROFI A-LINE 5W-30;V272085301;NGN GOLD A-LINE 5W-40;V272085302;VW 505.00 / 505.01;3.7;HU 726/2 X / W719/30;нет данных;нет данных;C 27 192/1 / C 26 168;нет данных;нет данных;CUK 2450 / FP3037;нет данных;нет данных;Заполнено агентом;нет данных;нет данных;нет данных;нет данных;нет данных;нет данных;нет данных;нет данных;NGN A-LINE 5W-30;V182575117;NGN A-LINE 5W-40;V182575120;ROWE HIGHTEC MULTI SYNT DPF 5W-30;20125-0040-99;ROWE HIGHTEC SYNT RSi 5W-40;20001-0040-99;TEBOIL Gold L 5W-30;2459465;TEBOIL Gold L 5W-40;3453956;G-Energy Synthetic Active 5W-30;253142405;G-Energy Synthetic Active 5W-40;253142406;Totachi NIRO LV SP/GF-5 5W-30;1G104;Totachi NIRO Optima PRO 5W-40;1C812
Audi;A4;2005;2008;2.5 TDI V6;дизель;NGN PROFI A-LINE 5W-30;V272085301;NGN GOLD A-LINE 5W-40;V272085302;VW 505.00;5.3;HU 8001 X;нет данных;нет данных;C 27 192/1 / C 26 168;нет данных;нет данных;CUK 2450 / FP3037;нет данных;нет данных;Заполнено агентом;нет данных;нет данных;нет данных;нет данных;нет данных;нет данных;нет данных;нет данных;NGN A-LINE 5W-30;V182575117;NGN A-LINE 5W-40;V182575120;ROWE HIGHTEC MULTI SYNT DPF 5W-30;20125-0040-99;ROWE HIGHTEC SYNT RSi 5W-40;20001-0040-99;TEBOIL Gold L 5W-30;2459465;TEBOIL Gold L 5W-40;3453956;G-Energy Synthetic Active 5W-30;253142405;G-Energy Synthetic Active 5W-40;253142406;Totachi NIRO LV SP/GF-5 5W-30;1G104;Totachi NIRO Optima PRO 5W-40;1C812
Audi;A4;2005;2008;3.0 TDI V6;дизель;NGN PROFI A-LINE 5W-30;V272085301;NGN GOLD A-LINE 5W-40;V272085302;VW 507.00;6.3;HU 8001 X;нет данных;нет данных;C 27 192/1 / C 26 168;нет данных;нет данных;CUK 2450 / FP3037;нет данных;нет данных;Заполнено агентом;нет данных;нет данных;нет данных;нет данных;нет данных;нет данных;нет данных;нет данных;NGN A-LINE 5W-30;V182575117;NGN A-LINE 5W-40;V182575120;ROWE HIGHTEC MULTI SYNT DPF 5W-30;20125-0040-99;ROWE HIGHTEC SYNT RSi 5W-40;20001-0040-99;TEBOIL Gold L 5W-30;2459465;TEBOIL Gold L 5W-40;3453956;G-Energy Synthetic Active 5W-30;253142405;G-Energy Synthetic Active 5W-40;253142406;Totachi NIRO LV SP/GF-5 5W-30;1G104;Totachi NIRO Optima PRO 5W-40;1C812
Audi;A4;2005;2008;3.2 FSI;бензин;NGN PROFI A-LINE 5W-30;V272085301;NGN GOLD A-LINE 5W-40;V272085302;API SM/SN, VW 502.00;6.5;HU 726/2 X;нет данных;нет данных;C 27 192/1 / C 26 168;нет данных;нет данных;CUK 2450 / FP3037;нет данных;нет данных;Заполнено агентом;нет данных;нет данных;нет данных;нет данных;нет данных;нет данных;нет данных;нет данных;NGN A-LINE 5W-30;V182575117;NGN A-LINE 5W-40;V182575120;ROWE HIGHTEC MULTI SYNT DPF 5W-30;20125-0040-99;ROWE HIGHTEC SYNT RSi 5W-40;20001-0040-99;TEBOIL Gold L 5W-30;2459465;TEBOIL Gold L 5W-40;3453956;G-Energy Synthetic Active 5W-30;253142405;G-Energy Synthetic Active 5W-40;253142406;Totachi NIRO LV SP/GF-5 5W-30;1G104;Totachi NIRO Optima PRO 5W-40;1C812
Audi;A7;2015;2018;2.0 TFSI (252 л.с.);бензин;NGN PROFI A-LINE 5W-30;V272085301;NGN GOLD A-LINE 5W-40;V272085302;API SN/CF, VW 504.00;6.3;HU 6013 Z;нет данных;нет данных;C 16005 / C 15010;нет данных;нет данных;CUK 2641 / FP2641;нет данных;нет данных;Заполнено агентом;нет данных;нет данных;нет данных;нет данных;нет данных;нет данных;нет данных;нет данных;NGN A-LINE 5W-30;V182575117;NGN A-LINE 5W-40;V182575120;ROWE HIGHTEC MULTI SYNT DPF 5W-30;20125-0040-99;ROWE HIGHTEC SYNT RSi 5W-40;20001-0040-99;TEBOIL Gold L 5W-30;2459465;TEBOIL Gold L 5W-40;3453956;G-Energy Synthetic Active 5W-30;253142405;G-Energy Synthetic Active 5W-40;253142406;Totachi NIRO LV SP/GF-5 5W-30;1G104;Totachi NIRO Optima PRO 5W-40;1C812
Audi;A7;2015;2018;3.0 TFSI (333 л.с.);бензин;NGN PROFI A-LINE 5W-30;V272085301;NGN GOLD A-LINE 5W-40;V272085302;API SN/CF, VW 504.00;6.3;HU 7035 Y;нет данных;нет данных;C 16005 / C 15010;нет данных;нет данных;CUK 2641 / FP2641;нет данных;нет данных;Заполнено агентом;нет данных;нет данных;нет данных;нет данных;нет данных;нет данных;нет данных;нет данных;NGN A-LINE 5W-30;V182575117;NGN A-LINE 5W-40;V182575120;ROWE HIGHTEC MULTI SYNT DPF 5W-30;20125-0040-99;ROWE HIGHTEC SYNT RSi 5W-40;20001-0040-99;TEBOIL Gold L 5W-30;2459465;TEBOIL Gold L 5W-40;3453956;G-Energy Synthetic Active 5W-30;253142405;G-Energy Synthetic Active 5W-40;253142406;Totachi NIRO LV SP/GF-5 5W-30;1G104;Totachi NIRO Optima PRO 5W-40;1C812
Audi;A7;2015;2018;3.0 TDI (218-272 л.с.);дизель;NGN PROFI A-LINE 5W-30;V272085301;NGN GOLD A-LINE 5W-40;V272085302;VW 507.00;6.3;HU 7035 Y;нет данных;нет данных;C 16005 / C 15010;нет данных;нет данных;CUK 2641 / FP2641;нет данных;нет данных;Заполнено агентом;нет данных;нет данных;нет данных;нет данных;нет данных;нет данных;нет данных;нет данных;NGN A-LINE 5W-30;V182575117;NGN A-LINE 5W-40;V182575120;ROWE HIGHTEC MULTI SYNT DPF 5W-30;20125-0040-99;ROWE HIGHTEC SYNT RSi 5W-40;20001-0040-99;TEBOIL Gold L 5W-30;2459465;TEBOIL Gold L 5W-40;3453956;G-Energy Synthetic Active 5W-30;253142405;G-Energy Synthetic Active 5W-40;253142406;Totachi NIRO LV SP/GF-5 5W-30;1G104;Totachi NIRO Optima PRO 5W-40;1C812
Audi;A7;2015;2018;S7 4.0 TFSI (450 л.с.);бензин;NGN PROFI A-LINE 5W-30;V272085301;NGN GOLD A-LINE 5W-40;V272085302;VW 502 00 / 504 00;6.3;HU 7024 z;нет данных;нет данных;C 16005 / C 15010;нет данных;нет данных;CUK 2641 / FP2641;нет данных;нет данных;Заполнено агентом;нет данных;нет данных;нет данных;нет данных;нет данных;нет данных;нет данных;нет данных;NGN A-LINE 5W-30;V182575117;NGN A-LINE 5W-40;V182575120;ROWE HIGHTEC MULTI SYNT DPF 5W-30;20125-0040-99;ROWE HIGHTEC SYNT RSi 5W-40;20001-0040-99;TEBOIL Gold L 5W-30;2459465;TEBOIL Gold L 5W-40;3453956;G-Energy Synthetic Active 5W-30;253142405;G-Energy Synthetic Active 5W-40;253142406;Totachi NIRO LV SP/GF-5 5W-30;1G104;Totachi NIRO Optima PRO 5W-40;1C812
BMW;X5 E53;1999;2006;3.0i M54B30;бензин;NGN PROFI A-LINE 5W-30;V272085301;NGN GOLD A-LINE 5W-40;V272085302;BMW Longlife-01;7.5;HU 925/4 x;нет данных;нет данных;нет данных;нет данных;нет данных;CUK 5366;нет данных;нет данных;Заполнено агентом;нет данных;нет данных;нет данных;нет данных;нет данных;нет данных;нет данных;нет данных;NGN A-LINE 5W-30;V182575117;NGN A-LINE 5W-40;V182575120;ROWE HIGHTEC MULTI SYNT DPF 5W-30;20125-0040-99;ROWE HIGHTEC SYNT RSi 5W-40;20001-0040-99;TEBOIL Gold L 5W-30;2459465;TEBOIL Gold L 5W-40;3453956;G-Energy Synthetic Active 5W-30;253142405;G-Energy Synthetic Active 5W-40;253142406;Totachi NIRO LV SP/GF-5 5W-30;1G104;Totachi NIRO Optima PRO 5W-40;1C812
BMW;X5 E53;1999;2006;4.4i M62/N62;бензин;NGN PROFI A-LINE 5W-30;V272085301;NGN GOLD A-LINE 5W-40;V272085302;BMW Longlife-01;8.0;HU 938/4 x / HU 715/5 x;нет данных;нет данных;нет данных;нет данных;нет данных;CUK 5366;нет данных;нет данных;Заполнено агентом;нет данных;нет данных;нет данных;нет данных;нет данных;нет данных;нет данных;нет данных;NGN A-LINE 5W-30;V182575117;NGN A-LINE 5W-40;V182575120;ROWE HIGHTEC MULTI SYNT DPF 5W-30;20125-0040-99;ROWE HIGHTEC SYNT RSi 5W-40;20001-0040-99;TEBOIL Gold L 5W-30;2459465;TEBOIL Gold L 5W-40;3453956;G-Energy Synthetic Active 5W-30;253142405;G-Energy Synthetic Active 5W-40;253142406;Totachi NIRO LV SP/GF-5 5W-30;1G104;Totachi NIRO Optima PRO 5W-40;1C812
BMW;X5 E53;1999;2006;4.6is / 4.8is;бензин;NGN PROFI A-LINE 5W-30;V272085301;NGN GOLD A-LINE 5W-40;V272085302;BMW Longlife-01;8.0;HU 938/4 x / HU 715/5 x;нет данных;нет данных;нет данных;нет данных;нет данных;CUK 5366;нет данных;нет данных;Заполнено агентом;нет данных;нет данных;нет данных;нет данных;нет данных;нет данных;нет данных;нет данных;NGN A-LINE 5W-30;V182575117;NGN A-LINE 5W-40;V182575120;ROWE HIGHTEC MULTI SYNT DPF 5W-30;20125-0040-99;ROWE HIGHTEC SYNT RSi 5W-40;20001-0040-99;TEBOIL Gold L 5W-30;2459465;TEBOIL Gold L 5W-40;3453956;G-Energy Synthetic Active 5W-30;253142405;G-Energy Synthetic Active 5W-40;253142406;Totachi NIRO LV SP/GF-5 5W-30;1G104;Totachi NIRO Optima PRO 5W-40;1C812
BMW;X5 E53;1999;2006;3.0d M57;дизель;NGN PROFI A-LINE 5W-30;V272085301;NGN GOLD A-LINE 5W-40;V272085302;BMW Longlife-04;7.5;HU 818 x / HU 721/4 x;нет данных;нет данных;нет данных;нет данных;нет данных;CUK 5366;нет данных;нет данных;Заполнено агентом;нет данных;нет данных;нет данных;нет данных;нет данных;нет данных;нет данных;нет данных;NGN A-LINE 5W-30;V182575117;NGN A-LINE 5W-40;V182575120;ROWE HIGHTEC MULTI SYNT DPF 5W-30;20125-0040-99;ROWE HIGHTEC SYNT RSi 5W-40;20001-0040-99;TEBOIL Gold L 5W-30;2459465;TEBOIL Gold L 5W-40;3453956;G-Energy Synthetic Active 5W-30;253142405;G-Energy Synthetic Active 5W-40;253142406;Totachi NIRO LV SP/GF-5 5W-30;1G104;Totachi NIRO Optima PRO 5W-40;1C812
BMW;5 Series G30;2018;2020;2.0i (520i/530i);бензин / гибрид;NGN PROFI A-LINE 5W-30;V272085301;NGN GOLD A-LINE 5W-40;V272085302;BMW Longlife-17 FE+ / LL-01;5.3;HU 6014/1 z;нет данных;нет данных;нет данных;нет данных;нет данных;нет данных;нет данных;нет данных;Заполнено агентом;нет данных;нет данных;нет данных;нет данных;нет данных;нет данных;нет данных;нет данных;NGN A-LINE 5W-30;V182575117;NGN A-LINE 5W-40;V182575120;ROWE HIGHTEC MULTI SYNT DPF 5W-30;20125-0040-99;ROWE HIGHTEC SYNT RSi 5W-40;20001-0040-99;TEBOIL Gold L 5W-30;2459465;TEBOIL Gold L 5W-40;3453956;G-Energy Synthetic Active 5W-30;253142405;G-Energy Synthetic Active 5W-40;253142406;Totachi NIRO LV SP/GF-5 5W-30;1G104;Totachi NIRO Optima PRO 5W-40;1C812
BMW;5 Series G30;2018;2020;3.0i (540i);бензин;NGN PROFI A-LINE 5W-30;V272085301;NGN GOLD A-LINE 5W-40;V272085302;BMW Longlife-17 FE+ / LL-01;6.5;HU 6022 z;нет данных;нет данных;нет данных;нет данных;нет данных;нет данных;нет данных;нет данных;Заполнено агентом;нет данных;нет данных;нет данных;нет данных;нет данных;нет данных;нет данных;нет данных;NGN A-LINE 5W-30;V182575117;NGN A-LINE 5W-40;V182575120;ROWE HIGHTEC MULTI SYNT DPF 5W-30;20125-0040-99;ROWE HIGHTEC SYNT RSi 5W-40;20001-0040-99;TEBOIL Gold L 5W-30;2459465;TEBOIL Gold L 5W-40;3453956;G-Energy Synthetic Active 5W-30;253142405;G-Energy Synthetic Active 5W-40;253142406;Totachi NIRO LV SP/GF-5 5W-30;1G104;Totachi NIRO Optima PRO 5W-40;1C812
BMW;5 Series G30;2018;2020;4.4i (M550i);бензин;NGN PROFI A-LINE 5W-30;V272085301;NGN GOLD A-LINE 5W-40;V272085302;BMW Longlife-01FE;10.5;HU 8007 z;нет данных;нет данных;нет данных;нет данных;нет данных;нет данных;нет данных;нет данных;Заполнено агентом;нет данных;нет данных;нет данных;нет данных;нет данных;нет данных;нет данных;нет данных;NGN A-LINE 5W-30;V182575117;NGN A-LINE 5W-40;V182575120;ROWE HIGHTEC MULTI SYNT DPF 5W-30;20125-0040-99;ROWE HIGHTEC SYNT RSi 5W-40;20001-0040-99;TEBOIL Gold L 5W-30;2459465;TEBOIL Gold L 5W-40;3453956;G-Energy Synthetic Active 5W-30;253142405;G-Energy Synthetic Active 5W-40;253142406;Totachi NIRO LV SP/GF-5 5W-30;1G104;Totachi NIRO Optima PRO 5W-40;1C812
BMW;5 Series G30;2018;2020;2.0d (520d);дизель;NGN PROFI A-LINE 5W-30;V272085301;NGN GOLD A-LINE 5W-40;V272085302;BMW Longlife-04;5.0;HU 6014/1 z;нет данных;нет данных;нет данных;нет данных;нет данных;нет данных;нет данных;нет данных;Заполнено агентом;нет данных;нет данных;нет данных;нет данных;нет данных;нет данных;нет данных;нет данных;NGN A-LINE 5W-30;V182575117;NGN A-LINE 5W-40;V182575120;ROWE HIGHTEC MULTI SYNT DPF 5W-30;20125-0040-99;ROWE HIGHTEC SYNT RSi 5W-40;20001-0040-99;TEBOIL Gold L 5W-30;2459465;TEBOIL Gold L 5W-40;3453956;G-Energy Synthetic Active 5W-30;253142405;G-Energy Synthetic Active 5W-40;253142406;Totachi NIRO LV SP/GF-5 5W-30;1G104;Totachi NIRO Optima PRO 5W-40;1C812
BMW;5 Series G30;2018;2020;3.0d (530d/540d);дизель;NGN PROFI A-LINE 5W-30;V272085301;NGN GOLD A-LINE 5W-40;V272085302;BMW Longlife-04;6.5;HU 6022 z;нет данных;нет данных;нет данных;нет данных;нет данных;нет данных;нет данных;нет данных;Заполнено агентом;нет данных;нет данных;нет данных;нет данных;нет данных;нет данных;нет данных;нет данных;NGN A-LINE 5W-30;V182575117;NGN A-LINE 5W-40;V182575120;ROWE HIGHTEC MULTI SYNT DPF 5W-30;20125-0040-99;ROWE HIGHTEC SYNT RSi 5W-40;20001-0040-99;TEBOIL Gold L 5W-30;2459465;TEBOIL Gold L 5W-40;3453956;G-Energy Synthetic Active 5W-30;253142405;G-Energy Synthetic Active 5W-40;253142406;Totachi NIRO LV SP/GF-5 5W-30;1G104;Totachi NIRO Optima PRO 5W-40;1C812
BMW;3 Series E92;2005;2010;2.0i (320i);бензин;NGN PROFI A-LINE 5W-30;V272085301;NGN GOLD A-LINE 5W-40;V272085302;BMW LL-01 / LL-04;4.25;HU 815/2 x;нет данных;нет данных;нет данных;нет данных;нет данных;нет данных;нет данных;нет данных;Заполнено агентом;нет данных;нет данных;нет данных;нет данных;нет данных;нет данных;нет данных;нет данных;NGN A-LINE 5W-30;V182575117;NGN A-LINE 5W-40;V182575120;ROWE HIGHTEC MULTI SYNT DPF 5W-30;20125-0040-99;ROWE HIGHTEC SYNT RSi 5W-40;20001-0040-99;TEBOIL Gold L 5W-30;2459465;TEBOIL Gold L 5W-40;3453956;G-Energy Synthetic Active 5W-30;253142405;G-Energy Synthetic Active 5W-40;253142406;Totachi NIRO LV SP/GF-5 5W-30;1G104;Totachi NIRO Optima PRO 5W-40;1C812
BMW;3 Series E92;2005;2010;3.0i (325i/328i/330i) / 335i Twin-Turbo;бензин;NGN PROFI A-LINE 5W-30;V272085301;NGN GOLD A-LINE 5W-40;V272085302;BMW Longlife-01;6.5;HU 816 x;нет данных;нет данных;нет данных;нет данных;нет данных;нет данных;нет данных;нет данных;Заполнено агентом;нет данных;нет данных;нет данных;нет данных;нет данных;нет данных;нет данных;нет данных;NGN A-LINE 5W-30;V182575117;NGN A-LINE 5W-40;V182575120;ROWE HIGHTEC MULTI SYNT DPF 5W-30;20125-0040-99;ROWE HIGHTEC SYNT RSi 5W-40;20001-0040-99;TEBOIL Gold L 5W-30;2459465;TEBOIL Gold L 5W-40;3453956;G-Energy Synthetic Active 5W-30;253142405;G-Energy Synthetic Active 5W-40;253142406;Totachi NIRO LV SP/GF-5 5W-30;1G104;Totachi NIRO Optima PRO 5W-40;1C812
BMW;3 Series E92;2005;2010;M3 V8;бензин;NGN PROFI A-LINE 5W-30;V272085301;NGN GOLD A-LINE 5W-40;V272085302;BMW Longlife-01;8.8;HU 926/5 z;нет данных;нет данных;нет данных;нет данных;нет данных;нет данных;нет данных;нет данных;Заполнено агентом;нет данных;нет данных;нет данных;нет данных;нет данных;нет данных;нет данных;нет данных;NGN A-LINE 5W-30;V182575117;NGN A-LINE 5W-40;V182575120;ROWE HIGHTEC MULTI SYNT DPF 5W-30;20125-0040-99;ROWE HIGHTEC SYNT RSi 5W-40;20001-0040-99;TEBOIL Gold L 5W-30;2459465;TEBOIL Gold L 5W-40;3453956;G-Energy Synthetic Active 5W-30;253142405;G-Energy Synthetic Active 5W-40;253142406;Totachi NIRO LV SP/GF-5 5W-30;1G104;Totachi NIRO Optima PRO 5W-40;1C812
BMW;3 Series E92;2005;2010;2.0d (320d);дизель;NGN PROFI A-LINE 5W-30;V272085301;NGN GOLD A-LINE 5W-40;V272085302;BMW Longlife-04;5.2;HU 720/3 x;нет данных;нет данных;нет данных;нет данных;нет данных;нет данных;нет данных;нет данных;Заполнено агентом;нет данных;нет данных;нет данных;нет данных;нет данных;нет данных;нет данных;нет данных;NGN A-LINE 5W-30;V182575117;NGN A-LINE 5W-40;V182575120;ROWE HIGHTEC MULTI SYNT DPF 5W-30;20125-0040-99;ROWE HIGHTEC SYNT RSi 5W-40;20001-0040-99;TEBOIL Gold L 5W-30;2459465;TEBOIL Gold L 5W-40;3453956;G-Energy Synthetic Active 5W-30;253142405;G-Energy Synthetic Active 5W-40;253142406;Totachi NIRO LV SP/GF-5 5W-30;1G104;Totachi NIRO Optima PRO 5W-40;1C812
BMW;3 Series E92;2005;2010;3.0d (325d/330d/335d);дизель;NGN PROFI A-LINE 5W-30;V272085301;NGN GOLD A-LINE 5W-40;V272085302;BMW Longlife-04;7.5;HU 720/3 x;нет данных;нет данных;нет данных;нет данных;нет данных;нет данных;нет данных;нет данных;Заполнено агентом;нет данных;нет данных;нет данных;нет данных;нет данных;нет данных;нет данных;нет данных;NGN A-LINE 5W-30;V182575117;NGN A-LINE 5W-40;V182575120;ROWE HIGHTEC MULTI SYNT DPF 5W-30;20125-0040-99;ROWE HIGHTEC SYNT RSi 5W-40;20001-0040-99;TEBOIL Gold L 5W-30;2459465;TEBOIL Gold L 5W-40;3453956;G-Energy Synthetic Active 5W-30;253142405;G-Energy Synthetic Active 5W-40;253142406;Totachi NIRO LV SP/GF-5 5W-30;1G104;Totachi NIRO Optima PRO 5W-40;1C812
BMW;X1 E84;2013;2015;2.0i N20;бензин;NGN PROFI A-LINE 5W-30;V272085301;NGN GOLD A-LINE 5W-40;V272085302;BMW Longlife-04;5.5;HU 816 x;нет данных;нет данных;W0133-1846450;нет данных;нет данных;CUK 8430;нет данных;нет данных;Заполнено агентом;нет данных;нет данных;нет данных;нет данных;нет данных;нет данных;нет данных;нет данных;NGN A-LINE 5W-30;V182575117;NGN A-LINE 5W-40;V182575120;ROWE HIGHTEC MULTI SYNT DPF 5W-30;20125-0040-99;ROWE HIGHTEC SYNT RSi 5W-40;20001-0040-99;TEBOIL Gold L 5W-30;2459465;TEBOIL Gold L 5W-40;3453956;G-Energy Synthetic Active 5W-30;253142405;G-Energy Synthetic Active 5W-40;253142406;Totachi NIRO LV SP/GF-5 5W-30;1G104;Totachi NIRO Optima PRO 5W-40;1C812
BMW;X1 E84;2013;2015;3.0i N55 / N52;бензин;NGN PROFI A-LINE 5W-30;V272085301;NGN GOLD A-LINE 5W-40;V272085302;BMW Longlife-04;6.5;HU 816 x;нет данных;нет данных;W0133-1846450;нет данных;нет данных;CUK 8430;нет данных;нет данных;Заполнено агентом;нет данных;нет данных;нет данных;нет данных;нет данных;нет данных;нет данных;нет данных;NGN A-LINE 5W-30;V182575117;NGN A-LINE 5W-40;V182575120;ROWE HIGHTEC MULTI SYNT DPF 5W-30;20125-0040-99;ROWE HIGHTEC SYNT RSi 5W-40;20001-0040-99;TEBOIL Gold L 5W-30;2459465;TEBOIL Gold L 5W-40;3453956;G-Energy Synthetic Active 5W-30;253142405;G-Energy Synthetic Active 5W-40;253142406;Totachi NIRO LV SP/GF-5 5W-30;1G104;Totachi NIRO Optima PRO 5W-40;1C812
BMW;X1 E84;2013;2015;2.0d N47;дизель;NGN PROFI A-LINE 5W-30;V272085301;NGN GOLD A-LINE 5W-40;V272085302;BMW Longlife-04;5.2;HU 721/5 x;нет данных;нет данных;C 30 135;нет данных;нет данных;CUK 8430;нет данных;нет данных;Заполнено агентом;нет данных;нет данных;нет данных;нет данных;нет данных;нет данных;нет данных;нет данных;NGN A-LINE 5W-30;V182575117;NGN A-LINE 5W-40;V182575120;ROWE HIGHTEC MULTI SYNT DPF 5W-30;20125-0040-99;ROWE HIGHTEC SYNT RSi 5W-40;20001-0040-99;TEBOIL Gold L 5W-30;2459465;TEBOIL Gold L 5W-40;3453956;G-Energy Synthetic Active 5W-30;253142405;G-Energy Synthetic Active 5W-40;253142406;Totachi NIRO LV SP/GF-5 5W-30;1G104;Totachi NIRO Optima PRO 5W-40;1C812
Chery;Tiggo 8;2021;2024;1.5T PHEV;гибрид;NGN PROFI A-LINE 5W-30;V272085301;NGN GOLD A-LINE 5W-40;V272085302;API SP / ACEA C3;4.5;W 711/80;нет данных;нет данных;нет данных;нет данных;нет данных;нет данных;нет данных;нет данных;Заполнено агентом;нет данных;нет данных;нет данных;нет данных;нет данных;нет данных;нет данных;нет данных;NGN A-LINE 5W-30;V182575117;NGN A-LINE 5W-40;V182575120;ROWE HIGHTEC MULTI SYNT DPF 5W-30;20125-0040-99;ROWE HIGHTEC SYNT RSi 5W-40;20001-0040-99;TEBOIL Gold L 5W-30;2459465;TEBOIL Gold L 5W-40;3453956;G-Energy Synthetic Active 5W-30;253142405;G-Energy Synthetic Active 5W-40;253142406;Totachi NIRO LV SP/GF-5 5W-30;1G104;Totachi NIRO Optima PRO 5W-40;1C812
Chery;Tiggo 8;2021;2024;1.6L TGDI;бензин;NGN PROFI A-LINE 5W-30;V272085301;NGN GOLD A-LINE 5W-40;V272085302;API SN/SP, 5W-30;4.5;HU 6027 z;нет данных;нет данных;нет данных;нет данных;нет данных;нет данных;нет данных;нет данных;Заполнено агентом;нет данных;нет данных;нет данных;нет данных;нет данных;нет данных;нет данных;нет данных;NGN A-LINE 5W-30;V182575117;NGN A-LINE 5W-40;V182575120;ROWE HIGHTEC MULTI SYNT DPF 5W-30;20125-0040-99;ROWE HIGHTEC SYNT RSi 5W-40;20001-0040-99;TEBOIL Gold L 5W-30;2459465;TEBOIL Gold L 5W-40;3453956;G-Energy Synthetic Active 5W-30;253142405;G-Energy Synthetic Active 5W-40;253142406;Totachi NIRO LV SP/GF-5 5W-30;1G104;Totachi NIRO Optima PRO 5W-40;1C812
Chery;Tiggo 8;2021;2024;2.0L TGDI;бензин;NGN PROFI A-LINE 5W-30;V272085301;NGN GOLD A-LINE 5W-40;V272085302;API SP;4.5;W 711/80;нет данных;нет данных;нет данных;нет данных;нет данных;нет данных;нет данных;нет данных;Заполнено агентом;нет данных;нет данных;нет данных;нет данных;нет данных;нет данных;нет данных;нет данных;NGN A-LINE 5W-30;V182575117;NGN A-LINE 5W-40;V182575120;ROWE HIGHTEC MULTI SYNT DPF 5W-30;20125-0040-99;ROWE HIGHTEC SYNT RSi 5W-40;20001-0040-99;TEBOIL Gold L 5W-30;2459465;TEBOIL Gold L 5W-40;3453956;G-Energy Synthetic Active 5W-30;253142405;G-Energy Synthetic Active 5W-40;253142406;Totachi NIRO LV SP/GF-5 5W-30;1G104;Totachi NIRO Optima PRO 5W-40;1C812
Chery;Tiggo 7;2023;2024;1.5T ACTECO;бензин / гибрид;NGN PROFI A-LINE 5W-30;V272085301;NGN GOLD A-LINE 5W-40;V272085302;API SP/SN, ACEA C5, 5W-30;4.3;W 712/83;нет данных;нет данных;нет данных;нет данных;нет данных;нет данных;нет данных;нет данных;Заполнено агентом;нет данных;нет данных;нет данных;нет данных;нет данных;нет данных;нет данных;нет данных;NGN A-LINE 5W-30;V182575117;NGN A-LINE 5W-40;V182575120;ROWE HIGHTEC MULTI SYNT DPF 5W-30;20125-0040-99;ROWE HIGHTEC SYNT RSi 5W-40;20001-0040-99;TEBOIL Gold L 5W-30;2459465;TEBOIL Gold L 5W-40;3453956;G-Energy Synthetic Active 5W-30;253142405;G-Energy Synthetic Active 5W-40;253142406;Totachi NIRO LV SP/GF-5 5W-30;1G104;Totachi NIRO Optima PRO 5W-40;1C812
Chery;Tiggo 7;2023;2024;1.6L TGDI;бензин;NGN PROFI A-LINE 5W-30;V272085301;NGN GOLD A-LINE 5W-40;V272085302;API SP, ACEA C5, 0W-20 / 5W-30;4.6;W 712/83;нет данных;нет данных;нет данных;нет данных;нет данных;нет данных;нет данных;нет данных;Заполнено агентом;нет данных;нет данных;нет данных;нет данных;нет данных;нет данных;нет данных;нет данных;NGN A-LINE 5W-30;V182575117;NGN A-LINE 5W-40;V182575120;ROWE HIGHTEC MULTI SYNT DPF 5W-30;20125-0040-99;ROWE HIGHTEC SYNT RSi 5W-40;20001-0040-99;TEBOIL Gold L 5W-30;2459465;TEBOIL Gold L 5W-40;3453956;G-Energy Synthetic Active 5W-30;253142405;G-Energy Synthetic Active 5W-40;253142406;Totachi NIRO LV SP/GF-5 5W-30;1G104;Totachi NIRO Optima PRO 5W-40;1C812
Chery;Tiggo 7 Pro Max;2024;2025;1.5L Turbo;бензин;NGN PROFI A-LINE 5W-30;V272085301;NGN GOLD A-LINE 5W-40;V272085302;API SN Plus/SP, 5W-30 / 5W-40;4.5;W 712/83;нет данных;нет данных;C 27089;нет данных;нет данных;нет данных;нет данных;нет данных;Заполнено агентом;нет данных;нет данных;нет данных;нет данных;нет данных;нет данных;нет данных;нет данных;NGN A-LINE 5W-30;V182575117;NGN A-LINE 5W-40;V182575120;ROWE HIGHTEC MULTI SYNT DPF 5W-30;20125-0040-99;ROWE HIGHTEC SYNT RSi 5W-40;20001-0040-99;TEBOIL Gold L 5W-30;2459465;TEBOIL Gold L 5W-40;3453956;G-Energy Synthetic Active 5W-30;253142405;G-Energy Synthetic Active 5W-40;253142406;Totachi NIRO LV SP/GF-5 5W-30;1G104;Totachi NIRO Optima PRO 5W-40;1C812
Chery;Tiggo 7 Pro Max;2024;2025;1.6L TGDI;бензин;NGN PROFI A-LINE 5W-30;V272085301;NGN GOLD A-LINE 5W-40;V272085302;API SP, ACEA C5, 0W-20 / 5W-30;4.7;HU 6027 z;нет данных;нет данных;C 27073;нет данных;нет данных;нет данных;нет данных;нет данных;Заполнено агентом;нет данных;нет данных;нет данных;нет данных;нет данных;нет данных;нет данных;нет данных;NGN A-LINE 5W-30;V182575117;NGN A-LINE 5W-40;V182575120;ROWE HIGHTEC MULTI SYNT DPF 5W-30;20125-0040-99;ROWE HIGHTEC SYNT RSi 5W-40;20001-0040-99;TEBOIL Gold L 5W-30;2459465;TEBOIL Gold L 5W-40;3453956;G-Energy Synthetic Active 5W-30;253142405;G-Energy Synthetic Active 5W-40;253142406;Totachi NIRO LV SP/GF-5 5W-30;1G104;Totachi NIRO Optima PRO 5W-40;1C812
Chery;Tiggo 4;2020;2024;1.5L (113 л.с.);бензин;NGN PROFI A-LINE 5W-30;V272085301;NGN GOLD A-LINE 5W-40;V272085302;API SN/SP, 5W-30 / 0W-20;4.3;W 712/83;нет данных;нет данных;нет данных;нет данных;нет данных;нет данных;нет данных;нет данных;Заполнено агентом;нет данных;нет данных;нет данных;нет данных;нет данных;нет данных;нет данных;нет данных;NGN A-LINE 5W-30;V182575117;NGN A-LINE 5W-40;V182575120;ROWE HIGHTEC MULTI SYNT DPF 5W-30;20125-0040-99;ROWE HIGHTEC SYNT RSi 5W-40;20001-0040-99;TEBOIL Gold L 5W-30;2459465;TEBOIL Gold L 5W-40;3453956;G-Energy Synthetic Active 5W-30;253142405;G-Energy Synthetic Active 5W-40;253142406;Totachi NIRO LV SP/GF-5 5W-30;1G104;Totachi NIRO Optima PRO 5W-40;1C812
Chery;Tiggo 4;2020;2024;1.5L Turbo (147 л.с.);бензин;NGN PROFI A-LINE 5W-30;V272085301;NGN GOLD A-LINE 5W-40;V272085302;API SN/SP, 5W-30 / 5W-40;4.3;W 712/83;нет данных;нет данных;нет данных;нет данных;нет данных;нет данных;нет данных;нет данных;Заполнено агентом;нет данных;нет данных;нет данных;нет данных;нет данных;нет данных;нет данных;нет данных;NGN A-LINE 5W-30;V182575117;NGN A-LINE 5W-40;V182575120;ROWE HIGHTEC MULTI SYNT DPF 5W-30;20125-0040-99;ROWE HIGHTEC SYNT RSi 5W-40;20001-0040-99;TEBOIL Gold L 5W-30;2459465;TEBOIL Gold L 5W-40;3453956;G-Energy Synthetic Active 5W-30;253142405;G-Energy Synthetic Active 5W-40;253142406;Totachi NIRO LV SP/GF-5 5W-30;1G104;Totachi NIRO Optima PRO 5W-40;1C812
Chevrolet;Lacetti Clan;2007;2012;1.4L / 1.6L (бензин);бензин;NGN PROFI A-LINE 5W-30;V272085301;NGN GOLD A-LINE 5W-40;V272085302;ACEA A3/B4, 10W-40 / 5W-30;3.75;W 712/75;нет данных;нет данных;нет данных;нет данных;нет данных;нет данных;нет данных;нет данных;Заполнено агентом;нет данных;нет данных;нет данных;нет данных;нет данных;нет данных;нет данных;нет данных;NGN A-LINE 5W-30;V182575117;NGN A-LINE 5W-40;V182575120;ROWE HIGHTEC MULTI SYNT DPF 5W-30;20125-0040-99;ROWE HIGHTEC SYNT RSi 5W-40;20001-0040-99;TEBOIL Gold L 5W-30;2459465;TEBOIL Gold L 5W-40;3453956;G-Energy Synthetic Active 5W-30;253142405;G-Energy Synthetic Active 5W-40;253142406;Totachi NIRO LV SP/GF-5 5W-30;1G104;Totachi NIRO Optima PRO 5W-40;1C812
Chevrolet;Lacetti Clan;2007;2012;1.8L (бензин);бензин;NGN PROFI A-LINE 5W-30;V272085301;NGN GOLD A-LINE 5W-40;V272085302;ACEA A3/B4, 10W-40 / 5W-30;4.0;W 712/75;нет данных;нет данных;нет данных;нет данных;нет данных;нет данных;нет данных;нет данных;Заполнено агентом;нет данных;нет данных;нет данных;нет данных;нет данных;нет данных;нет данных;нет данных;NGN A-LINE 5W-30;V182575117;NGN A-LINE 5W-40;V182575120;ROWE HIGHTEC MULTI SYNT DPF 5W-30;20125-0040-99;ROWE HIGHTEC SYNT RSi 5W-40;20001-0040-99;TEBOIL Gold L 5W-30;2459465;TEBOIL Gold L 5W-40;3453956;G-Energy Synthetic Active 5W-30;253142405;G-Energy Synthetic Active 5W-40;253142406;Totachi NIRO LV SP/GF-5 5W-30;1G104;Totachi NIRO Optima PRO 5W-40;1C812
Chevrolet;Lacetti Clan;2007;2012;2.0L (дизель);дизель;NGN PROFI A-LINE 5W-30;V272085301;NGN GOLD A-LINE 5W-40;V272085302;ACEA C3, 5W-40;6.2;HU 719/3 x;нет данных;нет данных;нет данных;нет данных;нет данных;нет данных;нет данных;нет данных;Заполнено агентом;нет данных;нет данных;нет данных;нет данных;нет данных;нет данных;нет данных;нет данных;NGN A-LINE 5W-30;V182575117;NGN A-LINE 5W-40;V182575120;ROWE HIGHTEC MULTI SYNT DPF 5W-30;20125-0040-99;ROWE HIGHTEC SYNT RSi 5W-40;20001-0040-99;TEBOIL Gold L 5W-30;2459465;TEBOIL Gold L 5W-40;3453956;G-Energy Synthetic Active 5W-30;253142405;G-Energy Synthetic Active 5W-40;253142406;Totachi NIRO LV SP/GF-5 5W-30;1G104;Totachi NIRO Optima PRO 5W-40;1C812
Chevrolet;Aveo;2008;2011;1.2L (84 л.с.);бензин;NGN PROFI A-LINE 5W-30;V272085301;NGN GOLD A-LINE 5W-40;V272085302;ACEA A3/B4, Dexos2, 5W-30;3.75;W 712/75 / W 6021;нет данных;нет данных;нет данных;нет данных;нет данных;нет данных;нет данных;нет данных;Заполнено агентом;нет данных;нет данных;нет данных;нет данных;нет данных;нет данных;нет данных;нет данных;NGN A-LINE 5W-30;V182575117;NGN A-LINE 5W-40;V182575120;ROWE HIGHTEC MULTI SYNT DPF 5W-30;20125-0040-99;ROWE HIGHTEC SYNT RSi 5W-40;20001-0040-99;TEBOIL Gold L 5W-30;2459465;TEBOIL Gold L 5W-40;3453956;G-Energy Synthetic Active 5W-30;253142405;G-Energy Synthetic Active 5W-40;253142406;Totachi NIRO LV SP/GF-5 5W-30;1G104;Totachi NIRO Optima PRO 5W-40;1C812
Chevrolet;Aveo;2008;2011;1.2L (72 л.с.);бензин;NGN PROFI A-LINE 5W-30;V272085301;NGN GOLD A-LINE 5W-40;V272085302;ACEA A5/B5, API SL, 5W-30;3.2;W 712/75 / W 6021;нет данных;нет данных;нет данных;нет данных;нет данных;нет данных;нет данных;нет данных;Заполнено агентом;нет данных;нет данных;нет данных;нет данных;нет данных;нет данных;нет данных;нет данных;NGN A-LINE 5W-30;V182575117;NGN A-LINE 5W-40;V182575120;ROWE HIGHTEC MULTI SYNT DPF 5W-30;20125-0040-99;ROWE HIGHTEC SYNT RSi 5W-40;20001-0040-99;TEBOIL Gold L 5W-30;2459465;TEBOIL Gold L 5W-40;3453956;G-Energy Synthetic Active 5W-30;253142405;G-Energy Synthetic Active 5W-40;253142406;Totachi NIRO LV SP/GF-5 5W-30;1G104;Totachi NIRO Optima PRO 5W-40;1C812
Chevrolet;Aveo;2008;2011;1.4L (101 л.с.);бензин;NGN PROFI A-LINE 5W-30;V272085301;NGN GOLD A-LINE 5W-40;V272085302;ACEA A3/B4, Dexos2, 5W-30 / 5W-40;4.5;W 712/75;нет данных;нет данных;нет данных;нет данных;нет данных;нет данных;нет данных;нет данных;Заполнено агентом;нет данных;нет данных;нет данных;нет данных;нет данных;нет данных;нет данных;нет данных;NGN A-LINE 5W-30;V182575117;NGN A-LINE 5W-40;V182575120;ROWE HIGHTEC MULTI SYNT DPF 5W-30;20125-0040-99;ROWE HIGHTEC SYNT RSi 5W-40;20001-0040-99;TEBOIL Gold L 5W-30;2459465;TEBOIL Gold L 5W-40;3453956;G-Energy Synthetic Active 5W-30;253142405;G-Energy Synthetic Active 5W-40;253142406;Totachi NIRO LV SP/GF-5 5W-30;1G104;Totachi NIRO Optima PRO 5W-40;1C812
Chevrolet;Aveo;2008;2011;1.6L;бензин;NGN PROFI A-LINE 5W-30;V272085301;NGN GOLD A-LINE 5W-40;V272085302;ACEA A3/B4, Dexos2, 5W-30;3.75;W 712/75;нет данных;нет данных;нет данных;нет данных;нет данных;нет данных;нет данных;нет данных;Заполнено агентом;нет данных;нет данных;нет данных;нет данных;нет данных;нет данных;нет данных;нет данных;NGN A-LINE 5W-30;V182575117;NGN A-LINE 5W-40;V182575120;ROWE HIGHTEC MULTI SYNT DPF 5W-30;20125-0040-99;ROWE HIGHTEC SYNT RSi 5W-40;20001-0040-99;TEBOIL Gold L 5W-30;2459465;TEBOIL Gold L 5W-40;3453956;G-Energy Synthetic Active 5W-30;253142405;G-Energy Synthetic Active 5W-40;253142406;Totachi NIRO LV SP/GF-5 5W-30;1G104;Totachi NIRO Optima PRO 5W-40;1C812
Chevrolet;Cobalt;2019;2022;1.5L;бензин;NGN PROFI A-LINE 5W-30;V272085301;NGN GOLD A-LINE 5W-40;V272085302;GM Dexos1 Gen2, 5W-30;3.8;W 6021;нет данных;нет данных;C 24028;нет данных;нет данных;CUK 2442;нет данных;нет данных;Заполнено агентом;нет данных;нет данных;нет данных;нет данных;нет данных;нет данных;нет данных;нет данных;NGN A-LINE 5W-30;V182575117;NGN A-LINE 5W-40;V182575120;ROWE HIGHTEC MULTI SYNT DPF 5W-30;20125-0040-99;ROWE HIGHTEC SYNT RSi 5W-40;20001-0040-99;TEBOIL Gold L 5W-30;2459465;TEBOIL Gold L 5W-40;3453956;G-Energy Synthetic Active 5W-30;253142405;G-Energy Synthetic Active 5W-40;253142406;Totachi NIRO LV SP/GF-5 5W-30;1G104;Totachi NIRO Optima PRO 5W-40;1C812
Chevrolet;Trailblazer;2013;2016;2.5L / 2.8L Duramax;дизель;NGN PROFI A-LINE 5W-30;V272085301;NGN GOLD A-LINE 5W-40;V272085302;GM Dexos2, 5W-30;5.8;HU 6017 z;нет данных;нет данных;нет данных;нет данных;нет данных;нет данных;нет данных;нет данных;Заполнено агентом;нет данных;нет данных;нет данных;нет данных;нет данных;нет данных;нет данных;нет данных;NGN A-LINE 5W-30;V182575117;NGN A-LINE 5W-40;V182575120;ROWE HIGHTEC MULTI SYNT DPF 5W-30;20125-0040-99;ROWE HIGHTEC SYNT RSi 5W-40;20001-0040-99;TEBOIL Gold L 5W-30;2459465;TEBOIL Gold L 5W-40;3453956;G-Energy Synthetic Active 5W-30;253142405;G-Energy Synthetic Active 5W-40;253142406;Totachi NIRO LV SP/GF-5 5W-30;1G104;Totachi NIRO Optima PRO 5W-40;1C812
Chevrolet;Trailblazer;2013;2016;3.6L V6;бензин;NGN PROFI A-LINE 5W-30;V272085301;NGN GOLD A-LINE 5W-40;V272085302;GM Dexos1, 5W-30;5.8;HU 69/3 x;нет данных;нет данных;нет данных;нет данных;нет данных;нет данных;нет данных;нет данных;Заполнено агентом;нет данных;нет данных;нет данных;нет данных;нет данных;нет данных;нет данных;нет данных;NGN A-LINE 5W-30;V182575117;NGN A-LINE 5W-40;V182575120;ROWE HIGHTEC MULTI SYNT DPF 5W-30;20125-0040-99;ROWE HIGHTEC SYNT RSi 5W-40;20001-0040-99;TEBOIL Gold L 5W-30;2459465;TEBOIL Gold L 5W-40;3453956;G-Energy Synthetic Active 5W-30;253142405;G-Energy Synthetic Active 5W-40;253142406;Totachi NIRO LV SP/GF-5 5W-30;1G104;Totachi NIRO Optima PRO 5W-40;1C812
Citroen;C4;2007;2008;1.4L / 1.6L 16V (бензин);бензин;NGN PROFI A-LINE 5W-30;V272085301;NGN GOLD A-LINE 5W-40;V272085302;PSA B71 2312, 0W-30 / 5W-30;4.0;W 7043;нет данных;нет данных;C 4371/1;нет данных;нет данных;FP 2940;нет данных;нет данных;Заполнено агентом;нет данных;нет данных;нет данных;нет данных;нет данных;нет данных;нет данных;нет данных;NGN A-LINE 5W-30;V182575117;NGN A-LINE 5W-40;V182575120;ROWE HIGHTEC MULTI SYNT DPF 5W-30;20125-0040-99;ROWE HIGHTEC SYNT RSi 5W-40;20001-0040-99;TEBOIL Gold L 5W-30;2459465;TEBOIL Gold L 5W-40;3453956;G-Energy Synthetic Active 5W-30;253142405;G-Energy Synthetic Active 5W-40;253142406;Totachi NIRO LV SP/GF-5 5W-30;1G104;Totachi NIRO Optima PRO 5W-40;1C812
Citroen;C4;2007;2008;1.6 VTi / THP;бензин;NGN PROFI A-LINE 5W-30;V272085301;NGN GOLD A-LINE 5W-40;V272085302;PSA B71 2312, 0W-30 / 5W-30;4.0;W 7043;нет данных;нет данных;C 36002;нет данных;нет данных;FP 2940;нет данных;нет данных;Заполнено агентом;нет данных;нет данных;нет данных;нет данных;нет данных;нет данных;нет данных;нет данных;NGN A-LINE 5W-30;V182575117;NGN A-LINE 5W-40;V182575120;ROWE HIGHTEC MULTI SYNT DPF 5W-30;20125-0040-99;ROWE HIGHTEC SYNT RSi 5W-40;20001-0040-99;TEBOIL Gold L 5W-30;2459465;TEBOIL Gold L 5W-40;3453956;G-Energy Synthetic Active 5W-30;253142405;G-Energy Synthetic Active 5W-40;253142406;Totachi NIRO LV SP/GF-5 5W-30;1G104;Totachi NIRO Optima PRO 5W-40;1C812
Citroen;C4;2007;2008;2.0L 16V (бензин);бензин;NGN PROFI A-LINE 5W-30;V272085301;NGN GOLD A-LINE 5W-40;V272085302;PSA B71 2296, 5W-40;5.2;W 7043;нет данных;нет данных;C 4371/1;нет данных;нет данных;FP 2940;нет данных;нет данных;Заполнено агентом;нет данных;нет данных;нет данных;нет данных;нет данных;нет данных;нет данных;нет данных;NGN A-LINE 5W-30;V182575117;NGN A-LINE 5W-40;V182575120;ROWE HIGHTEC MULTI SYNT DPF 5W-30;20125-0040-99;ROWE HIGHTEC SYNT RSi 5W-40;20001-0040-99;TEBOIL Gold L 5W-30;2459465;TEBOIL Gold L 5W-40;3453956;G-Energy Synthetic Active 5W-30;253142405;G-Energy Synthetic Active 5W-40;253142406;Totachi NIRO LV SP/GF-5 5W-30;1G104;Totachi NIRO Optima PRO 5W-40;1C812
Citroen;C4;2007;2008;1.6 HDi;дизель;NGN PROFI A-LINE 5W-30;V272085301;NGN GOLD A-LINE 5W-40;V272085302;PSA B71 2290, 5W-30;4.0;HU 711/51 x;нет данных;нет данных;C 4371/1;нет данных;нет данных;FP 2940;нет данных;нет данных;Заполнено агентом;нет данных;нет данных;нет данных;нет данных;нет данных;нет данных;нет данных;нет данных;NGN A-LINE 5W-30;V182575117;NGN A-LINE 5W-40;V182575120;ROWE HIGHTEC MULTI SYNT DPF 5W-30;20125-0040-99;ROWE HIGHTEC SYNT RSi 5W-40;20001-0040-99;TEBOIL Gold L 5W-30;2459465;TEBOIL Gold L 5W-40;3453956;G-Energy Synthetic Active 5W-30;253142405;G-Energy Synthetic Active 5W-40;253142406;Totachi NIRO LV SP/GF-5 5W-30;1G104;Totachi NIRO Optima PRO 5W-40;1C812
Citroen;C4;2007;2008;2.0 HDi;дизель;NGN PROFI A-LINE 5W-30;V272085301;NGN GOLD A-LINE 5W-40;V272085302;PSA B71 2290, 5W-30;5.2;HU 711/51 x;нет данных;нет данных;C 4371/1;нет данных;нет данных;FP 2940;нет данных;нет данных;Заполнено агентом;нет данных;нет данных;нет данных;нет данных;нет данных;нет данных;нет данных;нет данных;NGN A-LINE 5W-30;V182575117;NGN A-LINE 5W-40;V182575120;ROWE HIGHTEC MULTI SYNT DPF 5W-30;20125-0040-99;ROWE HIGHTEC SYNT RSi 5W-40;20001-0040-99;TEBOIL Gold L 5W-30;2459465;TEBOIL Gold L 5W-40;3453956;G-Energy Synthetic Active 5W-30;253142405;G-Energy Synthetic Active 5W-40;253142406;Totachi NIRO LV SP/GF-5 5W-30;1G104;Totachi NIRO Optima PRO 5W-40;1C812
Citroen;C5;2008;2015;1.6 VTi / THP;бензин;NGN PROFI A-LINE 5W-30;V272085301;NGN GOLD A-LINE 5W-40;V272085302;PSA B71 2296 / 2290, 0W-30 / 5W-30;3.8;HU 816 x;нет данных;нет данных;нет данных;нет данных;нет данных;нет данных;нет данных;нет данных;Заполнено агентом;нет данных;нет данных;нет данных;нет данных;нет данных;нет данных;нет данных;нет данных;NGN A-LINE 5W-30;V182575117;NGN A-LINE 5W-40;V182575120;ROWE HIGHTEC MULTI SYNT DPF 5W-30;20125-0040-99;ROWE HIGHTEC SYNT RSi 5W-40;20001-0040-99;TEBOIL Gold L 5W-30;2459465;TEBOIL Gold L 5W-40;3453956;G-Energy Synthetic Active 5W-30;253142405;G-Energy Synthetic Active 5W-40;253142406;Totachi NIRO LV SP/GF-5 5W-30;1G104;Totachi NIRO Optima PRO 5W-40;1C812
Citroen;C5;2008;2015;1.6 HDi;дизель;NGN PROFI A-LINE 5W-30;V272085301;NGN GOLD A-LINE 5W-40;V272085302;PSA B71 2290 / 2312, 5W-30 / 0W-30;3.8;HU 711/51 x;нет данных;нет данных;нет данных;нет данных;нет данных;нет данных;нет данных;нет данных;Заполнено агентом;нет данных;нет данных;нет данных;нет данных;нет данных;нет данных;нет данных;нет данных;NGN A-LINE 5W-30;V182575117;NGN A-LINE 5W-40;V182575120;ROWE HIGHTEC MULTI SYNT DPF 5W-30;20125-0040-99;ROWE HIGHTEC SYNT RSi 5W-40;20001-0040-99;TEBOIL Gold L 5W-30;2459465;TEBOIL Gold L 5W-40;3453956;G-Energy Synthetic Active 5W-30;253142405;G-Energy Synthetic Active 5W-40;253142406;Totachi NIRO LV SP/GF-5 5W-30;1G104;Totachi NIRO Optima PRO 5W-40;1C812
Citroen;C5;2008;2015;2.0 HDi / 2.2 HDi;дизель;NGN PROFI A-LINE 5W-30;V272085301;NGN GOLD A-LINE 5W-40;V272085302;PSA B71 2290 / 2312, 5W-30 / 0W-30;5.0;HU 711/51 x;нет данных;нет данных;нет данных;нет данных;нет данных;нет данных;нет данных;нет данных;Заполнено агентом;нет данных;нет данных;нет данных;нет данных;нет данных;нет данных;нет данных;нет данных;NGN A-LINE 5W-30;V182575117;NGN A-LINE 5W-40;V182575120;ROWE HIGHTEC MULTI SYNT DPF 5W-30;20125-0040-99;ROWE HIGHTEC SYNT RSi 5W-40;20001-0040-99;TEBOIL Gold L 5W-30;2459465;TEBOIL Gold L 5W-40;3453956;G-Energy Synthetic Active 5W-30;253142405;G-Energy Synthetic Active 5W-40;253142406;Totachi NIRO LV SP/GF-5 5W-30;1G104;Totachi NIRO Optima PRO 5W-40;1C812
Citroen;C5;2008;2015;3.0 HDi V6;дизель;NGN PROFI A-LINE 5W-30;V272085301;NGN GOLD A-LINE 5W-40;V272085302;PSA B71 2290 / 2312, 5W-30 / 0W-30;6.4;HU 934/1 x;нет данных;нет данных;нет данных;нет данных;нет данных;нет данных;нет данных;нет данных;Заполнено агентом;нет данных;нет данных;нет данных;нет данных;нет данных;нет данных;нет данных;нет данных;NGN A-LINE 5W-30;V182575117;NGN A-LINE 5W-40;V182575120;ROWE HIGHTEC MULTI SYNT DPF 5W-30;20125-0040-99;ROWE HIGHTEC SYNT RSi 5W-40;20001-0040-99;TEBOIL Gold L 5W-30;2459465;TEBOIL Gold L 5W-40;3453956;G-Energy Synthetic Active 5W-30;253142405;G-Energy Synthetic Active 5W-40;253142406;Totachi NIRO LV SP/GF-5 5W-30;1G104;Totachi NIRO Optima PRO 5W-40;1C812
Citroen;C-Crosser;2007;2012;2.4i;бензин;NGN PROFI A-LINE 5W-30;V272085301;NGN GOLD A-LINE 5W-40;V272085302;PSA B71 2296, 5W-30 / 5W-40;4.8;W 610/3;нет данных;нет данных;нет данных;нет данных;нет данных;нет данных;нет данных;нет данных;Заполнено агентом;нет данных;нет данных;нет данных;нет данных;нет данных;нет данных;нет данных;нет данных;NGN A-LINE 5W-30;V182575117;NGN A-LINE 5W-40;V182575120;ROWE HIGHTEC MULTI SYNT DPF 5W-30;20125-0040-99;ROWE HIGHTEC SYNT RSi 5W-40;20001-0040-99;TEBOIL Gold L 5W-30;2459465;TEBOIL Gold L 5W-40;3453956;G-Energy Synthetic Active 5W-30;253142405;G-Energy Synthetic Active 5W-40;253142406;Totachi NIRO LV SP/GF-5 5W-30;1G104;Totachi NIRO Optima PRO 5W-40;1C812
Citroen;C-Crosser;2007;2012;2.2 HDi;дизель;NGN PROFI A-LINE 5W-30;V272085301;NGN GOLD A-LINE 5W-40;V272085302;PSA B71 2290, ACEA C2/C3, 5W-30;5.5;HU 711/51 x;нет данных;нет данных;нет данных;нет данных;нет данных;нет данных;нет данных;нет данных;Заполнено агентом;нет данных;нет данных;нет данных;нет данных;нет данных;нет данных;нет данных;нет данных;NGN A-LINE 5W-30;V182575117;NGN A-LINE 5W-40;V182575120;ROWE HIGHTEC MULTI SYNT DPF 5W-30;20125-0040-99;ROWE HIGHTEC SYNT RSi 5W-40;20001-0040-99;TEBOIL Gold L 5W-30;2459465;TEBOIL Gold L 5W-40;3453956;G-Energy Synthetic Active 5W-30;253142405;G-Energy Synthetic Active 5W-40;253142406;Totachi NIRO LV SP/GF-5 5W-30;1G104;Totachi NIRO Optima PRO 5W-40;1C812
Citroen;Spacetourer;2016;2024;1.6 BlueHDi;дизель;NGN PROFI A-LINE 5W-30;V272085301;NGN GOLD A-LINE 5W-40;V272085302;PSA B71 2312, ACEA C2, 0W-30 / 5W-30;5.5;HU 7033 z;нет данных;нет данных;C 36003;нет данных;нет данных;CUK 29 003-2;нет данных;нет данных;Заполнено агентом;нет данных;нет данных;нет данных;нет данных;нет данных;нет данных;нет данных;нет данных;NGN A-LINE 5W-30;V182575117;NGN A-LINE 5W-40;V182575120;ROWE HIGHTEC MULTI SYNT DPF 5W-30;20125-0040-99;ROWE HIGHTEC SYNT RSi 5W-40;20001-0040-99;TEBOIL Gold L 5W-30;2459465;TEBOIL Gold L 5W-40;3453956;G-Energy Synthetic Active 5W-30;253142405;G-Energy Synthetic Active 5W-40;253142406;Totachi NIRO LV SP/GF-5 5W-30;1G104;Totachi NIRO Optima PRO 5W-40;1C812
Citroen;Spacetourer;2016;2024;2.0 BlueHDi;дизель;NGN PROFI A-LINE 5W-30;V272085301;NGN GOLD A-LINE 5W-40;V272085302;PSA B71 2312 / 2290, 0W-30 / 5W-30;5.5;HU 711/51 x;нет данных;нет данных;C 29110;нет данных;нет данных;CUK 29 003-2;нет данных;нет данных;Заполнено агентом;нет данных;нет данных;нет данных;нет данных;нет данных;нет данных;нет данных;нет данных;NGN A-LINE 5W-30;V182575117;NGN A-LINE 5W-40;V182575120;ROWE HIGHTEC MULTI SYNT DPF 5W-30;20125-0040-99;ROWE HIGHTEC SYNT RSi 5W-40;20001-0040-99;TEBOIL Gold L 5W-30;2459465;TEBOIL Gold L 5W-40;3453956;G-Energy Synthetic Active 5W-30;253142405;G-Energy Synthetic Active 5W-40;253142406;Totachi NIRO LV SP/GF-5 5W-30;1G104;Totachi NIRO Optima PRO 5W-40;1C812
Citroen;Jumper;2014;2024;2.2 HDi (до 2018);дизель;NGN PROFI A-LINE 5W-30;V272085301;NGN GOLD A-LINE 5W-40;V272085302;PSA B71 2290, ACEA C2, 5W-30;6.2;HU 711/51 x;нет данных;нет данных;нет данных;нет данных;нет данных;нет данных;нет данных;нет данных;Заполнено агентом;нет данных;нет данных;нет данных;нет данных;нет данных;нет данных;нет данных;нет данных;NGN A-LINE 5W-30;V182575117;NGN A-LINE 5W-40;V182575120;ROWE HIGHTEC MULTI SYNT DPF 5W-30;20125-0040-99;ROWE HIGHTEC SYNT RSi 5W-40;20001-0040-99;TEBOIL Gold L 5W-30;2459465;TEBOIL Gold L 5W-40;3453956;G-Energy Synthetic Active 5W-30;253142405;G-Energy Synthetic Active 5W-40;253142406;Totachi NIRO LV SP/GF-5 5W-30;1G104;Totachi NIRO Optima PRO 5W-40;1C812
Citroen;Jumper;2014;2024;2.0 BlueHDi / 2.2 BlueHDi;дизель;NGN PROFI A-LINE 5W-30;V272085301;NGN GOLD A-LINE 5W-40;V272085302;PSA B71 2290 / 2312, 5W-30 / 0W-30;6.6;W 7063;нет данных;нет данных;нет данных;нет данных;нет данных;нет данных;нет данных;нет данных;Заполнено агентом;нет данных;нет данных;нет данных;нет данных;нет данных;нет данных;нет данных;нет данных;NGN A-LINE 5W-30;V182575117;NGN A-LINE 5W-40;V182575120;ROWE HIGHTEC MULTI SYNT DPF 5W-30;20125-0040-99;ROWE HIGHTEC SYNT RSi 5W-40;20001-0040-99;TEBOIL Gold L 5W-30;2459465;TEBOIL Gold L 5W-40;3453956;G-Energy Synthetic Active 5W-30;253142405;G-Energy Synthetic Active 5W-40;253142406;Totachi NIRO LV SP/GF-5 5W-30;1G104;Totachi NIRO Optima PRO 5W-40;1C812
Citroen;Jumper;2014;2024;e-Jumper;электро;NGN PROFI A-LINE 5W-30;V272085301;NGN GOLD A-LINE 5W-40;V272085302;нет;0;нет;нет данных;нет данных;нет;нет данных;нет данных;нет данных;нет данных;нет данных;Заполнено агентом;нет данных;нет данных;нет данных;нет данных;нет данных;нет данных;нет данных;нет данных;NGN A-LINE 5W-30;V182575117;NGN A-LINE 5W-40;V182575120;ROWE HIGHTEC MULTI SYNT DPF 5W-30;20125-0040-99;ROWE HIGHTEC SYNT RSi 5W-40;20001-0040-99;TEBOIL Gold L 5W-30;2459465;TEBOIL Gold L 5W-40;3453956;G-Energy Synthetic Active 5W-30;253142405;G-Energy Synthetic Active 5W-40;253142406;Totachi NIRO LV SP/GF-5 5W-30;1G104;Totachi NIRO Optima PRO 5W-40;1C812
Citroen;DS4;2011;2015;1.6 VTi / THP;бензин;NGN PROFI A-LINE 5W-30;V272085301;NGN GOLD A-LINE 5W-40;V272085302;PSA B71 2290, 0W-30 / 5W-30;4.25;HU 816 x;нет данных;нет данных;нет данных;нет данных;нет данных;нет данных;нет данных;нет данных;Заполнено агентом;нет данных;нет данных;нет данных;нет данных;нет данных;нет данных;нет данных;нет данных;NGN A-LINE 5W-30;V182575117;NGN A-LINE 5W-40;V182575120;ROWE HIGHTEC MULTI SYNT DPF 5W-30;20125-0040-99;ROWE HIGHTEC SYNT RSi 5W-40;20001-0040-99;TEBOIL Gold L 5W-30;2459465;TEBOIL Gold L 5W-40;3453956;G-Energy Synthetic Active 5W-30;253142405;G-Energy Synthetic Active 5W-40;253142406;Totachi NIRO LV SP/GF-5 5W-30;1G104;Totachi NIRO Optima PRO 5W-40;1C812
Citroen;DS4;2011;2015;1.6 HDi;дизель;NGN PROFI A-LINE 5W-30;V272085301;NGN GOLD A-LINE 5W-40;V272085302;PSA B71 2290, 0W-30 / 5W-30;4.25;HU 716/2 x;нет данных;нет данных;нет данных;нет данных;нет данных;нет данных;нет данных;нет данных;Заполнено агентом;нет данных;нет данных;нет данных;нет данных;нет данных;нет данных;нет данных;нет данных;NGN A-LINE 5W-30;V182575117;NGN A-LINE 5W-40;V182575120;ROWE HIGHTEC MULTI SYNT DPF 5W-30;20125-0040-99;ROWE HIGHTEC SYNT RSi 5W-40;20001-0040-99;TEBOIL Gold L 5W-30;2459465;TEBOIL Gold L 5W-40;3453956;G-Energy Synthetic Active 5W-30;253142405;G-Energy Synthetic Active 5W-40;253142406;Totachi NIRO LV SP/GF-5 5W-30;1G104;Totachi NIRO Optima PRO 5W-40;1C812
Citroen;DS4;2011;2015;2.0 HDi;дизель;NGN PROFI A-LINE 5W-30;V272085301;NGN GOLD A-LINE 5W-40;V272085302;PSA B71 2290, 0W-30 / 5W-30;4.25;HU 711/51 x / HU 816 x;нет данных;нет данных;нет данных;нет данных;нет данных;нет данных;нет данных;нет данных;Заполнено агентом;нет данных;нет данных;нет данных;нет данных;нет данных;нет данных;нет данных;нет данных;NGN A-LINE 5W-30;V182575117;NGN A-LINE 5W-40;V182575120;ROWE HIGHTEC MULTI SYNT DPF 5W-30;20125-0040-99;ROWE HIGHTEC SYNT RSi 5W-40;20001-0040-99;TEBOIL Gold L 5W-30;2459465;TEBOIL Gold L 5W-40;3453956;G-Energy Synthetic Active 5W-30;253142405;G-Energy Synthetic Active 5W-40;253142406;Totachi NIRO LV SP/GF-5 5W-30;1G104;Totachi NIRO Optima PRO 5W-40;1C812
Citroen;Berlingo;2008;2012;1.6 VTi (бензин);бензин;NGN PROFI A-LINE 5W-30;V272085301;NGN GOLD A-LINE 5W-40;V272085302;PSA B71 2290, 5W-30 / 0W-30;3.5;HU 711/51 x;нет данных;нет данных;нет данных;нет данных;нет данных;нет данных;нет данных;нет данных;Заполнено агентом;нет данных;нет данных;нет данных;нет данных;нет данных;нет данных;нет данных;нет данных;NGN A-LINE 5W-30;V182575117;NGN A-LINE 5W-40;V182575120;ROWE HIGHTEC MULTI SYNT DPF 5W-30;20125-0040-99;ROWE HIGHTEC SYNT RSi 5W-40;20001-0040-99;TEBOIL Gold L 5W-30;2459465;TEBOIL Gold L 5W-40;3453956;G-Energy Synthetic Active 5W-30;253142405;G-Energy Synthetic Active 5W-40;253142406;Totachi NIRO LV SP/GF-5 5W-30;1G104;Totachi NIRO Optima PRO 5W-40;1C812
Citroen;Berlingo;2008;2012;1.6 HDi;дизель;NGN PROFI A-LINE 5W-30;V272085301;NGN GOLD A-LINE 5W-40;V272085302;PSA B71 2290, ACEA C3, 5W-30 / 0W-30;3.5;HU 711/51 x;нет данных;нет данных;нет данных;нет данных;нет данных;нет данных;нет данных;нет данных;Заполнено агентом;нет данных;нет данных;нет данных;нет данных;нет данных;нет данных;нет данных;нет данных;NGN A-LINE 5W-30;V182575117;NGN A-LINE 5W-40;V182575120;ROWE HIGHTEC MULTI SYNT DPF 5W-30;20125-0040-99;ROWE HIGHTEC SYNT RSi 5W-40;20001-0040-99;TEBOIL Gold L 5W-30;2459465;TEBOIL Gold L 5W-40;3453956;G-Energy Synthetic Active 5W-30;253142405;G-Energy Synthetic Active 5W-40;253142406;Totachi NIRO LV SP/GF-5 5W-30;1G104;Totachi NIRO Optima PRO 5W-40;1C812
Datsun;on-DO;2014;2020;1.6 (82 / 87 л.с.);бензин;NGN PROFI A-LINE 5W-30;V272085301;NGN GOLD A-LINE 5W-40;V272085302;ACEA A3 / API SN, 5W-40 / 10W-40;3.5;W 914/2;нет данных;нет данных;C 22117;нет данных;нет данных;нет данных;нет данных;нет данных;Заполнено агентом;нет данных;нет данных;нет данных;нет данных;нет данных;нет данных;нет данных;нет данных;NGN A-LINE 5W-30;V182575117;NGN A-LINE 5W-40;V182575120;ROWE HIGHTEC MULTI SYNT DPF 5W-30;20125-0040-99;ROWE HIGHTEC SYNT RSi 5W-40;20001-0040-99;TEBOIL Gold L 5W-30;2459465;TEBOIL Gold L 5W-40;3453956;G-Energy Synthetic Active 5W-30;253142405;G-Energy Synthetic Active 5W-40;253142406;Totachi NIRO LV SP/GF-5 5W-30;1G104;Totachi NIRO Optima PRO 5W-40;1C812
Datsun;on-DO;2014;2020;1.6 (106 л.с.);бензин;NGN PROFI A-LINE 5W-30;V272085301;NGN GOLD A-LINE 5W-40;V272085302;ACEA A3 / API SN, 5W-40 / 10W-40;3.5;W 914/2;нет данных;нет данных;C 22117;нет данных;нет данных;нет данных;нет данных;нет данных;Заполнено агентом;нет данных;нет данных;нет данных;нет данных;нет данных;нет данных;нет данных;нет данных;NGN A-LINE 5W-30;V182575117;NGN A-LINE 5W-40;V182575120;ROWE HIGHTEC MULTI SYNT DPF 5W-30;20125-0040-99;ROWE HIGHTEC SYNT RSi 5W-40;20001-0040-99;TEBOIL Gold L 5W-30;2459465;TEBOIL Gold L 5W-40;3453956;G-Energy Synthetic Active 5W-30;253142405;G-Energy Synthetic Active 5W-40;253142406;Totachi NIRO LV SP/GF-5 5W-30;1G104;Totachi NIRO Optima PRO 5W-40;1C812
Datsun;mi-DO;2014;2020;1.6 (87 л.с.);бензин;NGN PROFI A-LINE 5W-30;V272085301;NGN GOLD A-LINE 5W-40;V272085302;ACEA A3 / API SN, 5W-40 / 10W-40;3.5;W 914/2;нет данных;нет данных;C 22117;нет данных;нет данных;нет данных;нет данных;нет данных;Заполнено агентом;нет данных;нет данных;нет данных;нет данных;нет данных;нет данных;нет данных;нет данных;NGN A-LINE 5W-30;V182575117;NGN A-LINE 5W-40;V182575120;ROWE HIGHTEC MULTI SYNT DPF 5W-30;20125-0040-99;ROWE HIGHTEC SYNT RSi 5W-40;20001-0040-99;TEBOIL Gold L 5W-30;2459465;TEBOIL Gold L 5W-40;3453956;G-Energy Synthetic Active 5W-30;253142405;G-Energy Synthetic Active 5W-40;253142406;Totachi NIRO LV SP/GF-5 5W-30;1G104;Totachi NIRO Optima PRO 5W-40;1C812
Datsun;mi-DO;2014;2020;1.6 (106 л.с.);бензин;NGN PROFI A-LINE 5W-30;V272085301;NGN GOLD A-LINE 5W-40;V272085302;ACEA A3 / API SN, 5W-40 / 10W-40;3.5;W 914/2;нет данных;нет данных;C 22117;нет данных;нет данных;нет данных;нет данных;нет данных;Заполнено агентом;нет данных;нет данных;нет данных;нет данных;нет данных;нет данных;нет данных;нет данных;NGN A-LINE 5W-30;V182575117;NGN A-LINE 5W-40;V182575120;ROWE HIGHTEC MULTI SYNT DPF 5W-30;20125-0040-99;ROWE HIGHTEC SYNT RSi 5W-40;20001-0040-99;TEBOIL Gold L 5W-30;2459465;TEBOIL Gold L 5W-40;3453956;G-Energy Synthetic Active 5W-30;253142405;G-Energy Synthetic Active 5W-40;253142406;Totachi NIRO LV SP/GF-5 5W-30;1G104;Totachi NIRO Optima PRO 5W-40;1C812
FAW;Besturn X40;2019;2021;1.6 CA4GB16;бензин;NGN PROFI A-LINE 5W-30;V272085301;NGN GOLD A-LINE 5W-40;V272085302;API SN / 5W-40;4.0;W 712/75;нет данных;нет данных;нет данных;нет данных;нет данных;нет данных;нет данных;нет данных;Заполнено агентом;нет данных;нет данных;нет данных;нет данных;нет данных;нет данных;нет данных;нет данных;NGN A-LINE 5W-30;V182575117;NGN A-LINE 5W-40;V182575120;ROWE HIGHTEC MULTI SYNT DPF 5W-30;20125-0040-99;ROWE HIGHTEC SYNT RSi 5W-40;20001-0040-99;TEBOIL Gold L 5W-30;2459465;TEBOIL Gold L 5W-40;3453956;G-Energy Synthetic Active 5W-30;253142405;G-Energy Synthetic Active 5W-40;253142406;Totachi NIRO LV SP/GF-5 5W-30;1G104;Totachi NIRO Optima PRO 5W-40;1C812
FAW;Besturn X80;2017;2020;2.0 CA4GD1;бензин;NGN PROFI A-LINE 5W-30;V272085301;NGN GOLD A-LINE 5W-40;V272085302;API SP/SN+, 5W-40 / 10W-40;4.0;W 712/73;нет данных;нет данных;C 3233;нет данных;нет данных;CUK 2043;нет данных;нет данных;Заполнено агентом;нет данных;нет данных;нет данных;нет данных;нет данных;нет данных;нет данных;нет данных;NGN A-LINE 5W-30;V182575117;NGN A-LINE 5W-40;V182575120;ROWE HIGHTEC MULTI SYNT DPF 5W-30;20125-0040-99;ROWE HIGHTEC SYNT RSi 5W-40;20001-0040-99;TEBOIL Gold L 5W-30;2459465;TEBOIL Gold L 5W-40;3453956;G-Energy Synthetic Active 5W-30;253142405;G-Energy Synthetic Active 5W-40;253142406;Totachi NIRO LV SP/GF-5 5W-30;1G104;Totachi NIRO Optima PRO 5W-40;1C812
FAW;Besturn X80;2017;2020;1.8T CA4GC18T;бензин;NGN PROFI A-LINE 5W-30;V272085301;NGN GOLD A-LINE 5W-40;V272085302;API SN / 5W-40;4.5;W 712/75;нет данных;нет данных;C 3233;нет данных;нет данных;CUK 2043;нет данных;нет данных;Заполнено агентом;нет данных;нет данных;нет данных;нет данных;нет данных;нет данных;нет данных;нет данных;NGN A-LINE 5W-30;V182575117;NGN A-LINE 5W-40;V182575120;ROWE HIGHTEC MULTI SYNT DPF 5W-30;20125-0040-99;ROWE HIGHTEC SYNT RSi 5W-40;20001-0040-99;TEBOIL Gold L 5W-30;2459465;TEBOIL Gold L 5W-40;3453956;G-Energy Synthetic Active 5W-30;253142405;G-Energy Synthetic Active 5W-40;253142406;Totachi NIRO LV SP/GF-5 5W-30;1G104;Totachi NIRO Optima PRO 5W-40;1C812
Ford;Ranger;2007;2011;2.5 TDCi;дизель;NGN PROFI A-LINE 5W-30;V272085301;NGN GOLD A-LINE 5W-40;V272085302;ACEA A5/B5, 5W-30;5.0;W 713/36;нет данных;нет данных;C 23 107;нет данных;нет данных;CU 24 006;нет данных;нет данных;Заполнено агентом;нет данных;нет данных;нет данных;нет данных;нет данных;нет данных;нет данных;нет данных;NGN A-LINE 5W-30;V182575117;NGN A-LINE 5W-40;V182575120;ROWE HIGHTEC MULTI SYNT DPF 5W-30;20125-0040-99;ROWE HIGHTEC SYNT RSi 5W-40;20001-0040-99;TEBOIL Gold L 5W-30;2459465;TEBOIL Gold L 5W-40;3453956;G-Energy Synthetic Active 5W-30;253142405;G-Energy Synthetic Active 5W-40;253142406;Totachi NIRO LV SP/GF-5 5W-30;1G104;Totachi NIRO Optima PRO 5W-40;1C812
Ford;Ranger;2007;2011;3.0 TDCi;дизель;NGN PROFI A-LINE 5W-30;V272085301;NGN GOLD A-LINE 5W-40;V272085302;ACEA A5/B5, 5W-30;8.9;W 713/36;нет данных;нет данных;C 23 107;нет данных;нет данных;CU 24 006;нет данных;нет данных;Заполнено агентом;нет данных;нет данных;нет данных;нет данных;нет данных;нет данных;нет данных;нет данных;NGN A-LINE 5W-30;V182575117;NGN A-LINE 5W-40;V182575120;ROWE HIGHTEC MULTI SYNT DPF 5W-30;20125-0040-99;ROWE HIGHTEC SYNT RSi 5W-40;20001-0040-99;TEBOIL Gold L 5W-30;2459465;TEBOIL Gold L 5W-40;3453956;G-Energy Synthetic Active 5W-30;253142405;G-Energy Synthetic Active 5W-40;253142406;Totachi NIRO LV SP/GF-5 5W-30;1G104;Totachi NIRO Optima PRO 5W-40;1C812
Ford;Fusion;2005;2007;1.4L / 1.6L Duratec;бензин;NGN PROFI A-LINE 5W-30;V272085301;NGN GOLD A-LINE 5W-40;V272085302;ACEA A5/B5, 5W-30;4.0;W 7015 / W 67/1;нет данных;нет данных;нет данных;нет данных;нет данных;нет данных;нет данных;нет данных;Заполнено агентом;нет данных;нет данных;нет данных;нет данных;нет данных;нет данных;нет данных;нет данных;NGN A-LINE 5W-30;V182575117;NGN A-LINE 5W-40;V182575120;ROWE HIGHTEC MULTI SYNT DPF 5W-30;20125-0040-99;ROWE HIGHTEC SYNT RSi 5W-40;20001-0040-99;TEBOIL Gold L 5W-30;2459465;TEBOIL Gold L 5W-40;3453956;G-Energy Synthetic Active 5W-30;253142405;G-Energy Synthetic Active 5W-40;253142406;Totachi NIRO LV SP/GF-5 5W-30;1G104;Totachi NIRO Optima PRO 5W-40;1C812
Ford;Fusion;2005;2007;1.4 TDCi / 1.6 TDCi;дизель;NGN PROFI A-LINE 5W-30;V272085301;NGN GOLD A-LINE 5W-40;V272085302;ACEA A5/B5, 5W-30;4.0;нет данных;нет данных;нет данных;нет данных;нет данных;нет данных;нет данных;нет данных;нет данных;Заполнено агентом;нет данных;нет данных;нет данных;нет данных;нет данных;нет данных;нет данных;нет данных;NGN A-LINE 5W-30;V182575117;NGN A-LINE 5W-40;V182575120;ROWE HIGHTEC MULTI SYNT DPF 5W-30;20125-0040-99;ROWE HIGHTEC SYNT RSi 5W-40;20001-0040-99;TEBOIL Gold L 5W-30;2459465;TEBOIL Gold L 5W-40;3453956;G-Energy Synthetic Active 5W-30;253142405;G-Energy Synthetic Active 5W-40;253142406;Totachi NIRO LV SP/GF-5 5W-30;1G104;Totachi NIRO Optima PRO 5W-40;1C812
Ford;Mondeo;2013;2014;1.6 / 2.0 EcoBoost;бензин;NGN PROFI A-LINE 5W-30;V272085301;NGN GOLD A-LINE 5W-40;V272085302;WSS-M2C948-B / 913-C, 5W-20 / 5W-30;4.5;W 7043 / W 7054;нет данных;нет данных;C 24 013;нет данных;нет данных;нет данных;нет данных;нет данных;Заполнено агентом;нет данных;нет данных;нет данных;нет данных;нет данных;нет данных;нет данных;нет данных;NGN A-LINE 5W-30;V182575117;NGN A-LINE 5W-40;V182575120;ROWE HIGHTEC MULTI SYNT DPF 5W-30;20125-0040-99;ROWE HIGHTEC SYNT RSi 5W-40;20001-0040-99;TEBOIL Gold L 5W-30;2459465;TEBOIL Gold L 5W-40;3453956;G-Energy Synthetic Active 5W-30;253142405;G-Energy Synthetic Active 5W-40;253142406;Totachi NIRO LV SP/GF-5 5W-30;1G104;Totachi NIRO Optima PRO 5W-40;1C812
Ford;Mondeo;2013;2014;2.0 TDCi;дизель;NGN PROFI A-LINE 5W-30;V272085301;NGN GOLD A-LINE 5W-40;V272085302;ACEA A5/B5, 5W-30;4.5;HU 711/51 x;нет данных;нет данных;C 24 013;нет данных;нет данных;нет данных;нет данных;нет данных;Заполнено агентом;нет данных;нет данных;нет данных;нет данных;нет данных;нет данных;нет данных;нет данных;NGN A-LINE 5W-30;V182575117;NGN A-LINE 5W-40;V182575120;ROWE HIGHTEC MULTI SYNT DPF 5W-30;20125-0040-99;ROWE HIGHTEC SYNT RSi 5W-40;20001-0040-99;TEBOIL Gold L 5W-30;2459465;TEBOIL Gold L 5W-40;3453956;G-Energy Synthetic Active 5W-30;253142405;G-Energy Synthetic Active 5W-40;253142406;Totachi NIRO LV SP/GF-5 5W-30;1G104;Totachi NIRO Optima PRO 5W-40;1C812
Ford;Explorer;2012;2016;3.5L V6 Ti-VCT;бензин;NGN PROFI A-LINE 5W-30;V272085301;NGN GOLD A-LINE 5W-40;V272085302;API SN/SM, 5W-20;6.0;W 7015;нет данных;нет данных;нет данных;нет данных;нет данных;нет данных;нет данных;нет данных;Заполнено агентом;нет данных;нет данных;нет данных;нет данных;нет данных;нет данных;нет данных;нет данных;NGN A-LINE 5W-30;V182575117;NGN A-LINE 5W-40;V182575120;ROWE HIGHTEC MULTI SYNT DPF 5W-30;20125-0040-99;ROWE HIGHTEC SYNT RSi 5W-40;20001-0040-99;TEBOIL Gold L 5W-30;2459465;TEBOIL Gold L 5W-40;3453956;G-Energy Synthetic Active 5W-30;253142405;G-Energy Synthetic Active 5W-40;253142406;Totachi NIRO LV SP/GF-5 5W-30;1G104;Totachi NIRO Optima PRO 5W-40;1C812
Ford;Explorer;2012;2016;2.0L / 2.3L EcoBoost;бензин;NGN PROFI A-LINE 5W-30;V272085301;NGN GOLD A-LINE 5W-40;V272085302;API SP, 5W-30;5.4;W 7015;нет данных;нет данных;нет данных;нет данных;нет данных;нет данных;нет данных;нет данных;Заполнено агентом;нет данных;нет данных;нет данных;нет данных;нет данных;нет данных;нет данных;нет данных;NGN A-LINE 5W-30;V182575117;NGN A-LINE 5W-40;V182575120;ROWE HIGHTEC MULTI SYNT DPF 5W-30;20125-0040-99;ROWE HIGHTEC SYNT RSi 5W-40;20001-0040-99;TEBOIL Gold L 5W-30;2459465;TEBOIL Gold L 5W-40;3453956;G-Energy Synthetic Active 5W-30;253142405;G-Energy Synthetic Active 5W-40;253142406;Totachi NIRO LV SP/GF-5 5W-30;1G104;Totachi NIRO Optima PRO 5W-40;1C812
Ford;Explorer;2012;2016;3.5L EcoBoost;бензин;NGN PROFI A-LINE 5W-30;V272085301;NGN GOLD A-LINE 5W-40;V272085302;API SP, 5W-30;6.0;W 7015;нет данных;нет данных;нет данных;нет данных;нет данных;нет данных;нет данных;нет данных;Заполнено агентом;нет данных;нет данных;нет данных;нет данных;нет данных;нет данных;нет данных;нет данных;NGN A-LINE 5W-30;V182575117;NGN A-LINE 5W-40;V182575120;ROWE HIGHTEC MULTI SYNT DPF 5W-30;20125-0040-99;ROWE HIGHTEC SYNT RSi 5W-40;20001-0040-99;TEBOIL Gold L 5W-30;2459465;TEBOIL Gold L 5W-40;3453956;G-Energy Synthetic Active 5W-30;253142405;G-Energy Synthetic Active 5W-40;253142406;Totachi NIRO LV SP/GF-5 5W-30;1G104;Totachi NIRO Optima PRO 5W-40;1C812
Geely;GC6;2015;2017;1.5L;бензин;NGN PROFI A-LINE 5W-30;V272085301;NGN GOLD A-LINE 5W-40;V272085302;API SN, 5W-30 / 5W-40;4.0;W 68/3 / W 811/80;нет данных;нет данных;C 25013;нет данных;нет данных;CU 2131;нет данных;нет данных;Заполнено агентом;нет данных;нет данных;нет данных;нет данных;нет данных;нет данных;нет данных;нет данных;NGN A-LINE 5W-30;V182575117;NGN A-LINE 5W-40;V182575120;ROWE HIGHTEC MULTI SYNT DPF 5W-30;20125-0040-99;ROWE HIGHTEC SYNT RSi 5W-40;20001-0040-99;TEBOIL Gold L 5W-30;2459465;TEBOIL Gold L 5W-40;3453956;G-Energy Synthetic Active 5W-30;253142405;G-Energy Synthetic Active 5W-40;253142406;Totachi NIRO LV SP/GF-5 5W-30;1G104;Totachi NIRO Optima PRO 5W-40;1C812
Geely;Coolray;2020;2024;1.5L JLH-3G15TD;бензин;NGN PROFI A-LINE 5W-30;V272085301;NGN GOLD A-LINE 5W-40;V272085302;API SP/SN, 0W-20 / 5W-30;3.8;HU 9012 x / HU 9009 z;нет данных;нет данных;C 25071;нет данных;нет данных;CUK 22 046;нет данных;нет данных;Заполнено агентом;нет данных;нет данных;нет данных;нет данных;нет данных;нет данных;нет данных;нет данных;NGN A-LINE 5W-30;V182575117;NGN A-LINE 5W-40;V182575120;ROWE HIGHTEC MULTI SYNT DPF 5W-30;20125-0040-99;ROWE HIGHTEC SYNT RSi 5W-40;20001-0040-99;TEBOIL Gold L 5W-30;2459465;TEBOIL Gold L 5W-40;3453956;G-Energy Synthetic Active 5W-30;253142405;G-Energy Synthetic Active 5W-40;253142406;Totachi NIRO LV SP/GF-5 5W-30;1G104;Totachi NIRO Optima PRO 5W-40;1C812
Geely;Coolray;2020;2024;1.5L BHE15;бензин;NGN PROFI A-LINE 5W-30;V272085301;NGN GOLD A-LINE 5W-40;V272085302;API SP, 0W-20;3.8;HU 9009 z;нет данных;нет данных;C 25071;нет данных;нет данных;CUK 22 046;нет данных;нет данных;Заполнено агентом;нет данных;нет данных;нет данных;нет данных;нет данных;нет данных;нет данных;нет данных;NGN A-LINE 5W-30;V182575117;NGN A-LINE 5W-40;V182575120;ROWE HIGHTEC MULTI SYNT DPF 5W-30;20125-0040-99;ROWE HIGHTEC SYNT RSi 5W-40;20001-0040-99;TEBOIL Gold L 5W-30;2459465;TEBOIL Gold L 5W-40;3453956;G-Energy Synthetic Active 5W-30;253142405;G-Energy Synthetic Active 5W-40;253142406;Totachi NIRO LV SP/GF-5 5W-30;1G104;Totachi NIRO Optima PRO 5W-40;1C812
Geely;Monjaro;2023;2024;2.0T;бензин;NGN PROFI A-LINE 5W-30;V272085301;NGN GOLD A-LINE 5W-40;V272085302;API SP/SN, 0W-40 / 5W-40;5.6;HU 8014 z;нет данных;нет данных;нет данных;нет данных;нет данных;CUK 25 055;нет данных;нет данных;Заполнено агентом;нет данных;нет данных;нет данных;нет данных;нет данных;нет данных;нет данных;нет данных;NGN A-LINE 5W-30;V182575117;NGN A-LINE 5W-40;V182575120;ROWE HIGHTEC MULTI SYNT DPF 5W-30;20125-0040-99;ROWE HIGHTEC SYNT RSi 5W-40;20001-0040-99;TEBOIL Gold L 5W-30;2459465;TEBOIL Gold L 5W-40;3453956;G-Energy Synthetic Active 5W-30;253142405;G-Energy Synthetic Active 5W-40;253142406;Totachi NIRO LV SP/GF-5 5W-30;1G104;Totachi NIRO Optima PRO 5W-40;1C812
Great Wall;Hover;2012;2013;2.0L / 2.4L;бензин;NGN PROFI A-LINE 5W-30;V272085301;NGN GOLD A-LINE 5W-40;V272085302;API SL/CF, 10W-40 / 5W-30;4.3;W 811/80;нет данных;нет данных;C 25013;нет данных;нет данных;нет данных;нет данных;нет данных;Заполнено агентом;нет данных;нет данных;нет данных;нет данных;нет данных;нет данных;нет данных;нет данных;NGN A-LINE 5W-30;V182575117;NGN A-LINE 5W-40;V182575120;ROWE HIGHTEC MULTI SYNT DPF 5W-30;20125-0040-99;ROWE HIGHTEC SYNT RSi 5W-40;20001-0040-99;TEBOIL Gold L 5W-30;2459465;TEBOIL Gold L 5W-40;3453956;G-Energy Synthetic Active 5W-30;253142405;G-Energy Synthetic Active 5W-40;253142406;Totachi NIRO LV SP/GF-5 5W-30;1G104;Totachi NIRO Optima PRO 5W-40;1C812
Great Wall;Hover;2012;2013;2.0L GW4D20;дизель;NGN PROFI A-LINE 5W-30;V272085301;NGN GOLD A-LINE 5W-40;V272085302;ACEA C2/C3;5.5;W 940/25;нет данных;нет данных;C 25013;нет данных;нет данных;нет данных;нет данных;нет данных;Заполнено агентом;нет данных;нет данных;нет данных;нет данных;нет данных;нет данных;нет данных;нет данных;NGN A-LINE 5W-30;V182575117;NGN A-LINE 5W-40;V182575120;ROWE HIGHTEC MULTI SYNT DPF 5W-30;20125-0040-99;ROWE HIGHTEC SYNT RSi 5W-40;20001-0040-99;TEBOIL Gold L 5W-30;2459465;TEBOIL Gold L 5W-40;3453956;G-Energy Synthetic Active 5W-30;253142405;G-Energy Synthetic Active 5W-40;253142406;Totachi NIRO LV SP/GF-5 5W-30;1G104;Totachi NIRO Optima PRO 5W-40;1C812
Honda;Civic;2008;2011;1.8L i-VTEC;бензин;NGN PROFI A-LINE 5W-30;V272085301;NGN GOLD A-LINE 5W-40;V272085302;API SP/SN, 0W-20 / 5W-30;3.9;W 610/6 / W 610/3;нет данных;нет данных;нет данных;нет данных;нет данных;нет данных;нет данных;нет данных;Заполнено агентом;нет данных;нет данных;нет данных;нет данных;нет данных;нет данных;нет данных;нет данных;NGN A-LINE 5W-30;V182575117;NGN A-LINE 5W-40;V182575120;ROWE HIGHTEC MULTI SYNT DPF 5W-30;20125-0040-99;ROWE HIGHTEC SYNT RSi 5W-40;20001-0040-99;TEBOIL Gold L 5W-30;2459465;TEBOIL Gold L 5W-40;3453956;G-Energy Synthetic Active 5W-30;253142405;G-Energy Synthetic Active 5W-40;253142406;Totachi NIRO LV SP/GF-5 5W-30;1G104;Totachi NIRO Optima PRO 5W-40;1C812
Honda;Civic;2008;2011;2.0L K20Z3;бензин;NGN PROFI A-LINE 5W-30;V272085301;NGN GOLD A-LINE 5W-40;V272085302;API SP/SN, 5W-30 / 0W-20;4.2;W 610/6;нет данных;нет данных;нет данных;нет данных;нет данных;нет данных;нет данных;нет данных;Заполнено агентом;нет данных;нет данных;нет данных;нет данных;нет данных;нет данных;нет данных;нет данных;NGN A-LINE 5W-30;V182575117;NGN A-LINE 5W-40;V182575120;ROWE HIGHTEC MULTI SYNT DPF 5W-30;20125-0040-99;ROWE HIGHTEC SYNT RSi 5W-40;20001-0040-99;TEBOIL Gold L 5W-30;2459465;TEBOIL Gold L 5W-40;3453956;G-Energy Synthetic Active 5W-30;253142405;G-Energy Synthetic Active 5W-40;253142406;Totachi NIRO LV SP/GF-5 5W-30;1G104;Totachi NIRO Optima PRO 5W-40;1C812
Honda;Civic;2008;2011;2.2L i-CTDi;дизель;NGN PROFI A-LINE 5W-30;V272085301;NGN GOLD A-LINE 5W-40;V272085302;ACEA C2/C3, 5W-30;нет данных;HU 712/9 x;нет данных;нет данных;нет данных;нет данных;нет данных;нет данных;нет данных;нет данных;Заполнено агентом;нет данных;нет данных;нет данных;нет данных;нет данных;нет данных;нет данных;нет данных;NGN A-LINE 5W-30;V182575117;NGN A-LINE 5W-40;V182575120;ROWE HIGHTEC MULTI SYNT DPF 5W-30;20125-0040-99;ROWE HIGHTEC SYNT RSi 5W-40;20001-0040-99;TEBOIL Gold L 5W-30;2459465;TEBOIL Gold L 5W-40;3453956;G-Energy Synthetic Active 5W-30;253142405;G-Energy Synthetic Active 5W-40;253142406;Totachi NIRO LV SP/GF-5 5W-30;1G104;Totachi NIRO Optima PRO 5W-40;1C812
Honda;Breeze/CR-V;2021;2024;1.5L Turbo;бензин;NGN PROFI A-LINE 5W-30;V272085301;NGN GOLD A-LINE 5W-40;V272085302;API SP/SN, 0W-20;3.5;W 610/6;нет данных;нет данных;нет данных;нет данных;нет данных;нет данных;нет данных;нет данных;Заполнено агентом;нет данных;нет данных;нет данных;нет данных;нет данных;нет данных;нет данных;нет данных;NGN A-LINE 5W-30;V182575117;NGN A-LINE 5W-40;V182575120;ROWE HIGHTEC MULTI SYNT DPF 5W-30;20125-0040-99;ROWE HIGHTEC SYNT RSi 5W-40;20001-0040-99;TEBOIL Gold L 5W-30;2459465;TEBOIL Gold L 5W-40;3453956;G-Energy Synthetic Active 5W-30;253142405;G-Energy Synthetic Active 5W-40;253142406;Totachi NIRO LV SP/GF-5 5W-30;1G104;Totachi NIRO Optima PRO 5W-40;1C812
Honda;Breeze/CR-V;2021;2024;2.0L Hybrid;гибрид;NGN PROFI A-LINE 5W-30;V272085301;NGN GOLD A-LINE 5W-40;V272085302;API SP/SN, 0W-20;3.7;W 610/6;нет данных;нет данных;нет данных;нет данных;нет данных;нет данных;нет данных;нет данных;Заполнено агентом;нет данных;нет данных;нет данных;нет данных;нет данных;нет данных;нет данных;нет данных;NGN A-LINE 5W-30;V182575117;NGN A-LINE 5W-40;V182575120;ROWE HIGHTEC MULTI SYNT DPF 5W-30;20125-0040-99;ROWE HIGHTEC SYNT RSi 5W-40;20001-0040-99;TEBOIL Gold L 5W-30;2459465;TEBOIL Gold L 5W-40;3453956;G-Energy Synthetic Active 5W-30;253142405;G-Energy Synthetic Active 5W-40;253142406;Totachi NIRO LV SP/GF-5 5W-30;1G104;Totachi NIRO Optima PRO 5W-40;1C812
Hyundai;Getz;2007;2008;1.4L G4EE / 1.6L G4ED;бензин;NGN PROFI A-LINE 5W-30;V272085301;NGN GOLD A-LINE 5W-40;V272085302;API SL/SM/SN, 5W-30 / 5W-40;3.3;W 811/80;нет данных;нет данных;нет данных;нет данных;нет данных;CU 1519;нет данных;нет данных;Заполнено агентом;нет данных;нет данных;нет данных;нет данных;нет данных;нет данных;нет данных;нет данных;NGN A-LINE 5W-30;V182575117;NGN A-LINE 5W-40;V182575120;ROWE HIGHTEC MULTI SYNT DPF 5W-30;20125-0040-99;ROWE HIGHTEC SYNT RSi 5W-40;20001-0040-99;TEBOIL Gold L 5W-30;2459465;TEBOIL Gold L 5W-40;3453956;G-Energy Synthetic Active 5W-30;253142405;G-Energy Synthetic Active 5W-40;253142406;Totachi NIRO LV SP/GF-5 5W-30;1G104;Totachi NIRO Optima PRO 5W-40;1C812
Hyundai;Accent;2006;2010;1.4L G4EE / 1.6L G4ED;бензин;NGN PROFI A-LINE 5W-30;V272085301;NGN GOLD A-LINE 5W-40;V272085302;API SL/SM/SN, 5W-30 / 5W-40;3.3;W 811/80;нет данных;нет данных;нет данных;нет данных;нет данных;нет данных;нет данных;нет данных;Заполнено агентом;нет данных;нет данных;нет данных;нет данных;нет данных;нет данных;нет данных;нет данных;NGN A-LINE 5W-30;V182575117;NGN A-LINE 5W-40;V182575120;ROWE HIGHTEC MULTI SYNT DPF 5W-30;20125-0040-99;ROWE HIGHTEC SYNT RSi 5W-40;20001-0040-99;TEBOIL Gold L 5W-30;2459465;TEBOIL Gold L 5W-40;3453956;G-Energy Synthetic Active 5W-30;253142405;G-Energy Synthetic Active 5W-40;253142406;Totachi NIRO LV SP/GF-5 5W-30;1G104;Totachi NIRO Optima PRO 5W-40;1C812
Hyundai;Elantra;2010;2013;1.6L D-CVVT;бензин;NGN PROFI A-LINE 5W-30;V272085301;NGN GOLD A-LINE 5W-40;V272085302;API SM, 5W-20 / 5W-30;3.3;W 811/80;нет данных;нет данных;нет данных;нет данных;нет данных;CU 24 013/2;нет данных;нет данных;Заполнено агентом;нет данных;нет данных;нет данных;нет данных;нет данных;нет данных;нет данных;нет данных;NGN A-LINE 5W-30;V182575117;NGN A-LINE 5W-40;V182575120;ROWE HIGHTEC MULTI SYNT DPF 5W-30;20125-0040-99;ROWE HIGHTEC SYNT RSi 5W-40;20001-0040-99;TEBOIL Gold L 5W-30;2459465;TEBOIL Gold L 5W-40;3453956;G-Energy Synthetic Active 5W-30;253142405;G-Energy Synthetic Active 5W-40;253142406;Totachi NIRO LV SP/GF-5 5W-30;1G104;Totachi NIRO Optima PRO 5W-40;1C812
Hyundai;Elantra;2010;2013;1.8L (148 л.с.);бензин;NGN PROFI A-LINE 5W-30;V272085301;NGN GOLD A-LINE 5W-40;V272085302;API SM, 5W-20 / 5W-30;4.0;W 811/80;нет данных;нет данных;нет данных;нет данных;нет данных;CU 24 013/2;нет данных;нет данных;Заполнено агентом;нет данных;нет данных;нет данных;нет данных;нет данных;нет данных;нет данных;нет данных;NGN A-LINE 5W-30;V182575117;NGN A-LINE 5W-40;V182575120;ROWE HIGHTEC MULTI SYNT DPF 5W-30;20125-0040-99;ROWE HIGHTEC SYNT RSi 5W-40;20001-0040-99;TEBOIL Gold L 5W-30;2459465;TEBOIL Gold L 5W-40;3453956;G-Energy Synthetic Active 5W-30;253142405;G-Energy Synthetic Active 5W-40;253142406;Totachi NIRO LV SP/GF-5 5W-30;1G104;Totachi NIRO Optima PRO 5W-40;1C812
Hyundai;Starex;2009;2015;2.5 CRDi D4CB;дизель;NGN PROFI A-LINE 5W-30;V272085301;NGN GOLD A-LINE 5W-40;V272085302;ACEA C2/C3 (DPF) / ACEA B4, 5W-30;6.5;W 930/26;нет данных;нет данных;нет данных;нет данных;нет данных;нет данных;нет данных;нет данных;Заполнено агентом;нет данных;нет данных;нет данных;нет данных;нет данных;нет данных;нет данных;нет данных;NGN A-LINE 5W-30;V182575117;NGN A-LINE 5W-40;V182575120;ROWE HIGHTEC MULTI SYNT DPF 5W-30;20125-0040-99;ROWE HIGHTEC SYNT RSi 5W-40;20001-0040-99;TEBOIL Gold L 5W-30;2459465;TEBOIL Gold L 5W-40;3453956;G-Energy Synthetic Active 5W-30;253142405;G-Energy Synthetic Active 5W-40;253142406;Totachi NIRO LV SP/GF-5 5W-30;1G104;Totachi NIRO Optima PRO 5W-40;1C812
Hyundai;Starex;2009;2015;2.4L G4KG;бензин;NGN PROFI A-LINE 5W-30;V272085301;NGN GOLD A-LINE 5W-40;V272085302;API SM/SN;6.5;W 811/80;нет данных;нет данных;нет данных;нет данных;нет данных;нет данных;нет данных;нет данных;Заполнено агентом;нет данных;нет данных;нет данных;нет данных;нет данных;нет данных;нет данных;нет данных;NGN A-LINE 5W-30;V182575117;NGN A-LINE 5W-40;V182575120;ROWE HIGHTEC MULTI SYNT DPF 5W-30;20125-0040-99;ROWE HIGHTEC SYNT RSi 5W-40;20001-0040-99;TEBOIL Gold L 5W-30;2459465;TEBOIL Gold L 5W-40;3453956;G-Energy Synthetic Active 5W-30;253142405;G-Energy Synthetic Active 5W-40;253142406;Totachi NIRO LV SP/GF-5 5W-30;1G104;Totachi NIRO Optima PRO 5W-40;1C812
Hyundai;ix35;2014;2015;2.0 MPI / GDI;бензин;NGN PROFI A-LINE 5W-30;V272085301;NGN GOLD A-LINE 5W-40;V272085302;ACEA A3/A5, 5W-20 / 5W-30;5.0;W 811/80;нет данных;нет данных;нет данных;нет данных;нет данных;нет данных;нет данных;нет данных;Заполнено агентом;нет данных;нет данных;нет данных;нет данных;нет данных;нет данных;нет данных;нет данных;NGN A-LINE 5W-30;V182575117;NGN A-LINE 5W-40;V182575120;ROWE HIGHTEC MULTI SYNT DPF 5W-30;20125-0040-99;ROWE HIGHTEC SYNT RSi 5W-40;20001-0040-99;TEBOIL Gold L 5W-30;2459465;TEBOIL Gold L 5W-40;3453956;G-Energy Synthetic Active 5W-30;253142405;G-Energy Synthetic Active 5W-40;253142406;Totachi NIRO LV SP/GF-5 5W-30;1G104;Totachi NIRO Optima PRO 5W-40;1C812
Hyundai;ix35;2014;2015;2.0 CRDi;дизель;NGN PROFI A-LINE 5W-30;V272085301;NGN GOLD A-LINE 5W-40;V272085302;ACEA C3, 5W-30;5.0;HU 7027 z;нет данных;нет данных;нет данных;нет данных;нет данных;нет данных;нет данных;нет данных;Заполнено агентом;нет данных;нет данных;нет данных;нет данных;нет данных;нет данных;нет данных;нет данных;NGN A-LINE 5W-30;V182575117;NGN A-LINE 5W-40;V182575120;ROWE HIGHTEC MULTI SYNT DPF 5W-30;20125-0040-99;ROWE HIGHTEC SYNT RSi 5W-40;20001-0040-99;TEBOIL Gold L 5W-30;2459465;TEBOIL Gold L 5W-40;3453956;G-Energy Synthetic Active 5W-30;253142405;G-Energy Synthetic Active 5W-40;253142406;Totachi NIRO LV SP/GF-5 5W-30;1G104;Totachi NIRO Optima PRO 5W-40;1C812
Hyundai;Creta;2017;2022;1.6L MPI G4FG;бензин;NGN PROFI A-LINE 5W-30;V272085301;NGN GOLD A-LINE 5W-40;V272085302;ACEA A3/B4 / API SM, 5W-30;4.5;W 8017 / W 811/80;нет данных;нет данных;нет данных;нет данных;нет данных;нет данных;нет данных;нет данных;Заполнено агентом;нет данных;нет данных;нет данных;нет данных;нет данных;нет данных;нет данных;нет данных;NGN A-LINE 5W-30;V182575117;NGN A-LINE 5W-40;V182575120;ROWE HIGHTEC MULTI SYNT DPF 5W-30;20125-0040-99;ROWE HIGHTEC SYNT RSi 5W-40;20001-0040-99;TEBOIL Gold L 5W-30;2459465;TEBOIL Gold L 5W-40;3453956;G-Energy Synthetic Active 5W-30;253142405;G-Energy Synthetic Active 5W-40;253142406;Totachi NIRO LV SP/GF-5 5W-30;1G104;Totachi NIRO Optima PRO 5W-40;1C812
Hyundai;Creta;2017;2022;2.0L MPI G4NL;бензин;NGN PROFI A-LINE 5W-30;V272085301;NGN GOLD A-LINE 5W-40;V272085302;ACEA C5/C6 0W-20 / ACEA A5 5W-30;4.5;W 811/80;нет данных;нет данных;нет данных;нет данных;нет данных;нет данных;нет данных;нет данных;Заполнено агентом;нет данных;нет данных;нет данных;нет данных;нет данных;нет данных;нет данных;нет данных;NGN A-LINE 5W-30;V182575117;NGN A-LINE 5W-40;V182575120;ROWE HIGHTEC MULTI SYNT DPF 5W-30;20125-0040-99;ROWE HIGHTEC SYNT RSi 5W-40;20001-0040-99;TEBOIL Gold L 5W-30;2459465;TEBOIL Gold L 5W-40;3453956;G-Energy Synthetic Active 5W-30;253142405;G-Energy Synthetic Active 5W-40;253142406;Totachi NIRO LV SP/GF-5 5W-30;1G104;Totachi NIRO Optima PRO 5W-40;1C812
Hyundai;Palisade;2022;2024;3.8 GDI V6 (G6DN);бензин;NGN PROFI A-LINE 5W-30;V272085301;NGN GOLD A-LINE 5W-40;V272085302;API SN/SP, ACEA A5/B5;6.5;HU 7019 z;нет данных;нет данных;нет данных (OEM Hyundai 28113S8100);нет данных;нет данных;нет данных (OEM Hyundai 97133S8000);нет данных;нет данных;Заполнено агентом;нет данных;нет данных;нет данных;нет данных;нет данных;нет данных;нет данных;нет данных;NGN A-LINE 5W-30;V182575117;NGN A-LINE 5W-40;V182575120;ROWE HIGHTEC MULTI SYNT DPF 5W-30;20125-0040-99;ROWE HIGHTEC SYNT RSi 5W-40;20001-0040-99;TEBOIL Gold L 5W-30;2459465;TEBOIL Gold L 5W-40;3453956;G-Energy Synthetic Active 5W-30;253142405;G-Energy Synthetic Active 5W-40;253142406;Totachi NIRO LV SP/GF-5 5W-30;1G104;Totachi NIRO Optima PRO 5W-40;1C812
Hyundai;Palisade;2022;2024;2.2 CRDi D4HB;дизель;NGN PROFI A-LINE 5W-30;V272085301;NGN GOLD A-LINE 5W-40;V272085302;ACEA C3, API SN (Low SAPS, с DPF);6.5;HU 7027 z;нет данных;нет данных;нет данных (OEM Hyundai 28113S8100);нет данных;нет данных;нет данных (OEM Hyundai 97133S8000);нет данных;нет данных;Заполнено агентом;нет данных;нет данных;нет данных;нет данных;нет данных;нет данных;нет данных;нет данных;NGN A-LINE 5W-30;V182575117;NGN A-LINE 5W-40;V182575120;ROWE HIGHTEC MULTI SYNT DPF 5W-30;20125-0040-99;ROWE HIGHTEC SYNT RSi 5W-40;20001-0040-99;TEBOIL Gold L 5W-30;2459465;TEBOIL Gold L 5W-40;3453956;G-Energy Synthetic Active 5W-30;253142405;G-Energy Synthetic Active 5W-40;253142406;Totachi NIRO LV SP/GF-5 5W-30;1G104;Totachi NIRO Optima PRO 5W-40;1C812
Hyundai;i30;2013;2015;1.4L / 1.6L MPI;бензин;NGN PROFI A-LINE 5W-30;V272085301;NGN GOLD A-LINE 5W-40;V272085302;API SM, ACEA A5, 5W-30;3.6;W 7023 / W 8017;нет данных;нет данных;нет данных;нет данных;нет данных;нет данных;нет данных;нет данных;Заполнено агентом;нет данных;нет данных;нет данных;нет данных;нет данных;нет данных;нет данных;нет данных;NGN A-LINE 5W-30;V182575117;NGN A-LINE 5W-40;V182575120;ROWE HIGHTEC MULTI SYNT DPF 5W-30;20125-0040-99;ROWE HIGHTEC SYNT RSi 5W-40;20001-0040-99;TEBOIL Gold L 5W-30;2459465;TEBOIL Gold L 5W-40;3453956;G-Energy Synthetic Active 5W-30;253142405;G-Energy Synthetic Active 5W-40;253142406;Totachi NIRO LV SP/GF-5 5W-30;1G104;Totachi NIRO Optima PRO 5W-40;1C812
Hyundai;i30;2013;2015;1.6 CRDi;дизель;NGN PROFI A-LINE 5W-30;V272085301;NGN GOLD A-LINE 5W-40;V272085302;ACEA C2/C3, 5W-30;3.8;HU 7001 x;нет данных;нет данных;нет данных;нет данных;нет данных;нет данных;нет данных;нет данных;Заполнено агентом;нет данных;нет данных;нет данных;нет данных;нет данных;нет данных;нет данных;нет данных;NGN A-LINE 5W-30;V182575117;NGN A-LINE 5W-40;V182575120;ROWE HIGHTEC MULTI SYNT DPF 5W-30;20125-0040-99;ROWE HIGHTEC SYNT RSi 5W-40;20001-0040-99;TEBOIL Gold L 5W-30;2459465;TEBOIL Gold L 5W-40;3453956;G-Energy Synthetic Active 5W-30;253142405;G-Energy Synthetic Active 5W-40;253142406;Totachi NIRO LV SP/GF-5 5W-30;1G104;Totachi NIRO Optima PRO 5W-40;1C812
Jeep;Cherokee;1996;2001;4.0L I6;бензин;NGN PROFI A-LINE 5W-30;V272085301;NGN GOLD A-LINE 5W-40;V272085302;API Certified, 5W-30;5.7;W 920/17 / W 719/12;нет данных;нет данных;нет данных;нет данных;нет данных;нет данных;нет данных;нет данных;Заполнено агентом;нет данных;нет данных;нет данных;нет данных;нет данных;нет данных;нет данных;нет данных;NGN A-LINE 5W-30;V182575117;NGN A-LINE 5W-40;V182575120;ROWE HIGHTEC MULTI SYNT DPF 5W-30;20125-0040-99;ROWE HIGHTEC SYNT RSi 5W-40;20001-0040-99;TEBOIL Gold L 5W-30;2459465;TEBOIL Gold L 5W-40;3453956;G-Energy Synthetic Active 5W-30;253142405;G-Energy Synthetic Active 5W-40;253142406;Totachi NIRO LV SP/GF-5 5W-30;1G104;Totachi NIRO Optima PRO 5W-40;1C812
Jeep;Cherokee;1996;2001;2.5L I4;бензин;NGN PROFI A-LINE 5W-30;V272085301;NGN GOLD A-LINE 5W-40;V272085302;API Certified, 5W-30;3.8;W 920/17 / W 719/12;нет данных;нет данных;нет данных;нет данных;нет данных;нет данных;нет данных;нет данных;Заполнено агентом;нет данных;нет данных;нет данных;нет данных;нет данных;нет данных;нет данных;нет данных;NGN A-LINE 5W-30;V182575117;NGN A-LINE 5W-40;V182575120;ROWE HIGHTEC MULTI SYNT DPF 5W-30;20125-0040-99;ROWE HIGHTEC SYNT RSi 5W-40;20001-0040-99;TEBOIL Gold L 5W-30;2459465;TEBOIL Gold L 5W-40;3453956;G-Energy Synthetic Active 5W-30;253142405;G-Energy Synthetic Active 5W-40;253142406;Totachi NIRO LV SP/GF-5 5W-30;1G104;Totachi NIRO Optima PRO 5W-40;1C812
Jeep;Cherokee;1996;2001;2.5 TD (ENC, дизель);дизель;NGN PROFI A-LINE 5W-30;V272085301;NGN GOLD A-LINE 5W-40;V272085302;API CF-4, ACEA B3/B4;5.0;W 920/6;нет данных;нет данных;C 13 109;нет данных;нет данных;нет данных (XJ не оснащался штатным салонным фильтром);нет данных;нет данных;Заполнено агентом;нет данных;нет данных;нет данных;нет данных;нет данных;нет данных;нет данных;нет данных;NGN A-LINE 5W-30;V182575117;NGN A-LINE 5W-40;V182575120;ROWE HIGHTEC MULTI SYNT DPF 5W-30;20125-0040-99;ROWE HIGHTEC SYNT RSi 5W-40;20001-0040-99;TEBOIL Gold L 5W-30;2459465;TEBOIL Gold L 5W-40;3453956;G-Energy Synthetic Active 5W-30;253142405;G-Energy Synthetic Active 5W-40;253142406;Totachi NIRO LV SP/GF-5 5W-30;1G104;Totachi NIRO Optima PRO 5W-40;1C812
Kia;Ceed;2010;2018;1.4L / 1.6L MPI;бензин;NGN PROFI A-LINE 5W-30;V272085301;NGN GOLD A-LINE 5W-40;V272085302;ACEA A5 / API SN, 5W-30;3.6;W 811/80;нет данных;нет данных;нет данных;нет данных;нет данных;нет данных;нет данных;нет данных;Заполнено агентом;нет данных;нет данных;нет данных;нет данных;нет данных;нет данных;нет данных;нет данных;NGN A-LINE 5W-30;V182575117;NGN A-LINE 5W-40;V182575120;ROWE HIGHTEC MULTI SYNT DPF 5W-30;20125-0040-99;ROWE HIGHTEC SYNT RSi 5W-40;20001-0040-99;TEBOIL Gold L 5W-30;2459465;TEBOIL Gold L 5W-40;3453956;G-Energy Synthetic Active 5W-30;253142405;G-Energy Synthetic Active 5W-40;253142406;Totachi NIRO LV SP/GF-5 5W-30;1G104;Totachi NIRO Optima PRO 5W-40;1C812
Kia;Ceed;2010;2018;1.6L GDI;бензин;NGN PROFI A-LINE 5W-30;V272085301;NGN GOLD A-LINE 5W-40;V272085302;ACEA A5 / API SN, 5W-30;3.6;W 8017;нет данных;нет данных;нет данных;нет данных;нет данных;нет данных;нет данных;нет данных;Заполнено агентом;нет данных;нет данных;нет данных;нет данных;нет данных;нет данных;нет данных;нет данных;NGN A-LINE 5W-30;V182575117;NGN A-LINE 5W-40;V182575120;ROWE HIGHTEC MULTI SYNT DPF 5W-30;20125-0040-99;ROWE HIGHTEC SYNT RSi 5W-40;20001-0040-99;TEBOIL Gold L 5W-30;2459465;TEBOIL Gold L 5W-40;3453956;G-Energy Synthetic Active 5W-30;253142405;G-Energy Synthetic Active 5W-40;253142406;Totachi NIRO LV SP/GF-5 5W-30;1G104;Totachi NIRO Optima PRO 5W-40;1C812
Kia;Ceed;2010;2018;1.6 CRDi;дизель;NGN PROFI A-LINE 5W-30;V272085301;NGN GOLD A-LINE 5W-40;V272085302;ACEA C2/C3, 5W-30;3.8;HU 7001 x;нет данных;нет данных;нет данных;нет данных;нет данных;нет данных;нет данных;нет данных;Заполнено агентом;нет данных;нет данных;нет данных;нет данных;нет данных;нет данных;нет данных;нет данных;NGN A-LINE 5W-30;V182575117;NGN A-LINE 5W-40;V182575120;ROWE HIGHTEC MULTI SYNT DPF 5W-30;20125-0040-99;ROWE HIGHTEC SYNT RSi 5W-40;20001-0040-99;TEBOIL Gold L 5W-30;2459465;TEBOIL Gold L 5W-40;3453956;G-Energy Synthetic Active 5W-30;253142405;G-Energy Synthetic Active 5W-40;253142406;Totachi NIRO LV SP/GF-5 5W-30;1G104;Totachi NIRO Optima PRO 5W-40;1C812
Kia;Cerato;2013;2020;1.6L MPI;бензин;NGN PROFI A-LINE 5W-30;V272085301;NGN GOLD A-LINE 5W-40;V272085302;API SM/SN, 5W-30;3.6;W 811/80;нет данных;нет данных;нет данных;нет данных;нет данных;нет данных;нет данных;нет данных;Заполнено агентом;нет данных;нет данных;нет данных;нет данных;нет данных;нет данных;нет данных;нет данных;NGN A-LINE 5W-30;V182575117;NGN A-LINE 5W-40;V182575120;ROWE HIGHTEC MULTI SYNT DPF 5W-30;20125-0040-99;ROWE HIGHTEC SYNT RSi 5W-40;20001-0040-99;TEBOIL Gold L 5W-30;2459465;TEBOIL Gold L 5W-40;3453956;G-Energy Synthetic Active 5W-30;253142405;G-Energy Synthetic Active 5W-40;253142406;Totachi NIRO LV SP/GF-5 5W-30;1G104;Totachi NIRO Optima PRO 5W-40;1C812
Kia;Cerato;2013;2020;2.0L GDI;бензин;NGN PROFI A-LINE 5W-30;V272085301;NGN GOLD A-LINE 5W-40;V272085302;API SM/SN, 5W-30;4.0;W 811/80;нет данных;нет данных;нет данных;нет данных;нет данных;нет данных;нет данных;нет данных;Заполнено агентом;нет данных;нет данных;нет данных;нет данных;нет данных;нет данных;нет данных;нет данных;NGN A-LINE 5W-30;V182575117;NGN A-LINE 5W-40;V182575120;ROWE HIGHTEC MULTI SYNT DPF 5W-30;20125-0040-99;ROWE HIGHTEC SYNT RSi 5W-40;20001-0040-99;TEBOIL Gold L 5W-30;2459465;TEBOIL Gold L 5W-40;3453956;G-Energy Synthetic Active 5W-30;253142405;G-Energy Synthetic Active 5W-40;253142406;Totachi NIRO LV SP/GF-5 5W-30;1G104;Totachi NIRO Optima PRO 5W-40;1C812
Kia;Rio;2011;2017;1.4L MPI / 1.6L MPI;бензин;NGN PROFI A-LINE 5W-30;V272085301;NGN GOLD A-LINE 5W-40;V272085302;API SN, ACEA A5/B5, 5W-30;3.3;W 811/80;нет данных;нет данных;C 25 016;нет данных;нет данных;CU 2336;нет данных;нет данных;Заполнено агентом;нет данных;нет данных;нет данных;нет данных;нет данных;26300-35531;28113-1R100;97133-2E210;NGN A-LINE 5W-30;V182575117;NGN A-LINE 5W-40;V182575120;ROWE HIGHTEC MULTI SYNT DPF 5W-30;20125-0040-99;ROWE HIGHTEC SYNT RSi 5W-40;20001-0040-99;TEBOIL Gold L 5W-30;2459465;TEBOIL Gold L 5W-40;3453956;G-Energy Synthetic Active 5W-30;253142405;G-Energy Synthetic Active 5W-40;253142406;Totachi NIRO LV SP/GF-5 5W-30;1G104;Totachi NIRO Optima PRO 5W-40;1C812
Kia;Sorento;2009;2012;2.4L MPI;бензин;NGN PROFI A-LINE 5W-30;V272085301;NGN GOLD A-LINE 5W-40;V272085302;ACEA A3/A5, 5W-30;4.6;W 811/80;нет данных;нет данных;нет данных;нет данных;нет данных;нет данных;нет данных;нет данных;Заполнено агентом;нет данных;нет данных;нет данных;нет данных;нет данных;нет данных;нет данных;нет данных;NGN A-LINE 5W-30;V182575117;NGN A-LINE 5W-40;V182575120;ROWE HIGHTEC MULTI SYNT DPF 5W-30;20125-0040-99;ROWE HIGHTEC SYNT RSi 5W-40;20001-0040-99;TEBOIL Gold L 5W-30;2459465;TEBOIL Gold L 5W-40;3453956;G-Energy Synthetic Active 5W-30;253142405;G-Energy Synthetic Active 5W-40;253142406;Totachi NIRO LV SP/GF-5 5W-30;1G104;Totachi NIRO Optima PRO 5W-40;1C812
Kia;Sorento;2009;2012;2.2 CRDi;дизель;NGN PROFI A-LINE 5W-30;V272085301;NGN GOLD A-LINE 5W-40;V272085302;ACEA C3, 5W-30;6.7;HU 7027 z;нет данных;нет данных;нет данных;нет данных;нет данных;нет данных;нет данных;нет данных;Заполнено агентом;нет данных;нет данных;нет данных;нет данных;нет данных;нет данных;нет данных;нет данных;NGN A-LINE 5W-30;V182575117;NGN A-LINE 5W-40;V182575120;ROWE HIGHTEC MULTI SYNT DPF 5W-30;20125-0040-99;ROWE HIGHTEC SYNT RSi 5W-40;20001-0040-99;TEBOIL Gold L 5W-30;2459465;TEBOIL Gold L 5W-40;3453956;G-Energy Synthetic Active 5W-30;253142405;G-Energy Synthetic Active 5W-40;253142406;Totachi NIRO LV SP/GF-5 5W-30;1G104;Totachi NIRO Optima PRO 5W-40;1C812
Mazda;6;2012;2015;2.0L (GH);бензин;NGN PROFI A-LINE 5W-30;V272085301;NGN GOLD A-LINE 5W-40;V272085302;API SL/SN, 5W-30;4.3;W 712/73;нет данных;нет данных;нет данных;нет данных;нет данных;нет данных;нет данных;нет данных;Заполнено агентом;нет данных;нет данных;нет данных;нет данных;нет данных;нет данных;нет данных;нет данных;NGN A-LINE 5W-30;V182575117;NGN A-LINE 5W-40;V182575120;ROWE HIGHTEC MULTI SYNT DPF 5W-30;20125-0040-99;ROWE HIGHTEC SYNT RSi 5W-40;20001-0040-99;TEBOIL Gold L 5W-30;2459465;TEBOIL Gold L 5W-40;3453956;G-Energy Synthetic Active 5W-30;253142405;G-Energy Synthetic Active 5W-40;253142406;Totachi NIRO LV SP/GF-5 5W-30;1G104;Totachi NIRO Optima PRO 5W-40;1C812
Mazda;6;2012;2015;2.0L Skyactiv-G (GJ) / 2.5L Skyactiv-G (GJ);бензин;NGN PROFI A-LINE 5W-30;V272085301;NGN GOLD A-LINE 5W-40;V272085302;API SN, 0W-20 / 5W-30;4.2;HU 7005 X;нет данных;нет данных;нет данных;нет данных;нет данных;нет данных;нет данных;нет данных;Заполнено агентом;нет данных;нет данных;нет данных;нет данных;нет данных;нет данных;нет данных;нет данных;NGN A-LINE 5W-30;V182575117;NGN A-LINE 5W-40;V182575120;ROWE HIGHTEC MULTI SYNT DPF 5W-30;20125-0040-99;ROWE HIGHTEC SYNT RSi 5W-40;20001-0040-99;TEBOIL Gold L 5W-30;2459465;TEBOIL Gold L 5W-40;3453956;G-Energy Synthetic Active 5W-30;253142405;G-Energy Synthetic Active 5W-40;253142406;Totachi NIRO LV SP/GF-5 5W-30;1G104;Totachi NIRO Optima PRO 5W-40;1C812
Mitsubishi;Outlander;2012;2014;2.0L / 2.4L;бензин;NGN PROFI A-LINE 5W-30;V272085301;NGN GOLD A-LINE 5W-40;V272085302;API SM/SN, 0W-20 / 5W-30;4.5;W 811/80;нет данных;нет данных;нет данных;нет данных;нет данных;нет данных;нет данных;нет данных;Заполнено агентом;нет данных;нет данных;нет данных;нет данных;нет данных;нет данных;нет данных;нет данных;NGN A-LINE 5W-30;V182575117;NGN A-LINE 5W-40;V182575120;ROWE HIGHTEC MULTI SYNT DPF 5W-30;20125-0040-99;ROWE HIGHTEC SYNT RSi 5W-40;20001-0040-99;TEBOIL Gold L 5W-30;2459465;TEBOIL Gold L 5W-40;3453956;G-Energy Synthetic Active 5W-30;253142405;G-Energy Synthetic Active 5W-40;253142406;Totachi NIRO LV SP/GF-5 5W-30;1G104;Totachi NIRO Optima PRO 5W-40;1C812
Mitsubishi;Outlander;2012;2014;3.0L V6;бензин;NGN PROFI A-LINE 5W-30;V272085301;NGN GOLD A-LINE 5W-40;V272085302;API SM/SN, 0W-20 / 5W-30;4.7;W 811/80;нет данных;нет данных;нет данных;нет данных;нет данных;нет данных;нет данных;нет данных;Заполнено агентом;нет данных;нет данных;нет данных;нет данных;нет данных;нет данных;нет данных;нет данных;NGN A-LINE 5W-30;V182575117;NGN A-LINE 5W-40;V182575120;ROWE HIGHTEC MULTI SYNT DPF 5W-30;20125-0040-99;ROWE HIGHTEC SYNT RSi 5W-40;20001-0040-99;TEBOIL Gold L 5W-30;2459465;TEBOIL Gold L 5W-40;3453956;G-Energy Synthetic Active 5W-30;253142405;G-Energy Synthetic Active 5W-40;253142406;Totachi NIRO LV SP/GF-5 5W-30;1G104;Totachi NIRO Optima PRO 5W-40;1C812
Mitsubishi;Pajero;2006;2011;3.8L V6;бензин;NGN PROFI A-LINE 5W-30;V272085301;NGN GOLD A-LINE 5W-40;V272085302;ACEA C3, API SN, 5W-30;5.5;W 811/80;нет данных;нет данных;нет данных;нет данных;нет данных;нет данных;нет данных;нет данных;Заполнено агентом;нет данных;нет данных;нет данных;нет данных;нет данных;нет данных;нет данных;нет данных;NGN A-LINE 5W-30;V182575117;NGN A-LINE 5W-40;V182575120;ROWE HIGHTEC MULTI SYNT DPF 5W-30;20125-0040-99;ROWE HIGHTEC SYNT RSi 5W-40;20001-0040-99;TEBOIL Gold L 5W-30;2459465;TEBOIL Gold L 5W-40;3453956;G-Energy Synthetic Active 5W-30;253142405;G-Energy Synthetic Active 5W-40;253142406;Totachi NIRO LV SP/GF-5 5W-30;1G104;Totachi NIRO Optima PRO 5W-40;1C812
Mitsubishi;Pajero;2006;2011;3.2 DI-D;дизель;NGN PROFI A-LINE 5W-30;V272085301;NGN GOLD A-LINE 5W-40;V272085302;ACEA C3, 5W-30;9.3;W 9069;нет данных;нет данных;нет данных;нет данных;нет данных;нет данных;нет данных;нет данных;Заполнено агентом;нет данных;нет данных;нет данных;нет данных;нет данных;нет данных;нет данных;нет данных;NGN A-LINE 5W-30;V182575117;NGN A-LINE 5W-40;V182575120;ROWE HIGHTEC MULTI SYNT DPF 5W-30;20125-0040-99;ROWE HIGHTEC SYNT RSi 5W-40;20001-0040-99;TEBOIL Gold L 5W-30;2459465;TEBOIL Gold L 5W-40;3453956;G-Energy Synthetic Active 5W-30;253142405;G-Energy Synthetic Active 5W-40;253142406;Totachi NIRO LV SP/GF-5 5W-30;1G104;Totachi NIRO Optima PRO 5W-40;1C812
Nissan;Almera;2013;2018;1.6L (K4M/HR16DE);бензин;NGN PROFI A-LINE 5W-30;V272085301;NGN GOLD A-LINE 5W-40;V272085302;ACEA A3/B4, 5W-40 / 5W-30;3.2;W 75/3;нет данных;нет данных;нет данных;нет данных;нет данных;нет данных;нет данных;нет данных;Заполнено агентом;МКПП (JR5);API GL-4, SAE 75W-80;2.8;NGN 75W-80 GL-4;V172085648;нет данных;нет данных;нет данных;NGN A-LINE 5W-30;V182575117;NGN A-LINE 5W-40;V182575120;ROWE HIGHTEC MULTI SYNT DPF 5W-30;20125-0040-99;ROWE HIGHTEC SYNT RSi 5W-40;20001-0040-99;TEBOIL Gold L 5W-30;2459465;TEBOIL Gold L 5W-40;3453956;G-Energy Synthetic Active 5W-30;253142405;G-Energy Synthetic Active 5W-40;253142406;Totachi NIRO LV SP/GF-5 5W-30;1G104;Totachi NIRO Optima PRO 5W-40;1C812
Nissan;Qashqai;2014;2018;1.2 DIG-T;бензин;NGN PROFI A-LINE 5W-30;V272085301;NGN GOLD A-LINE 5W-40;V272085302;ACEA C3, API SP/SN, 5W-30;3.4;W 7015;нет данных;нет данных;нет данных;нет данных;нет данных;нет данных;нет данных;нет данных;Заполнено агентом;нет данных;нет данных;нет данных;нет данных;нет данных;нет данных;нет данных;нет данных;NGN A-LINE 5W-30;V182575117;NGN A-LINE 5W-40;V182575120;ROWE HIGHTEC MULTI SYNT DPF 5W-30;20125-0040-99;ROWE HIGHTEC SYNT RSi 5W-40;20001-0040-99;TEBOIL Gold L 5W-30;2459465;TEBOIL Gold L 5W-40;3453956;G-Energy Synthetic Active 5W-30;253142405;G-Energy Synthetic Active 5W-40;253142406;Totachi NIRO LV SP/GF-5 5W-30;1G104;Totachi NIRO Optima PRO 5W-40;1C812
Nissan;Qashqai;2014;2018;1.6 dCi;дизель;NGN PROFI A-LINE 5W-30;V272085301;NGN GOLD A-LINE 5W-40;V272085302;ACEA C4 (RN0720), 5W-30;4.3;HU 10006 z;нет данных;нет данных;нет данных;нет данных;нет данных;нет данных;нет данных;нет данных;Заполнено агентом;нет данных;нет данных;нет данных;нет данных;нет данных;нет данных;нет данных;нет данных;NGN A-LINE 5W-30;V182575117;NGN A-LINE 5W-40;V182575120;ROWE HIGHTEC MULTI SYNT DPF 5W-30;20125-0040-99;ROWE HIGHTEC SYNT RSi 5W-40;20001-0040-99;TEBOIL Gold L 5W-30;2459465;TEBOIL Gold L 5W-40;3453956;G-Energy Synthetic Active 5W-30;253142405;G-Energy Synthetic Active 5W-40;253142406;Totachi NIRO LV SP/GF-5 5W-30;1G104;Totachi NIRO Optima PRO 5W-40;1C812
Opel;Astra;2010;2015;1.4 Turbo;бензин;NGN PROFI A-LINE 5W-30;V272085301;NGN GOLD A-LINE 5W-40;V272085302;DEXOS 2 / ACEA C3, 5W-30;4.2;HU 612/2 X;нет данных;нет данных;нет данных;нет данных;нет данных;нет данных;нет данных;нет данных;Заполнено агентом;нет данных;нет данных;нет данных;нет данных;нет данных;нет данных;нет данных;нет данных;NGN A-LINE 5W-30;V182575117;NGN A-LINE 5W-40;V182575120;ROWE HIGHTEC MULTI SYNT DPF 5W-30;20125-0040-99;ROWE HIGHTEC SYNT RSi 5W-40;20001-0040-99;TEBOIL Gold L 5W-30;2459465;TEBOIL Gold L 5W-40;3453956;G-Energy Synthetic Active 5W-30;253142405;G-Energy Synthetic Active 5W-40;253142406;Totachi NIRO LV SP/GF-5 5W-30;1G104;Totachi NIRO Optima PRO 5W-40;1C812
Opel;Astra;2010;2015;1.6L (A16XER);бензин;NGN PROFI A-LINE 5W-30;V272085301;NGN GOLD A-LINE 5W-40;V272085302;ACEA A3/B4, 5W-30;4.5;HU 612/2 X;нет данных;нет данных;нет данных;нет данных;нет данных;нет данных;нет данных;нет данных;Заполнено агентом;нет данных;нет данных;нет данных;нет данных;нет данных;нет данных;нет данных;нет данных;NGN A-LINE 5W-30;V182575117;NGN A-LINE 5W-40;V182575120;ROWE HIGHTEC MULTI SYNT DPF 5W-30;20125-0040-99;ROWE HIGHTEC SYNT RSi 5W-40;20001-0040-99;TEBOIL Gold L 5W-30;2459465;TEBOIL Gold L 5W-40;3453956;G-Energy Synthetic Active 5W-30;253142405;G-Energy Synthetic Active 5W-40;253142406;Totachi NIRO LV SP/GF-5 5W-30;1G104;Totachi NIRO Optima PRO 5W-40;1C812
Opel;Astra;2010;2015;1.7 CDTI / 2.0 CDTI;дизель;NGN PROFI A-LINE 5W-30;V272085301;NGN GOLD A-LINE 5W-40;V272085302;DEXOS 2 / ACEA C3, 5W-30;4.0;HU 7004/1 x;нет данных;нет данных;нет данных;нет данных;нет данных;нет данных;нет данных;нет данных;Заполнено агентом;нет данных;нет данных;нет данных;нет данных;нет данных;нет данных;нет данных;нет данных;NGN A-LINE 5W-30;V182575117;NGN A-LINE 5W-40;V182575120;ROWE HIGHTEC MULTI SYNT DPF 5W-30;20125-0040-99;ROWE HIGHTEC SYNT RSi 5W-40;20001-0040-99;TEBOIL Gold L 5W-30;2459465;TEBOIL Gold L 5W-40;3453956;G-Energy Synthetic Active 5W-30;253142405;G-Energy Synthetic Active 5W-40;253142406;Totachi NIRO LV SP/GF-5 5W-30;1G104;Totachi NIRO Optima PRO 5W-40;1C812
Peugeot;308;2013;2015;1.6 THP (EP6);бензин;NGN PROFI A-LINE 5W-30;V272085301;NGN GOLD A-LINE 5W-40;V272085302;ACEA C2 (PSA B71 2312), 0W-30;4.25;HU 711/51 X;нет данных;нет данных;нет данных;нет данных;нет данных;нет данных;нет данных;нет данных;Заполнено агентом;нет данных;нет данных;нет данных;нет данных;нет данных;нет данных;нет данных;нет данных;NGN A-LINE 5W-30;V182575117;NGN A-LINE 5W-40;V182575120;ROWE HIGHTEC MULTI SYNT DPF 5W-30;20125-0040-99;ROWE HIGHTEC SYNT RSi 5W-40;20001-0040-99;TEBOIL Gold L 5W-30;2459465;TEBOIL Gold L 5W-40;3453956;G-Energy Synthetic Active 5W-30;253142405;G-Energy Synthetic Active 5W-40;253142406;Totachi NIRO LV SP/GF-5 5W-30;1G104;Totachi NIRO Optima PRO 5W-40;1C812
Peugeot;308;2013;2015;1.6 HDi;дизель;NGN PROFI A-LINE 5W-30;V272085301;NGN GOLD A-LINE 5W-40;V272085302;ACEA C2/C3 (PSA B71 2290), 5W-30;3.8;HU 716/2 x;нет данных;нет данных;нет данных;нет данных;нет данных;нет данных;нет данных;нет данных;Заполнено агентом;нет данных;нет данных;нет данных;нет данных;нет данных;нет данных;нет данных;нет данных;NGN A-LINE 5W-30;V182575117;NGN A-LINE 5W-40;V182575120;ROWE HIGHTEC MULTI SYNT DPF 5W-30;20125-0040-99;ROWE HIGHTEC SYNT RSi 5W-40;20001-0040-99;TEBOIL Gold L 5W-30;2459465;TEBOIL Gold L 5W-40;3453956;G-Energy Synthetic Active 5W-30;253142405;G-Energy Synthetic Active 5W-40;253142406;Totachi NIRO LV SP/GF-5 5W-30;1G104;Totachi NIRO Optima PRO 5W-40;1C812
Renault;Duster;2011;2015;1.6L (K4M) / 2.0 (F4R);бензин;NGN PROFI A-LINE 5W-30;V272085301;NGN GOLD A-LINE 5W-40;V272085302;ACEA A3/B4 (RN0700), 5W-30 / 5W-40;3.5;W 75/3;нет данных;нет данных;нет данных;нет данных;нет данных;нет данных;нет данных;нет данных;Заполнено агентом;нет данных;нет данных;нет данных;нет данных;нет данных;нет данных;нет данных;нет данных;NGN A-LINE 5W-30;V182575117;NGN A-LINE 5W-40;V182575120;ROWE HIGHTEC MULTI SYNT DPF 5W-30;20125-0040-99;ROWE HIGHTEC SYNT RSi 5W-40;20001-0040-99;TEBOIL Gold L 5W-30;2459465;TEBOIL Gold L 5W-40;3453956;G-Energy Synthetic Active 5W-30;253142405;G-Energy Synthetic Active 5W-40;253142406;Totachi NIRO LV SP/GF-5 5W-30;1G104;Totachi NIRO Optima PRO 5W-40;1C812
Renault;Duster;2011;2015;1.5 dCi (K9K);дизель;NGN PROFI A-LINE 5W-30;V272085301;NGN GOLD A-LINE 5W-40;V272085302;ACEA C3 (RN0710), 0W-40 / 5W-40;3.8;W 79;нет данных;нет данных;нет данных;нет данных;нет данных;нет данных;нет данных;нет данных;Заполнено агентом;нет данных;нет данных;нет данных;нет данных;нет данных;нет данных;нет данных;нет данных;NGN A-LINE 5W-30;V182575117;NGN A-LINE 5W-40;V182575120;ROWE HIGHTEC MULTI SYNT DPF 5W-30;20125-0040-99;ROWE HIGHTEC SYNT RSi 5W-40;20001-0040-99;TEBOIL Gold L 5W-30;2459465;TEBOIL Gold L 5W-40;3453956;G-Energy Synthetic Active 5W-30;253142405;G-Energy Synthetic Active 5W-40;253142406;Totachi NIRO LV SP/GF-5 5W-30;1G104;Totachi NIRO Optima PRO 5W-40;1C812
Skoda;Rapid;2014;2015;1.6 MPI (CFNA);бензин;NGN PROFI A-LINE 5W-30;V272085301;NGN GOLD A-LINE 5W-40;V272085302;VW 502 00, 5W-30 / 5W-40;3.6;W 712/94;нет данных;нет данных;нет данных;нет данных;нет данных;нет данных;нет данных;нет данных;Заполнено агентом;нет данных;нет данных;нет данных;нет данных;нет данных;нет данных;нет данных;нет данных;NGN A-LINE 5W-30;V182575117;NGN A-LINE 5W-40;V182575120;ROWE HIGHTEC MULTI SYNT DPF 5W-30;20125-0040-99;ROWE HIGHTEC SYNT RSi 5W-40;20001-0040-99;TEBOIL Gold L 5W-30;2459465;TEBOIL Gold L 5W-40;3453956;G-Energy Synthetic Active 5W-30;253142405;G-Energy Synthetic Active 5W-40;253142406;Totachi NIRO LV SP/GF-5 5W-30;1G104;Totachi NIRO Optima PRO 5W-40;1C812
Skoda;Rapid;2014;2015;1.4 TSI;бензин;NGN PROFI A-LINE 5W-30;V272085301;NGN GOLD A-LINE 5W-40;V272085302;VW 502 00, 5W-40;3.6;W 712/94;нет данных;нет данных;нет данных;нет данных;нет данных;нет данных;нет данных;нет данных;Заполнено агентом;нет данных;нет данных;нет данных;нет данных;нет данных;нет данных;нет данных;нет данных;NGN A-LINE 5W-30;V182575117;NGN A-LINE 5W-40;V182575120;ROWE HIGHTEC MULTI SYNT DPF 5W-30;20125-0040-99;ROWE HIGHTEC SYNT RSi 5W-40;20001-0040-99;TEBOIL Gold L 5W-30;2459465;TEBOIL Gold L 5W-40;3453956;G-Energy Synthetic Active 5W-30;253142405;G-Energy Synthetic Active 5W-40;253142406;Totachi NIRO LV SP/GF-5 5W-30;1G104;Totachi NIRO Optima PRO 5W-40;1C812
SsangYong;Actyon;2010;2013;2.0 XDi (149 л.с.);дизель;NGN PROFI A-LINE 5W-30;V272085301;NGN GOLD A-LINE 5W-40;V272085302;MB 229.51 / ACEA C3, 5W-30;6.0;HU 727/1 x;нет данных;нет данных;нет данных;нет данных;нет данных;нет данных;нет данных;нет данных;Заполнено агентом;нет данных;нет данных;нет данных;нет данных;нет данных;нет данных;нет данных;нет данных;NGN A-LINE 5W-30;V182575117;NGN A-LINE 5W-40;V182575120;ROWE HIGHTEC MULTI SYNT DPF 5W-30;20125-0040-99;ROWE HIGHTEC SYNT RSi 5W-40;20001-0040-99;TEBOIL Gold L 5W-30;2459465;TEBOIL Gold L 5W-40;3453956;G-Energy Synthetic Active 5W-30;253142405;G-Energy Synthetic Active 5W-40;253142406;Totachi NIRO LV SP/GF-5 5W-30;1G104;Totachi NIRO Optima PRO 5W-40;1C812
SsangYong;Actyon;2010;2013;2.3L;бензин;NGN PROFI A-LINE 5W-30;V272085301;NGN GOLD A-LINE 5W-40;V272085302;MB 229.1/229.3;8.0;W 920/45;нет данных;нет данных;нет данных;нет данных;нет данных;нет данных;нет данных;нет данных;Заполнено агентом;нет данных;нет данных;нет данных;нет данных;нет данных;нет данных;нет данных;нет данных;NGN A-LINE 5W-30;V182575117;NGN A-LINE 5W-40;V182575120;ROWE HIGHTEC MULTI SYNT DPF 5W-30;20125-0040-99;ROWE HIGHTEC SYNT RSi 5W-40;20001-0040-99;TEBOIL Gold L 5W-30;2459465;TEBOIL Gold L 5W-40;3453956;G-Energy Synthetic Active 5W-30;253142405;G-Energy Synthetic Active 5W-40;253142406;Totachi NIRO LV SP/GF-5 5W-30;1G104;Totachi NIRO Optima PRO 5W-40;1C812
Toyota;RAV4;2012;2015;2.0L / 2.5L;бензин;NGN PROFI A-LINE 5W-30;V272085301;NGN GOLD A-LINE 5W-40;V272085302;API SN/ILSAC GF-5, 0W-20;4.5;HU 7025 Z;нет данных;нет данных;нет данных;нет данных;нет данных;нет данных;нет данных;нет данных;Заполнено агентом;нет данных;нет данных;нет данных;нет данных;нет данных;нет данных;нет данных;нет данных;NGN A-LINE 5W-30;V182575117;NGN A-LINE 5W-40;V182575120;ROWE HIGHTEC MULTI SYNT DPF 5W-30;20125-0040-99;ROWE HIGHTEC SYNT RSi 5W-40;20001-0040-99;TEBOIL Gold L 5W-30;2459465;TEBOIL Gold L 5W-40;3453956;G-Energy Synthetic Active 5W-30;253142405;G-Energy Synthetic Active 5W-40;253142406;Totachi NIRO LV SP/GF-5 5W-30;1G104;Totachi NIRO Optima PRO 5W-40;1C812
Toyota;RAV4;2012;2015;2.2 D-4D;дизель;NGN PROFI A-LINE 5W-30;V272085301;NGN GOLD A-LINE 5W-40;V272085302;ACEA C2;5.9;HU 7019 z;нет данных;нет данных;нет данных;нет данных;нет данных;нет данных;нет данных;нет данных;Заполнено агентом;нет данных;нет данных;нет данных;нет данных;нет данных;нет данных;нет данных;нет данных;NGN A-LINE 5W-30;V182575117;NGN A-LINE 5W-40;V182575120;ROWE HIGHTEC MULTI SYNT DPF 5W-30;20125-0040-99;ROWE HIGHTEC SYNT RSi 5W-40;20001-0040-99;TEBOIL Gold L 5W-30;2459465;TEBOIL Gold L 5W-40;3453956;G-Energy Synthetic Active 5W-30;253142405;G-Energy Synthetic Active 5W-40;253142406;Totachi NIRO LV SP/GF-5 5W-30;1G104;Totachi NIRO Optima PRO 5W-40;1C812
Citroen;C3 Picasso;2010;2015;1.4 VTi / 1.6 VTi;бензин;NGN PROFI A-LINE 5W-30;V272085301;NGN GOLD A-LINE 5W-40;V272085302;PSA B71 2290 / B71 2296, 5W-30;4.25;HU 711/51 X;нет данных;нет данных;C 35 110;нет данных;нет данных;CU 29 003-2;нет данных;нет данных;Заполнено агентом;нет данных;нет данных;нет данных;нет данных;нет данных;нет данных;нет данных;нет данных;NGN A-LINE 5W-30;V182575117;NGN A-LINE 5W-40;V182575120;ROWE HIGHTEC MULTI SYNT DPF 5W-30;20125-0040-99;ROWE HIGHTEC SYNT RSi 5W-40;20001-0040-99;TEBOIL Gold L 5W-30;2459465;TEBOIL Gold L 5W-40;3453956;G-Energy Synthetic Active 5W-30;253142405;G-Energy Synthetic Active 5W-40;253142406;Totachi NIRO LV SP/GF-5 5W-30;1G104;Totachi NIRO Optima PRO 5W-40;1C812
Citroen;C3 Picasso;2010;2015;1.6 HDi;дизель;NGN PROFI A-LINE 5W-30;V272085301;NGN GOLD A-LINE 5W-40;V272085302;PSA B71 2290, 5W-30 (ACEA C2);3.75;HU 716/2 X;нет данных;нет данных;C 3282;нет данных;нет данных;CU 29 003-2;нет данных;нет данных;Заполнено агентом;нет данных;нет данных;нет данных;нет данных;нет данных;нет данных;нет данных;нет данных;NGN A-LINE 5W-30;V182575117;NGN A-LINE 5W-40;V182575120;ROWE HIGHTEC MULTI SYNT DPF 5W-30;20125-0040-99;ROWE HIGHTEC SYNT RSi 5W-40;20001-0040-99;TEBOIL Gold L 5W-30;2459465;TEBOIL Gold L 5W-40;3453956;G-Energy Synthetic Active 5W-30;253142405;G-Energy Synthetic Active 5W-40;253142406;Totachi NIRO LV SP/GF-5 5W-30;1G104;Totachi NIRO Optima PRO 5W-40;1C812
Citroen;Xsara;2008;2010;1.6 16V;бензин;NGN PROFI A-LINE 5W-30;V272085301;NGN GOLD A-LINE 5W-40;V272085302;PSA B71 2290 / B71 2296, 5W-40;3.25;HU 711/51 X;нет данных;нет данных;C 24 005;нет данных;нет данных;CU 33 004;нет данных;нет данных;Заполнено агентом;нет данных;нет данных;нет данных;нет данных;нет данных;нет данных;нет данных;нет данных;NGN A-LINE 5W-30;V182575117;NGN A-LINE 5W-40;V182575120;ROWE HIGHTEC MULTI SYNT DPF 5W-30;20125-0040-99;ROWE HIGHTEC SYNT RSi 5W-40;20001-0040-99;TEBOIL Gold L 5W-30;2459465;TEBOIL Gold L 5W-40;3453956;G-Energy Synthetic Active 5W-30;253142405;G-Energy Synthetic Active 5W-40;253142406;Totachi NIRO LV SP/GF-5 5W-30;1G104;Totachi NIRO Optima PRO 5W-40;1C812
Citroen;Xsara;2008;2010;1.6 HDi;дизель;NGN PROFI A-LINE 5W-30;V272085301;NGN GOLD A-LINE 5W-40;V272085302;PSA B71 2290, 5W-30 (ACEA C2);3.8;HU 711/51 X;нет данных;нет данных;C 3282;нет данных;нет данных;CU 33 004;нет данных;нет данных;Заполнено агентом;нет данных;нет данных;нет данных;нет данных;нет данных;нет данных;нет данных;нет данных;NGN A-LINE 5W-30;V182575117;NGN A-LINE 5W-40;V182575120;ROWE HIGHTEC MULTI SYNT DPF 5W-30;20125-0040-99;ROWE HIGHTEC SYNT RSi 5W-40;20001-0040-99;TEBOIL Gold L 5W-30;2459465;TEBOIL Gold L 5W-40;3453956;G-Energy Synthetic Active 5W-30;253142405;G-Energy Synthetic Active 5W-40;253142406;Totachi NIRO LV SP/GF-5 5W-30;1G104;Totachi NIRO Optima PRO 5W-40;1C812
Daewoo;Gentra;2014;2015;1.5 (B15D2);бензин;NGN PROFI A-LINE 5W-30;V272085301;NGN GOLD A-LINE 5W-40;V272085302;GM Dexos 1, API SN, 5W-30;3.75;W 6021;нет данных;нет данных;C 3028;нет данных;нет данных;CU 1719;нет данных;нет данных;Заполнено агентом;нет данных;нет данных;нет данных;нет данных;нет данных;нет данных;нет данных;нет данных;NGN A-LINE 5W-30;V182575117;NGN A-LINE 5W-40;V182575120;ROWE HIGHTEC MULTI SYNT DPF 5W-30;20125-0040-99;ROWE HIGHTEC SYNT RSi 5W-40;20001-0040-99;TEBOIL Gold L 5W-30;2459465;TEBOIL Gold L 5W-40;3453956;G-Energy Synthetic Active 5W-30;253142405;G-Energy Synthetic Active 5W-40;253142406;Totachi NIRO LV SP/GF-5 5W-30;1G104;Totachi NIRO Optima PRO 5W-40;1C812
Daewoo;Lanos;2008;2010;1.5L / 1.6L 16V;бензин;NGN PROFI A-LINE 5W-30;V272085301;NGN GOLD A-LINE 5W-40;V272085302;API SN / SL, ACEA A3/B4, 5W-40;3.75;W 712/75;нет данных;нет данных;C 22 006;нет данных;нет данных;CU 28 004;нет данных;нет данных;Заполнено агентом;нет данных;нет данных;нет данных;нет данных;нет данных;нет данных;нет данных;нет данных;NGN A-LINE 5W-30;V182575117;NGN A-LINE 5W-40;V182575120;ROWE HIGHTEC MULTI SYNT DPF 5W-30;20125-0040-99;ROWE HIGHTEC SYNT RSi 5W-40;20001-0040-99;TEBOIL Gold L 5W-30;2459465;TEBOIL Gold L 5W-40;3453956;G-Energy Synthetic Active 5W-30;253142405;G-Energy Synthetic Active 5W-40;253142406;Totachi NIRO LV SP/GF-5 5W-30;1G104;Totachi NIRO Optima PRO 5W-40;1C812
Daewoo;Matiz;2007;2010;0.8L (F8CV);бензин;NGN PROFI A-LINE 5W-30;V272085301;NGN GOLD A-LINE 5W-40;V272085302;API SN/SP, ACEA A5/B5, 5W-30;2.7;W 67/2;нет данных;нет данных;C 19 008;нет данных;нет данных;CU 1719;нет данных;нет данных;Заполнено агентом;нет данных;нет данных;нет данных;нет данных;нет данных;нет данных;нет данных;нет данных;NGN A-LINE 5W-30;V182575117;NGN A-LINE 5W-40;V182575120;ROWE HIGHTEC MULTI SYNT DPF 5W-30;20125-0040-99;ROWE HIGHTEC SYNT RSi 5W-40;20001-0040-99;TEBOIL Gold L 5W-30;2459465;TEBOIL Gold L 5W-40;3453956;G-Energy Synthetic Active 5W-30;253142405;G-Energy Synthetic Active 5W-40;253142406;Totachi NIRO LV SP/GF-5 5W-30;1G104;Totachi NIRO Optima PRO 5W-40;1C812
Daewoo;Matiz;2007;2010;1.0L (LQ4/B10S);бензин;NGN PROFI A-LINE 5W-30;V272085301;NGN GOLD A-LINE 5W-40;V272085302;API SN/SP, ACEA A5/B5, 5W-30;3.2;W 67/2;нет данных;нет данных;C 23 001;нет данных;нет данных;CU 1719;нет данных;нет данных;Заполнено агентом;нет данных;нет данных;нет данных;нет данных;нет данных;нет данных;нет данных;нет данных;NGN A-LINE 5W-30;V182575117;NGN A-LINE 5W-40;V182575120;ROWE HIGHTEC MULTI SYNT DPF 5W-30;20125-0040-99;ROWE HIGHTEC SYNT RSi 5W-40;20001-0040-99;TEBOIL Gold L 5W-30;2459465;TEBOIL Gold L 5W-40;3453956;G-Energy Synthetic Active 5W-30;253142405;G-Energy Synthetic Active 5W-40;253142406;Totachi NIRO LV SP/GF-5 5W-30;1G104;Totachi NIRO Optima PRO 5W-40;1C812
Fiat;Doblo;2008;2010;1.4L 8V/16V;бензин;NGN PROFI A-LINE 5W-30;V272085301;NGN GOLD A-LINE 5W-40;V272085302;Fiat 9.55535-M2, 5W-40 ACEA A3/B4;3.3;W 610/3;нет данных;нет данных;C 28 160/1;нет данных;нет данных;CU 46 003;нет данных;нет данных;Заполнено агентом;нет данных;нет данных;нет данных;нет данных;нет данных;нет данных;нет данных;нет данных;NGN A-LINE 5W-30;V182575117;NGN A-LINE 5W-40;V182575120;ROWE HIGHTEC MULTI SYNT DPF 5W-30;20125-0040-99;ROWE HIGHTEC SYNT RSi 5W-40;20001-0040-99;TEBOIL Gold L 5W-30;2459465;TEBOIL Gold L 5W-40;3453956;G-Energy Synthetic Active 5W-30;253142405;G-Energy Synthetic Active 5W-40;253142406;Totachi NIRO LV SP/GF-5 5W-30;1G104;Totachi NIRO Optima PRO 5W-40;1C812
Fiat;Doblo;2008;2010;1.3 Multijet;дизель;NGN PROFI A-LINE 5W-30;V272085301;NGN GOLD A-LINE 5W-40;V272085302;Fiat 9.55535-S2, 5W-40 ACEA C3;3.2;HU 713/1 X;нет данных;нет данных;C 31 106;нет данных;нет данных;CU 46 003;нет данных;нет данных;Заполнено агентом;нет данных;нет данных;нет данных;нет данных;нет данных;нет данных;нет данных;нет данных;NGN A-LINE 5W-30;V182575117;NGN A-LINE 5W-40;V182575120;ROWE HIGHTEC MULTI SYNT DPF 5W-30;20125-0040-99;ROWE HIGHTEC SYNT RSi 5W-40;20001-0040-99;TEBOIL Gold L 5W-30;2459465;TEBOIL Gold L 5W-40;3453956;G-Energy Synthetic Active 5W-30;253142405;G-Energy Synthetic Active 5W-40;253142406;Totachi NIRO LV SP/GF-5 5W-30;1G104;Totachi NIRO Optima PRO 5W-40;1C812
Fiat;Doblo;2008;2010;1.9 Multijet / JTD;дизель;NGN PROFI A-LINE 5W-30;V272085301;NGN GOLD A-LINE 5W-40;V272085302;Fiat 9.55535-M2/S2, 5W-40;4.6;HU 816/2 X;нет данных;нет данных;C 31 106;нет данных;нет данных;CU 46 003;нет данных;нет данных;Заполнено агентом;нет данных;нет данных;нет данных;нет данных;нет данных;нет данных;нет данных;нет данных;NGN A-LINE 5W-30;V182575117;NGN A-LINE 5W-40;V182575120;ROWE HIGHTEC MULTI SYNT DPF 5W-30;20125-0040-99;ROWE HIGHTEC SYNT RSi 5W-40;20001-0040-99;TEBOIL Gold L 5W-30;2459465;TEBOIL Gold L 5W-40;3453956;G-Energy Synthetic Active 5W-30;253142405;G-Energy Synthetic Active 5W-40;253142406;Totachi NIRO LV SP/GF-5 5W-30;1G104;Totachi NIRO Optima PRO 5W-40;1C812
Kia;Optima;2012;2019;2.0L MPI / CVVL;бензин;NGN PROFI A-LINE 5W-30;V272085301;NGN GOLD A-LINE 5W-40;V272085302;API SP/SN, ACEA A5/B5, 5W-30;4.2;W 811/80;нет данных;нет данных;C 28 010;нет данных;нет данных;CU 24 013;нет данных;нет данных;Заполнено агентом;нет данных;нет данных;нет данных;нет данных;нет данных;нет данных;нет данных;нет данных;NGN A-LINE 5W-30;V182575117;NGN A-LINE 5W-40;V182575120;ROWE HIGHTEC MULTI SYNT DPF 5W-30;20125-0040-99;ROWE HIGHTEC SYNT RSi 5W-40;20001-0040-99;TEBOIL Gold L 5W-30;2459465;TEBOIL Gold L 5W-40;3453956;G-Energy Synthetic Active 5W-30;253142405;G-Energy Synthetic Active 5W-40;253142406;Totachi NIRO LV SP/GF-5 5W-30;1G104;Totachi NIRO Optima PRO 5W-40;1C812
Kia;Optima;2012;2019;2.4L GDI / MPI;бензин;NGN PROFI A-LINE 5W-30;V272085301;NGN GOLD A-LINE 5W-40;V272085302;ILSAC GF-6A, API SN Plus, 5W-30;6.2;W 811/80;нет данных;нет данных;C 28 010;нет данных;нет данных;CU 24 013;нет данных;нет данных;Заполнено агентом;нет данных;нет данных;нет данных;нет данных;нет данных;нет данных;нет данных;нет данных;NGN A-LINE 5W-30;V182575117;NGN A-LINE 5W-40;V182575120;ROWE HIGHTEC MULTI SYNT DPF 5W-30;20125-0040-99;ROWE HIGHTEC SYNT RSi 5W-40;20001-0040-99;TEBOIL Gold L 5W-30;2459465;TEBOIL Gold L 5W-40;3453956;G-Energy Synthetic Active 5W-30;253142405;G-Energy Synthetic Active 5W-40;253142406;Totachi NIRO LV SP/GF-5 5W-30;1G104;Totachi NIRO Optima PRO 5W-40;1C812
Kia;Sportage;2007;2020;2.0L MPI / GDI;бензин;NGN PROFI A-LINE 5W-30;V272085301;NGN GOLD A-LINE 5W-40;V272085302;API SM/SN, ACEA A5/B5, 5W-30;4.0;W 811/80;нет данных;нет данных;C 26 013;нет данных;нет данных;CU 24 004;нет данных;нет данных;Заполнено агентом;нет данных;нет данных;нет данных;нет данных;нет данных;нет данных;нет данных;нет данных;NGN A-LINE 5W-30;V182575117;NGN A-LINE 5W-40;V182575120;ROWE HIGHTEC MULTI SYNT DPF 5W-30;20125-0040-99;ROWE HIGHTEC SYNT RSi 5W-40;20001-0040-99;TEBOIL Gold L 5W-30;2459465;TEBOIL Gold L 5W-40;3453956;G-Energy Synthetic Active 5W-30;253142405;G-Energy Synthetic Active 5W-40;253142406;Totachi NIRO LV SP/GF-5 5W-30;1G104;Totachi NIRO Optima PRO 5W-40;1C812
Kia;Sportage;2007;2020;2.0L CRDi;дизель;NGN PROFI A-LINE 5W-30;V272085301;NGN GOLD A-LINE 5W-40;V272085302;ACEA C3, 5W-30;4.5;HU 7027 Z;нет данных;нет данных;C 26 013;нет данных;нет данных;CU 24 004;нет данных;нет данных;Заполнено агентом;нет данных;нет данных;нет данных;нет данных;нет данных;нет данных;нет данных;нет данных;NGN A-LINE 5W-30;V182575117;NGN A-LINE 5W-40;V182575120;ROWE HIGHTEC MULTI SYNT DPF 5W-30;20125-0040-99;ROWE HIGHTEC SYNT RSi 5W-40;20001-0040-99;TEBOIL Gold L 5W-30;2459465;TEBOIL Gold L 5W-40;3453956;G-Energy Synthetic Active 5W-30;253142405;G-Energy Synthetic Active 5W-40;253142406;Totachi NIRO LV SP/GF-5 5W-30;1G104;Totachi NIRO Optima PRO 5W-40;1C812
Kia;K5;2020;2024;2.0L MPI;бензин;NGN PROFI A-LINE 5W-30;V272085301;NGN GOLD A-LINE 5W-40;V272085302;API SP, ILSAC GF-6A, 0W-20 / 5W-30;4.0;W 811/80;нет данных;нет данных;C 28 038;нет данных;нет данных;CU 24 021;нет данных;нет данных;Заполнено агентом;нет данных;нет данных;нет данных;нет данных;нет данных;нет данных;нет данных;нет данных;NGN A-LINE 5W-30;V182575117;NGN A-LINE 5W-40;V182575120;ROWE HIGHTEC MULTI SYNT DPF 5W-30;20125-0040-99;ROWE HIGHTEC SYNT RSi 5W-40;20001-0040-99;TEBOIL Gold L 5W-30;2459465;TEBOIL Gold L 5W-40;3453956;G-Energy Synthetic Active 5W-30;253142405;G-Energy Synthetic Active 5W-40;253142406;Totachi NIRO LV SP/GF-5 5W-30;1G104;Totachi NIRO Optima PRO 5W-40;1C812
Kia;K5;2020;2024;2.5L GDI / T-GDI;бензин;NGN PROFI A-LINE 5W-30;V272085301;NGN GOLD A-LINE 5W-40;V272085302;API SP, ILSAC GF-6A, 0W-30;5.8;HU 7035 Y;нет данных;нет данных;C 28 038;нет данных;нет данных;CU 24 021;нет данных;нет данных;Заполнено агентом;нет данных;нет данных;нет данных;нет данных;нет данных;нет данных;нет данных;нет данных;NGN A-LINE 5W-30;V182575117;NGN A-LINE 5W-40;V182575120;ROWE HIGHTEC MULTI SYNT DPF 5W-30;20125-0040-99;ROWE HIGHTEC SYNT RSi 5W-40;20001-0040-99;TEBOIL Gold L 5W-30;2459465;TEBOIL Gold L 5W-40;3453956;G-Energy Synthetic Active 5W-30;253142405;G-Energy Synthetic Active 5W-40;253142406;Totachi NIRO LV SP/GF-5 5W-30;1G104;Totachi NIRO Optima PRO 5W-40;1C812
Kia;Mohave;2020;2024;3.0L V6 CRDi;дизель;NGN PROFI A-LINE 5W-30;V272085301;NGN GOLD A-LINE 5W-40;V272085302;ACEA C2/C3, 5W-30;7.4;HU 8013 Z;нет данных;нет данных;C 28 013;нет данных;нет данных;CU 24 004;нет данных;нет данных;Заполнено агентом;нет данных;нет данных;нет данных;нет данных;нет данных;нет данных;нет данных;нет данных;NGN A-LINE 5W-30;V182575117;NGN A-LINE 5W-40;V182575120;ROWE HIGHTEC MULTI SYNT DPF 5W-30;20125-0040-99;ROWE HIGHTEC SYNT RSi 5W-40;20001-0040-99;TEBOIL Gold L 5W-30;2459465;TEBOIL Gold L 5W-40;3453956;G-Energy Synthetic Active 5W-30;253142405;G-Energy Synthetic Active 5W-40;253142406;Totachi NIRO LV SP/GF-5 5W-30;1G104;Totachi NIRO Optima PRO 5W-40;1C812
Kia;Cerato;2006;2014;1.6 (G4FC);бензин;NGN PROFI A-LINE 5W-30;V272085301;NGN GOLD A-LINE 5W-40;V272085302;API SN/SM, ACEA A5/B5, 5W-30;3.3;W 811/80;нет данных;нет данных;C 25 016;нет данных;нет данных;CU 24 013;нет данных;нет данных;Заполнено агентом;нет данных;нет данных;нет данных;нет данных;нет данных;нет данных;нет данных;нет данных;NGN A-LINE 5W-30;V182575117;NGN A-LINE 5W-40;V182575120;ROWE HIGHTEC MULTI SYNT DPF 5W-30;20125-0040-99;ROWE HIGHTEC SYNT RSi 5W-40;20001-0040-99;TEBOIL Gold L 5W-30;2459465;TEBOIL Gold L 5W-40;3453956;G-Energy Synthetic Active 5W-30;253142405;G-Energy Synthetic Active 5W-40;253142406;Totachi NIRO LV SP/GF-5 5W-30;1G104;Totachi NIRO Optima PRO 5W-40;1C812
Kia;Cerato;2006;2014;2.0 (G4KD);бензин;NGN PROFI A-LINE 5W-30;V272085301;NGN GOLD A-LINE 5W-40;V272085302;API SN/SM, ACEA A3/B4, 5W-30;4.1;W 811/80;нет данных;нет данных;C 25 016;нет данных;нет данных;CU 24 013;нет данных;нет данных;Заполнено агентом;нет данных;нет данных;нет данных;нет данных;нет данных;нет данных;нет данных;нет данных;NGN A-LINE 5W-30;V182575117;NGN A-LINE 5W-40;V182575120;ROWE HIGHTEC MULTI SYNT DPF 5W-30;20125-0040-99;ROWE HIGHTEC SYNT RSi 5W-40;20001-0040-99;TEBOIL Gold L 5W-30;2459465;TEBOIL Gold L 5W-40;3453956;G-Energy Synthetic Active 5W-30;253142405;G-Energy Synthetic Active 5W-40;253142406;Totachi NIRO LV SP/GF-5 5W-30;1G104;Totachi NIRO Optima PRO 5W-40;1C812
Kia;Cerato;2006;2014;1.6 CRDi (D4FB);дизель;NGN PROFI A-LINE 5W-30;V272085301;NGN GOLD A-LINE 5W-40;V272085302;ACEA C3, 5W-30;3.8;HU 712/10 X;нет данных;нет данных;C 25 016;нет данных;нет данных;CU 24 013;нет данных;нет данных;Заполнено агентом;нет данных;нет данных;нет данных;нет данных;нет данных;нет данных;нет данных;нет данных;NGN A-LINE 5W-30;V182575117;NGN A-LINE 5W-40;V182575120;ROWE HIGHTEC MULTI SYNT DPF 5W-30;20125-0040-99;ROWE HIGHTEC SYNT RSi 5W-40;20001-0040-99;TEBOIL Gold L 5W-30;2459465;TEBOIL Gold L 5W-40;3453956;G-Energy Synthetic Active 5W-30;253142405;G-Energy Synthetic Active 5W-40;253142406;Totachi NIRO LV SP/GF-5 5W-30;1G104;Totachi NIRO Optima PRO 5W-40;1C812
Kia;Soul;2018;2020;1.6 GDI;бензин;NGN PROFI A-LINE 5W-30;V272085301;NGN GOLD A-LINE 5W-40;V272085302;API SN, ACEA A5/B5, 5W-30;3.6;W 811/80;нет данных;нет данных;C 24 013;нет данных;нет данных;CU 24 013;нет данных;нет данных;Заполнено агентом;нет данных;нет данных;нет данных;нет данных;нет данных;нет данных;нет данных;нет данных;NGN A-LINE 5W-30;V182575117;NGN A-LINE 5W-40;V182575120;ROWE HIGHTEC MULTI SYNT DPF 5W-30;20125-0040-99;ROWE HIGHTEC SYNT RSi 5W-40;20001-0040-99;TEBOIL Gold L 5W-30;2459465;TEBOIL Gold L 5W-40;3453956;G-Energy Synthetic Active 5W-30;253142405;G-Energy Synthetic Active 5W-40;253142406;Totachi NIRO LV SP/GF-5 5W-30;1G104;Totachi NIRO Optima PRO 5W-40;1C812
Kia;Soul;2018;2020;2.0 MPI;бензин;NGN PROFI A-LINE 5W-30;V272085301;NGN GOLD A-LINE 5W-40;V272085302;API SN/SP, ILSAC GF-6, 5W-30;4.0;W 811/80;нет данных;нет данных;C 24 013;нет данных;нет данных;CU 24 013;нет данных;нет данных;Заполнено агентом;нет данных;нет данных;нет данных;нет данных;нет данных;нет данных;нет данных;нет данных;NGN A-LINE 5W-30;V182575117;NGN A-LINE 5W-40;V182575120;ROWE HIGHTEC MULTI SYNT DPF 5W-30;20125-0040-99;ROWE HIGHTEC SYNT RSi 5W-40;20001-0040-99;TEBOIL Gold L 5W-30;2459465;TEBOIL Gold L 5W-40;3453956;G-Energy Synthetic Active 5W-30;253142405;G-Energy Synthetic Active 5W-40;253142406;Totachi NIRO LV SP/GF-5 5W-30;1G104;Totachi NIRO Optima PRO 5W-40;1C812
Kia;Soul;2018;2020;1.6 T-GDI;бензин;NGN PROFI A-LINE 5W-30;V272085301;NGN GOLD A-LINE 5W-40;V272085302;ACEA A5/B5, 5W-30;4.5;W 811/80;нет данных;нет данных;C 24 013;нет данных;нет данных;CU 24 013;нет данных;нет данных;Заполнено агентом;нет данных;нет данных;нет данных;нет данных;нет данных;нет данных;нет данных;нет данных;NGN A-LINE 5W-30;V182575117;NGN A-LINE 5W-40;V182575120;ROWE HIGHTEC MULTI SYNT DPF 5W-30;20125-0040-99;ROWE HIGHTEC SYNT RSi 5W-40;20001-0040-99;TEBOIL Gold L 5W-30;2459465;TEBOIL Gold L 5W-40;3453956;G-Energy Synthetic Active 5W-30;253142405;G-Energy Synthetic Active 5W-40;253142406;Totachi NIRO LV SP/GF-5 5W-30;1G104;Totachi NIRO Optima PRO 5W-40;1C812
Kia;Spectra;2011;2014;1.6 (G4FC);бензин;NGN PROFI A-LINE 5W-30;V272085301;NGN GOLD A-LINE 5W-40;V272085302;API SM/SN, ACEA A5/B5, 5W-30;3.3;W 811/80;нет данных;нет данных;C 2432;нет данных;нет данных;CU 24 013;нет данных;нет данных;Заполнено агентом;нет данных;нет данных;нет данных;нет данных;нет данных;нет данных;нет данных;нет данных;NGN A-LINE 5W-30;V182575117;NGN A-LINE 5W-40;V182575120;ROWE HIGHTEC MULTI SYNT DPF 5W-30;20125-0040-99;ROWE HIGHTEC SYNT RSi 5W-40;20001-0040-99;TEBOIL Gold L 5W-30;2459465;TEBOIL Gold L 5W-40;3453956;G-Energy Synthetic Active 5W-30;253142405;G-Energy Synthetic Active 5W-40;253142406;Totachi NIRO LV SP/GF-5 5W-30;1G104;Totachi NIRO Optima PRO 5W-40;1C812
Kia;Quoris;2013;2018;3.8 V6 GDI;бензин;NGN PROFI A-LINE 5W-30;V272085301;NGN GOLD A-LINE 5W-40;V272085302;API SN/SP, ACEA A5, 5W-30;5.7;HU 7001 x;нет данных;нет данных;нет данных;нет данных;нет данных;CU 25 018;нет данных;нет данных;Заполнено агентом;нет данных;нет данных;нет данных;нет данных;нет данных;нет данных;нет данных;нет данных;NGN A-LINE 5W-30;V182575117;NGN A-LINE 5W-40;V182575120;ROWE HIGHTEC MULTI SYNT DPF 5W-30;20125-0040-99;ROWE HIGHTEC SYNT RSi 5W-40;20001-0040-99;TEBOIL Gold L 5W-30;2459465;TEBOIL Gold L 5W-40;3453956;G-Energy Synthetic Active 5W-30;253142405;G-Energy Synthetic Active 5W-40;253142406;Totachi NIRO LV SP/GF-5 5W-30;1G104;Totachi NIRO Optima PRO 5W-40;1C812
Kia;Quoris;2013;2018;5.0 V8 GDI;бензин;NGN PROFI A-LINE 5W-30;V272085301;NGN GOLD A-LINE 5W-40;V272085302;API SP, ACEA C2/C3, 5W-30;7.2;HU 7001 x;нет данных;нет данных;нет данных;нет данных;нет данных;CU 25 018;нет данных;нет данных;Заполнено агентом;нет данных;нет данных;нет данных;нет данных;нет данных;нет данных;нет данных;нет данных;NGN A-LINE 5W-30;V182575117;NGN A-LINE 5W-40;V182575120;ROWE HIGHTEC MULTI SYNT DPF 5W-30;20125-0040-99;ROWE HIGHTEC SYNT RSi 5W-40;20001-0040-99;TEBOIL Gold L 5W-30;2459465;TEBOIL Gold L 5W-40;3453956;G-Energy Synthetic Active 5W-30;253142405;G-Energy Synthetic Active 5W-40;253142406;Totachi NIRO LV SP/GF-5 5W-30;1G104;Totachi NIRO Optima PRO 5W-40;1C812
Kia;Venga;2012;2015;1.4 MPI / 1.6 MPI;бензин;NGN PROFI A-LINE 5W-30;V272085301;NGN GOLD A-LINE 5W-40;V272085302;API SN, ACEA A5/B5, 5W-30;3.3;W 8017;нет данных;нет данных;C 24 013;нет данных;нет данных;CU 24 012;нет данных;нет данных;Заполнено агентом;нет данных;нет данных;нет данных;нет данных;нет данных;нет данных;нет данных;нет данных;NGN A-LINE 5W-30;V182575117;NGN A-LINE 5W-40;V182575120;ROWE HIGHTEC MULTI SYNT DPF 5W-30;20125-0040-99;ROWE HIGHTEC SYNT RSi 5W-40;20001-0040-99;TEBOIL Gold L 5W-30;2459465;TEBOIL Gold L 5W-40;3453956;G-Energy Synthetic Active 5W-30;253142405;G-Energy Synthetic Active 5W-40;253142406;Totachi NIRO LV SP/GF-5 5W-30;1G104;Totachi NIRO Optima PRO 5W-40;1C812
Kia;Venga;2012;2015;1.4 CRDi / 1.6 CRDi;дизель;NGN PROFI A-LINE 5W-30;V272085301;NGN GOLD A-LINE 5W-40;V272085302;ACEA C3, 5W-30;3.8;HU 7001 x;нет данных;нет данных;C 24 013;нет данных;нет данных;CU 24 012;нет данных;нет данных;Заполнено агентом;нет данных;нет данных;нет данных;нет данных;нет данных;нет данных;нет данных;нет данных;NGN A-LINE 5W-30;V182575117;NGN A-LINE 5W-40;V182575120;ROWE HIGHTEC MULTI SYNT DPF 5W-30;20125-0040-99;ROWE HIGHTEC SYNT RSi 5W-40;20001-0040-99;TEBOIL Gold L 5W-30;2459465;TEBOIL Gold L 5W-40;3453956;G-Energy Synthetic Active 5W-30;253142405;G-Energy Synthetic Active 5W-40;253142406;Totachi NIRO LV SP/GF-5 5W-30;1G104;Totachi NIRO Optima PRO 5W-40;1C812
Kia;Sorento;2014;2018;2.4 GDI;бензин;NGN PROFI A-LINE 5W-30;V272085301;NGN GOLD A-LINE 5W-40;V272085302;API SN/SP, ILSAC GF-6A, 5W-30;4.6;W 811/80;нет данных;нет данных;C 28 011;нет данных;нет данных;CU 24 013;нет данных;нет данных;Заполнено агентом;нет данных;нет данных;нет данных;нет данных;нет данных;нет данных;нет данных;нет данных;NGN A-LINE 5W-30;V182575117;NGN A-LINE 5W-40;V182575120;ROWE HIGHTEC MULTI SYNT DPF 5W-30;20125-0040-99;ROWE HIGHTEC SYNT RSi 5W-40;20001-0040-99;TEBOIL Gold L 5W-30;2459465;TEBOIL Gold L 5W-40;3453956;G-Energy Synthetic Active 5W-30;253142405;G-Energy Synthetic Active 5W-40;253142406;Totachi NIRO LV SP/GF-5 5W-30;1G104;Totachi NIRO Optima PRO 5W-40;1C812
Kia;Sorento;2014;2018;3.3 V6 GDI;бензин;NGN PROFI A-LINE 5W-30;V272085301;NGN GOLD A-LINE 5W-40;V272085302;API SN/SP, ACEA A5, 5W-30;5.7;HU 7001 x;нет данных;нет данных;C 28 011;нет данных;нет данных;CU 24 013;нет данных;нет данных;Заполнено агентом;нет данных;нет данных;нет данных;нет данных;нет данных;нет данных;нет данных;нет данных;NGN A-LINE 5W-30;V182575117;NGN A-LINE 5W-40;V182575120;ROWE HIGHTEC MULTI SYNT DPF 5W-30;20125-0040-99;ROWE HIGHTEC SYNT RSi 5W-40;20001-0040-99;TEBOIL Gold L 5W-30;2459465;TEBOIL Gold L 5W-40;3453956;G-Energy Synthetic Active 5W-30;253142405;G-Energy Synthetic Active 5W-40;253142406;Totachi NIRO LV SP/GF-5 5W-30;1G104;Totachi NIRO Optima PRO 5W-40;1C812
Kia;Sorento;2014;2018;2.2 CRDi;дизель;NGN PROFI A-LINE 5W-30;V272085301;NGN GOLD A-LINE 5W-40;V272085302;ACEA C3, 5W-30;6.7;HU 7027 Z;нет данных;нет данных;C 28 011;нет данных;нет данных;CU 24 013;нет данных;нет данных;Заполнено агентом;нет данных;нет данных;нет данных;нет данных;нет данных;нет данных;нет данных;нет данных;NGN A-LINE 5W-30;V182575117;NGN A-LINE 5W-40;V182575120;ROWE HIGHTEC MULTI SYNT DPF 5W-30;20125-0040-99;ROWE HIGHTEC SYNT RSi 5W-40;20001-0040-99;TEBOIL Gold L 5W-30;2459465;TEBOIL Gold L 5W-40;3453956;G-Energy Synthetic Active 5W-30;253142405;G-Energy Synthetic Active 5W-40;253142406;Totachi NIRO LV SP/GF-5 5W-30;1G104;Totachi NIRO Optima PRO 5W-40;1C812
Lada;Priora;2008;2017;1.6 8V/16V;бензин;NGN PROFI A-LINE 5W-30;V272085301;NGN GOLD A-LINE 5W-40;V272085302;API SN/SL, ACEA A3/B4, 5W-40;3.2;W 914/2;нет данных;нет данных;C 22 117;нет данных;нет данных;CU 22 001;нет данных;нет данных;Заполнено агентом;нет данных;нет данных;нет данных;нет данных;нет данных;нет данных;нет данных;нет данных;NGN A-LINE 5W-30;V182575117;NGN A-LINE 5W-40;V182575120;ROWE HIGHTEC MULTI SYNT DPF 5W-30;20125-0040-99;ROWE HIGHTEC SYNT RSi 5W-40;20001-0040-99;TEBOIL Gold L 5W-30;2459465;TEBOIL Gold L 5W-40;3453956;G-Energy Synthetic Active 5W-30;253142405;G-Energy Synthetic Active 5W-40;253142406;Totachi NIRO LV SP/GF-5 5W-30;1G104;Totachi NIRO Optima PRO 5W-40;1C812
Lada;Kalina;2005;2015;1.4/1.6 8V/16V;бензин;NGN PROFI A-LINE 5W-30;V272085301;NGN GOLD A-LINE 5W-40;V272085302;API SN/SL, ACEA A3/B4, 5W-40;3.5;W 914/2;нет данных;нет данных;C 22 117;нет данных;нет данных;CU 22 001;нет данных;нет данных;Заполнено агентом;нет данных;нет данных;нет данных;нет данных;нет данных;нет данных;нет данных;нет данных;NGN A-LINE 5W-30;V182575117;NGN A-LINE 5W-40;V182575120;ROWE HIGHTEC MULTI SYNT DPF 5W-30;20125-0040-99;ROWE HIGHTEC SYNT RSi 5W-40;20001-0040-99;TEBOIL Gold L 5W-30;2459465;TEBOIL Gold L 5W-40;3453956;G-Energy Synthetic Active 5W-30;253142405;G-Energy Synthetic Active 5W-40;253142406;Totachi NIRO LV SP/GF-5 5W-30;1G104;Totachi NIRO Optima PRO 5W-40;1C812
Lada;2114;2004;2012;1.5/1.6 8V;бензин;NGN PROFI A-LINE 5W-30;V272085301;NGN GOLD A-LINE 5W-40;V272085302;API SN/SL, ACEA A3/B4, 5W-40;3.5;W 914/2;нет данных;нет данных;C 22 117;нет данных;нет данных;нет данных;нет данных;нет данных;Заполнено агентом;нет данных;нет данных;нет данных;нет данных;нет данных;нет данных;нет данных;нет данных;NGN A-LINE 5W-30;V182575117;NGN A-LINE 5W-40;V182575120;ROWE HIGHTEC MULTI SYNT DPF 5W-30;20125-0040-99;ROWE HIGHTEC SYNT RSi 5W-40;20001-0040-99;TEBOIL Gold L 5W-30;2459465;TEBOIL Gold L 5W-40;3453956;G-Energy Synthetic Active 5W-30;253142405;G-Energy Synthetic Active 5W-40;253142406;Totachi NIRO LV SP/GF-5 5W-30;1G104;Totachi NIRO Optima PRO 5W-40;1C812
Lada;Niva;2011;2022;1.7;бензин;NGN PROFI A-LINE 5W-30;V272085301;NGN GOLD A-LINE 5W-40;V272085302;API SL/SN, 5W-40;3.75;W 914/2;нет данных;нет данных;C 22 117;нет данных;нет данных;CU 24 003;нет данных;нет данных;Заполнено агентом;нет данных;нет данных;нет данных;нет данных;нет данных;нет данных;нет данных;нет данных;NGN A-LINE 5W-30;V182575117;NGN A-LINE 5W-40;V182575120;ROWE HIGHTEC MULTI SYNT DPF 5W-30;20125-0040-99;ROWE HIGHTEC SYNT RSi 5W-40;20001-0040-99;TEBOIL Gold L 5W-30;2459465;TEBOIL Gold L 5W-40;3453956;G-Energy Synthetic Active 5W-30;253142405;G-Energy Synthetic Active 5W-40;253142406;Totachi NIRO LV SP/GF-5 5W-30;1G104;Totachi NIRO Optima PRO 5W-40;1C812
Lada;2112;2007;2009;1.6 8V/16V;бензин;NGN PROFI A-LINE 5W-30;V272085301;NGN GOLD A-LINE 5W-40;V272085302;API SL/SN, ACEA A3/B4, 5W-40;3.5;W 914/2;нет данных;нет данных;C 22 117;нет данных;нет данных;нет данных;нет данных;нет данных;Заполнено агентом;нет данных;нет данных;нет данных;нет данных;нет данных;нет данных;нет данных;нет данных;NGN A-LINE 5W-30;V182575117;NGN A-LINE 5W-40;V182575120;ROWE HIGHTEC MULTI SYNT DPF 5W-30;20125-0040-99;ROWE HIGHTEC SYNT RSi 5W-40;20001-0040-99;TEBOIL Gold L 5W-30;2459465;TEBOIL Gold L 5W-40;3453956;G-Energy Synthetic Active 5W-30;253142405;G-Energy Synthetic Active 5W-40;253142406;Totachi NIRO LV SP/GF-5 5W-30;1G104;Totachi NIRO Optima PRO 5W-40;1C812
Lada;2109;2004;2006;1.5/1.6 8V;бензин;NGN PROFI A-LINE 5W-30;V272085301;NGN GOLD A-LINE 5W-40;V272085302;API SL/SN, ACEA A3/B4, 10W-40;3.5;W 914/2;нет данных;нет данных;C 22 117;нет данных;нет данных;нет данных;нет данных;нет данных;Заполнено агентом;нет данных;нет данных;нет данных;нет данных;нет данных;нет данных;нет данных;нет данных;NGN A-LINE 5W-30;V182575117;NGN A-LINE 5W-40;V182575120;ROWE HIGHTEC MULTI SYNT DPF 5W-30;20125-0040-99;ROWE HIGHTEC SYNT RSi 5W-40;20001-0040-99;TEBOIL Gold L 5W-30;2459465;TEBOIL Gold L 5W-40;3453956;G-Energy Synthetic Active 5W-30;253142405;G-Energy Synthetic Active 5W-40;253142406;Totachi NIRO LV SP/GF-5 5W-30;1G104;Totachi NIRO Optima PRO 5W-40;1C812
Lada;XRay;2016;2023;1.6 (21129) / 1.8 (21179);бензин;NGN PROFI A-LINE 5W-30;V272085301;NGN GOLD A-LINE 5W-40;V272085302;API SN, ACEA A3/B4, 5W-40;4.4;W 914/2;нет данных;нет данных;C 27 030;нет данных;нет данных;CU 22 011;нет данных;нет данных;Заполнено агентом;нет данных;нет данных;нет данных;нет данных;нет данных;нет данных;нет данных;нет данных;NGN A-LINE 5W-30;V182575117;NGN A-LINE 5W-40;V182575120;ROWE HIGHTEC MULTI SYNT DPF 5W-30;20125-0040-99;ROWE HIGHTEC SYNT RSi 5W-40;20001-0040-99;TEBOIL Gold L 5W-30;2459465;TEBOIL Gold L 5W-40;3453956;G-Energy Synthetic Active 5W-30;253142405;G-Energy Synthetic Active 5W-40;253142406;Totachi NIRO LV SP/GF-5 5W-30;1G104;Totachi NIRO Optima PRO 5W-40;1C812
Lada;XRay;2016;2023;1.6 (Renault H4M);бензин;NGN PROFI A-LINE 5W-30;V272085301;NGN GOLD A-LINE 5W-40;V272085302;API SN, ACEA A3/B4, 5W-30;4.2;W 67/1;нет данных;нет данных;C 27 030;нет данных;нет данных;CU 22 011;нет данных;нет данных;Заполнено агентом;нет данных;нет данных;нет данных;нет данных;нет данных;нет данных;нет данных;нет данных;NGN A-LINE 5W-30;V182575117;NGN A-LINE 5W-40;V182575120;ROWE HIGHTEC MULTI SYNT DPF 5W-30;20125-0040-99;ROWE HIGHTEC SYNT RSi 5W-40;20001-0040-99;TEBOIL Gold L 5W-30;2459465;TEBOIL Gold L 5W-40;3453956;G-Energy Synthetic Active 5W-30;253142405;G-Energy Synthetic Active 5W-40;253142406;Totachi NIRO LV SP/GF-5 5W-30;1G104;Totachi NIRO Optima PRO 5W-40;1C812
Lada;2113;2005;2013;1.5/1.6 8V;бензин;NGN PROFI A-LINE 5W-30;V272085301;NGN GOLD A-LINE 5W-40;V272085302;API SL/SN, ACEA A3/B4, 5W-40;3.5;W 914/2;нет данных;нет данных;C 22 117;нет данных;нет данных;нет данных;нет данных;нет данных;Заполнено агентом;нет данных;нет данных;нет данных;нет данных;нет данных;нет данных;нет данных;нет данных;NGN A-LINE 5W-30;V182575117;NGN A-LINE 5W-40;V182575120;ROWE HIGHTEC MULTI SYNT DPF 5W-30;20125-0040-99;ROWE HIGHTEC SYNT RSi 5W-40;20001-0040-99;TEBOIL Gold L 5W-30;2459465;TEBOIL Gold L 5W-40;3453956;G-Energy Synthetic Active 5W-30;253142405;G-Energy Synthetic Active 5W-40;253142406;Totachi NIRO LV SP/GF-5 5W-30;1G104;Totachi NIRO Optima PRO 5W-40;1C812
Lada;2115;2002;2012;1.5/1.6 8V;бензин;NGN PROFI A-LINE 5W-30;V272085301;NGN GOLD A-LINE 5W-40;V272085302;API SL/SN, ACEA A3/B4, 5W-40;3.5;W 914/2;нет данных;нет данных;C 22 117;нет данных;нет данных;нет данных;нет данных;нет данных;Заполнено агентом;нет данных;нет данных;нет данных;нет данных;нет данных;нет данных;нет данных;нет данных;NGN A-LINE 5W-30;V182575117;NGN A-LINE 5W-40;V182575120;ROWE HIGHTEC MULTI SYNT DPF 5W-30;20125-0040-99;ROWE HIGHTEC SYNT RSi 5W-40;20001-0040-99;TEBOIL Gold L 5W-30;2459465;TEBOIL Gold L 5W-40;3453956;G-Energy Synthetic Active 5W-30;253142405;G-Energy Synthetic Active 5W-40;253142406;Totachi NIRO LV SP/GF-5 5W-30;1G104;Totachi NIRO Optima PRO 5W-40;1C812
Lada;2104;1984;2012;1.3-1.6 (Classic);бензин;NGN PROFI A-LINE 5W-30;V272085301;NGN GOLD A-LINE 5W-40;V272085302;API SL/SN, ACEA A3/B4, 10W-40;3.75;W 914/2;нет данных;нет данных;C 2443/1;нет данных;нет данных;нет данных;нет данных;нет данных;Заполнено агентом;нет данных;нет данных;нет данных;нет данных;нет данных;нет данных;нет данных;нет данных;NGN A-LINE 5W-30;V182575117;NGN A-LINE 5W-40;V182575120;ROWE HIGHTEC MULTI SYNT DPF 5W-30;20125-0040-99;ROWE HIGHTEC SYNT RSi 5W-40;20001-0040-99;TEBOIL Gold L 5W-30;2459465;TEBOIL Gold L 5W-40;3453956;G-Energy Synthetic Active 5W-30;253142405;G-Energy Synthetic Active 5W-40;253142406;Totachi NIRO LV SP/GF-5 5W-30;1G104;Totachi NIRO Optima PRO 5W-40;1C812
Lada;2107;2007;2012;1.5/1.6 (2103/21067);бензин;NGN PROFI A-LINE 5W-30;V272085301;NGN GOLD A-LINE 5W-40;V272085302;API SL/SN, ACEA A3/B4, 10W-40;3.75;W 914/2;нет данных;нет данных;C 2443/1;нет данных;нет данных;нет данных;нет данных;нет данных;Заполнено агентом;нет данных;нет данных;нет данных;нет данных;нет данных;нет данных;нет данных;нет данных;NGN A-LINE 5W-30;V182575117;NGN A-LINE 5W-40;V182575120;ROWE HIGHTEC MULTI SYNT DPF 5W-30;20125-0040-99;ROWE HIGHTEC SYNT RSi 5W-40;20001-0040-99;TEBOIL Gold L 5W-30;2459465;TEBOIL Gold L 5W-40;3453956;G-Energy Synthetic Active 5W-30;253142405;G-Energy Synthetic Active 5W-40;253142406;Totachi NIRO LV SP/GF-5 5W-30;1G104;Totachi NIRO Optima PRO 5W-40;1C812
Lada;Largus;2013;2022;1.6 8V (K7M/11189);бензин;NGN PROFI A-LINE 5W-30;V272085301;NGN GOLD A-LINE 5W-40;V272085302;API SN, ACEA A3/B4, 5W-40;3.5;W 75/3;нет данных;нет данных;C 33 006;нет данных;нет данных;CU 1829;нет данных;нет данных;Заполнено агентом;нет данных;нет данных;нет данных;нет данных;нет данных;нет данных;нет данных;нет данных;NGN A-LINE 5W-30;V182575117;NGN A-LINE 5W-40;V182575120;ROWE HIGHTEC MULTI SYNT DPF 5W-30;20125-0040-99;ROWE HIGHTEC SYNT RSi 5W-40;20001-0040-99;TEBOIL Gold L 5W-30;2459465;TEBOIL Gold L 5W-40;3453956;G-Energy Synthetic Active 5W-30;253142405;G-Energy Synthetic Active 5W-40;253142406;Totachi NIRO LV SP/GF-5 5W-30;1G104;Totachi NIRO Optima PRO 5W-40;1C812
Lada;Largus;2013;2022;1.6 16V (K4M/21129);бензин;NGN PROFI A-LINE 5W-30;V272085301;NGN GOLD A-LINE 5W-40;V272085302;API SN, ACEA A3/B4, 5W-40;4.6;W 75/3;нет данных;нет данных;C 33 006;нет данных;нет данных;CU 1829;нет данных;нет данных;Заполнено агентом;нет данных;нет данных;нет данных;нет данных;нет данных;нет данных;нет данных;нет данных;NGN A-LINE 5W-30;V182575117;NGN A-LINE 5W-40;V182575120;ROWE HIGHTEC MULTI SYNT DPF 5W-30;20125-0040-99;ROWE HIGHTEC SYNT RSi 5W-40;20001-0040-99;TEBOIL Gold L 5W-30;2459465;TEBOIL Gold L 5W-40;3453956;G-Energy Synthetic Active 5W-30;253142405;G-Energy Synthetic Active 5W-40;253142406;Totachi NIRO LV SP/GF-5 5W-30;1G104;Totachi NIRO Optima PRO 5W-40;1C812
Lexus;RX300;2016;2020;2.0T (8AR-FTS);бензин;NGN PROFI A-LINE 5W-30;V272085301;NGN GOLD A-LINE 5W-40;V272085302;API SN/SP, ILSAC GF-5/GF-6A, 0W-20;4.9;HU 7019 z;нет данных;нет данных;C 24 073;нет данных;нет данных;CU 22 032;нет данных;нет данных;Заполнено агентом;нет данных;нет данных;нет данных;нет данных;нет данных;нет данных;нет данных;нет данных;NGN A-LINE 5W-30;V182575117;NGN A-LINE 5W-40;V182575120;ROWE HIGHTEC MULTI SYNT DPF 5W-30;20125-0040-99;ROWE HIGHTEC SYNT RSi 5W-40;20001-0040-99;TEBOIL Gold L 5W-30;2459465;TEBOIL Gold L 5W-40;3453956;G-Energy Synthetic Active 5W-30;253142405;G-Energy Synthetic Active 5W-40;253142406;Totachi NIRO LV SP/GF-5 5W-30;1G104;Totachi NIRO Optima PRO 5W-40;1C812
Lexus;IS 250;2008;2013;2.5 V6 (4GR-FSE);бензин;NGN PROFI A-LINE 5W-30;V272085301;NGN GOLD A-LINE 5W-40;V272085302;API SN, ILSAC GF-5, 5W-30;6.3;HU 7009 Z;нет данных;нет данных;C 24 020;нет данных;нет данных;CU 1919;нет данных;нет данных;Заполнено агентом;нет данных;нет данных;нет данных;нет данных;нет данных;нет данных;нет данных;нет данных;NGN A-LINE 5W-30;V182575117;NGN A-LINE 5W-40;V182575120;ROWE HIGHTEC MULTI SYNT DPF 5W-30;20125-0040-99;ROWE HIGHTEC SYNT RSi 5W-40;20001-0040-99;TEBOIL Gold L 5W-30;2459465;TEBOIL Gold L 5W-40;3453956;G-Energy Synthetic Active 5W-30;253142405;G-Energy Synthetic Active 5W-40;253142406;Totachi NIRO LV SP/GF-5 5W-30;1G104;Totachi NIRO Optima PRO 5W-40;1C812
Lexus;RX 450h;2011;2015;3.5 V6 (2GR-FXE);гибрид;NGN PROFI A-LINE 5W-30;V272085301;NGN GOLD A-LINE 5W-40;V272085302;API SN/SP, ILSAC GF-5/GF-6A, 0W-20;6.1;HU 7019 z;нет данных;нет данных;C 22 010;нет данных;нет данных;CU 1919;нет данных;нет данных;Заполнено агентом;нет данных;нет данных;нет данных;нет данных;нет данных;нет данных;нет данных;нет данных;NGN A-LINE 5W-30;V182575117;NGN A-LINE 5W-40;V182575120;ROWE HIGHTEC MULTI SYNT DPF 5W-30;20125-0040-99;ROWE HIGHTEC SYNT RSi 5W-40;20001-0040-99;TEBOIL Gold L 5W-30;2459465;TEBOIL Gold L 5W-40;3453956;G-Energy Synthetic Active 5W-30;253142405;G-Energy Synthetic Active 5W-40;253142406;Totachi NIRO LV SP/GF-5 5W-30;1G104;Totachi NIRO Optima PRO 5W-40;1C812
Lexus;RX 270;2010;2015;2.7 (1AR-FE);бензин;NGN PROFI A-LINE 5W-30;V272085301;NGN GOLD A-LINE 5W-40;V272085302;API SN/SP, ILSAC GF-5/GF-6A, 0W-20 / 5W-30;4.4;HU 6014/1 z;нет данных;нет данных;C 22 010;нет данных;нет данных;CU 1919;нет данных;нет данных;Заполнено агентом;нет данных;нет данных;нет данных;нет данных;нет данных;нет данных;нет данных;нет данных;NGN A-LINE 5W-30;V182575117;NGN A-LINE 5W-40;V182575120;ROWE HIGHTEC MULTI SYNT DPF 5W-30;20125-0040-99;ROWE HIGHTEC SYNT RSi 5W-40;20001-0040-99;TEBOIL Gold L 5W-30;2459465;TEBOIL Gold L 5W-40;3453956;G-Energy Synthetic Active 5W-30;253142405;G-Energy Synthetic Active 5W-40;253142406;Totachi NIRO LV SP/GF-5 5W-30;1G104;Totachi NIRO Optima PRO 5W-40;1C812
Mazda;3;2007;2012;1.6 (Z6);бензин;NGN PROFI A-LINE 5W-30;V272085301;NGN GOLD A-LINE 5W-40;V272085302;ACEA A5/B5, API SN, 5W-30;3.9;W 67/1;нет данных;нет данных;C 30 189;нет данных;нет данных;CU 22 001-2;нет данных;нет данных;Заполнено агентом;нет данных;нет данных;нет данных;нет данных;нет данных;нет данных;нет данных;нет данных;NGN A-LINE 5W-30;V182575117;NGN A-LINE 5W-40;V182575120;ROWE HIGHTEC MULTI SYNT DPF 5W-30;20125-0040-99;ROWE HIGHTEC SYNT RSi 5W-40;20001-0040-99;TEBOIL Gold L 5W-30;2459465;TEBOIL Gold L 5W-40;3453956;G-Energy Synthetic Active 5W-30;253142405;G-Energy Synthetic Active 5W-40;253142406;Totachi NIRO LV SP/GF-5 5W-30;1G104;Totachi NIRO Optima PRO 5W-40;1C812
Mazda;3;2007;2012;2.0 (LF);бензин;NGN PROFI A-LINE 5W-30;V272085301;NGN GOLD A-LINE 5W-40;V272085302;ACEA A5/B5, API SN, 5W-30;4.3;W 712/73;нет данных;нет данных;C 31 101;нет данных;нет данных;CU 22 001-2;нет данных;нет данных;Заполнено агентом;нет данных;нет данных;нет данных;нет данных;нет данных;нет данных;нет данных;нет данных;NGN A-LINE 5W-30;V182575117;NGN A-LINE 5W-40;V182575120;ROWE HIGHTEC MULTI SYNT DPF 5W-30;20125-0040-99;ROWE HIGHTEC SYNT RSi 5W-40;20001-0040-99;TEBOIL Gold L 5W-30;2459465;TEBOIL Gold L 5W-40;3453956;G-Energy Synthetic Active 5W-30;253142405;G-Energy Synthetic Active 5W-40;253142406;Totachi NIRO LV SP/GF-5 5W-30;1G104;Totachi NIRO Optima PRO 5W-40;1C812
Mazda;CX-5;2014;2017;2.0/2.5 Skyactiv-G;бензин;NGN PROFI A-LINE 5W-30;V272085301;NGN GOLD A-LINE 5W-40;V272085302;API SN, ILSAC GF-5, 0W-20;4.5;W 6018/1;нет данных;нет данных;C 27 019;нет данных;нет данных;CU 24 009;нет данных;нет данных;Заполнено агентом;нет данных;нет данных;нет данных;нет данных;нет данных;нет данных;нет данных;нет данных;NGN A-LINE 5W-30;V182575117;NGN A-LINE 5W-40;V182575120;ROWE HIGHTEC MULTI SYNT DPF 5W-30;20125-0040-99;ROWE HIGHTEC SYNT RSi 5W-40;20001-0040-99;TEBOIL Gold L 5W-30;2459465;TEBOIL Gold L 5W-40;3453956;G-Energy Synthetic Active 5W-30;253142405;G-Energy Synthetic Active 5W-40;253142406;Totachi NIRO LV SP/GF-5 5W-30;1G104;Totachi NIRO Optima PRO 5W-40;1C812
Mazda;CX-5;2014;2017;2.2 Skyactiv-D;дизель;NGN PROFI A-LINE 5W-30;V272085301;NGN GOLD A-LINE 5W-40;V272085302;ACEA C3, 5W-30;5.7;W 811/80;нет данных;нет данных;C 17 010;нет данных;нет данных;CU 24 009;нет данных;нет данных;Заполнено агентом;нет данных;нет данных;нет данных;нет данных;нет данных;нет данных;нет данных;нет данных;NGN A-LINE 5W-30;V182575117;NGN A-LINE 5W-40;V182575120;ROWE HIGHTEC MULTI SYNT DPF 5W-30;20125-0040-99;ROWE HIGHTEC SYNT RSi 5W-40;20001-0040-99;TEBOIL Gold L 5W-30;2459465;TEBOIL Gold L 5W-40;3453956;G-Energy Synthetic Active 5W-30;253142405;G-Energy Synthetic Active 5W-40;253142406;Totachi NIRO LV SP/GF-5 5W-30;1G104;Totachi NIRO Optima PRO 5W-40;1C812
Mazda;CX-4;2016;2023;2.0/2.5 Skyactiv-G;бензин;NGN PROFI A-LINE 5W-30;V272085301;NGN GOLD A-LINE 5W-40;V272085302;API SN/SP, ILSAC GF-6A, 0W-20;4.5;W 6018/1;нет данных;нет данных;C 27 019;нет данных;нет данных;CU 24 009;нет данных;нет данных;Заполнено агентом;нет данных;нет данных;нет данных;нет данных;нет данных;нет данных;нет данных;нет данных;NGN A-LINE 5W-30;V182575117;NGN A-LINE 5W-40;V182575120;ROWE HIGHTEC MULTI SYNT DPF 5W-30;20125-0040-99;ROWE HIGHTEC SYNT RSi 5W-40;20001-0040-99;TEBOIL Gold L 5W-30;2459465;TEBOIL Gold L 5W-40;3453956;G-Energy Synthetic Active 5W-30;253142405;G-Energy Synthetic Active 5W-40;253142406;Totachi NIRO LV SP/GF-5 5W-30;1G104;Totachi NIRO Optima PRO 5W-40;1C812
Mazda;CX-7;2011;2012;2.3T (L3-VDT);бензин;NGN PROFI A-LINE 5W-30;V272085301;NGN GOLD A-LINE 5W-40;V272085302;ACEA A5/B5, API SN, 5W-30;5.7;W 7015;нет данных;нет данных;C 28 110;нет данных;нет данных;CU 2043;нет данных;нет данных;Заполнено агентом;нет данных;нет данных;нет данных;нет данных;нет данных;нет данных;нет данных;нет данных;NGN A-LINE 5W-30;V182575117;NGN A-LINE 5W-40;V182575120;ROWE HIGHTEC MULTI SYNT DPF 5W-30;20125-0040-99;ROWE HIGHTEC SYNT RSi 5W-40;20001-0040-99;TEBOIL Gold L 5W-30;2459465;TEBOIL Gold L 5W-40;3453956;G-Energy Synthetic Active 5W-30;253142405;G-Energy Synthetic Active 5W-40;253142406;Totachi NIRO LV SP/GF-5 5W-30;1G104;Totachi NIRO Optima PRO 5W-40;1C812
Mazda;CX-7;2011;2012;2.5 (L5-VE);бензин;NGN PROFI A-LINE 5W-30;V272085301;NGN GOLD A-LINE 5W-40;V272085302;ACEA A5/B5, API SN, 5W-30;5.0;W 712/73;нет данных;нет данных;C 28 110;нет данных;нет данных;CU 2043;нет данных;нет данных;Заполнено агентом;нет данных;нет данных;нет данных;нет данных;нет данных;нет данных;нет данных;нет данных;NGN A-LINE 5W-30;V182575117;NGN A-LINE 5W-40;V182575120;ROWE HIGHTEC MULTI SYNT DPF 5W-30;20125-0040-99;ROWE HIGHTEC SYNT RSi 5W-40;20001-0040-99;TEBOIL Gold L 5W-30;2459465;TEBOIL Gold L 5W-40;3453956;G-Energy Synthetic Active 5W-30;253142405;G-Energy Synthetic Active 5W-40;253142406;Totachi NIRO LV SP/GF-5 5W-30;1G104;Totachi NIRO Optima PRO 5W-40;1C812
Mazda;6;2010;2012;1.8/2.0 MZR;бензин;NGN PROFI A-LINE 5W-30;V272085301;NGN GOLD A-LINE 5W-40;V272085302;ACEA A5/B5, 5W-30;4.3;W 712/73;нет данных;нет данных;C 31 101/1;нет данных;нет данных;CU 2043;нет данных;нет данных;Заполнено агентом;нет данных;нет данных;нет данных;нет данных;нет данных;нет данных;нет данных;нет данных;NGN A-LINE 5W-30;V182575117;NGN A-LINE 5W-40;V182575120;ROWE HIGHTEC MULTI SYNT DPF 5W-30;20125-0040-99;ROWE HIGHTEC SYNT RSi 5W-40;20001-0040-99;TEBOIL Gold L 5W-30;2459465;TEBOIL Gold L 5W-40;3453956;G-Energy Synthetic Active 5W-30;253142405;G-Energy Synthetic Active 5W-40;253142406;Totachi NIRO LV SP/GF-5 5W-30;1G104;Totachi NIRO Optima PRO 5W-40;1C812
Mazda;6;2010;2012;2.5 MZR;бензин;NGN PROFI A-LINE 5W-30;V272085301;NGN GOLD A-LINE 5W-40;V272085302;ACEA A5/B5, 5W-30;5.0;W 712/73;нет данных;нет данных;C 31 101/1;нет данных;нет данных;CU 2043;нет данных;нет данных;Заполнено агентом;нет данных;нет данных;нет данных;нет данных;нет данных;нет данных;нет данных;нет данных;NGN A-LINE 5W-30;V182575117;NGN A-LINE 5W-40;V182575120;ROWE HIGHTEC MULTI SYNT DPF 5W-30;20125-0040-99;ROWE HIGHTEC SYNT RSi 5W-40;20001-0040-99;TEBOIL Gold L 5W-30;2459465;TEBOIL Gold L 5W-40;3453956;G-Energy Synthetic Active 5W-30;253142405;G-Energy Synthetic Active 5W-40;253142406;Totachi NIRO LV SP/GF-5 5W-30;1G104;Totachi NIRO Optima PRO 5W-40;1C812
Mercedes-Benz;E-Class W212;2009;2013;E200/E250 (M271);бензин;NGN PROFI A-LINE 5W-30;V272085301;NGN GOLD A-LINE 5W-40;V272085302;MB 229.5, 5W-40;7.0;HU 514 y;нет данных;нет данных;C 3210 / C 32 026;нет данных;нет данных;CU 29 002;нет данных;нет данных;Заполнено агентом;нет данных;нет данных;нет данных;нет данных;нет данных;нет данных;нет данных;нет данных;NGN A-LINE 5W-30;V182575117;NGN A-LINE 5W-40;V182575120;ROWE HIGHTEC MULTI SYNT DPF 5W-30;20125-0040-99;ROWE HIGHTEC SYNT RSi 5W-40;20001-0040-99;TEBOIL Gold L 5W-30;2459465;TEBOIL Gold L 5W-40;3453956;G-Energy Synthetic Active 5W-30;253142405;G-Energy Synthetic Active 5W-40;253142406;Totachi NIRO LV SP/GF-5 5W-30;1G104;Totachi NIRO Optima PRO 5W-40;1C812
Mercedes-Benz;E-Class W212;2009;2013;E300/E350 (M272/M276);бензин;NGN PROFI A-LINE 5W-30;V272085301;NGN GOLD A-LINE 5W-40;V272085302;MB 229.5, 5W-40;7.0;HU 718/5 x / HU 7025 z;нет данных;нет данных;C 3698/3-2;нет данных;нет данных;CU 29 002;нет данных;нет данных;Заполнено агентом;нет данных;нет данных;нет данных;нет данных;нет данных;нет данных;нет данных;нет данных;NGN A-LINE 5W-30;V182575117;NGN A-LINE 5W-40;V182575120;ROWE HIGHTEC MULTI SYNT DPF 5W-30;20125-0040-99;ROWE HIGHTEC SYNT RSi 5W-40;20001-0040-99;TEBOIL Gold L 5W-30;2459465;TEBOIL Gold L 5W-40;3453956;G-Energy Synthetic Active 5W-30;253142405;G-Energy Synthetic Active 5W-40;253142406;Totachi NIRO LV SP/GF-5 5W-30;1G104;Totachi NIRO Optima PRO 5W-40;1C812
Mercedes-Benz;E-Class W212;2009;2013;E200/E220/E250 CDI (OM651);дизель;NGN PROFI A-LINE 5W-30;V272085301;NGN GOLD A-LINE 5W-40;V272085302;MB 229.51, 5W-30;7.0;HU 7010 z;нет данных;нет данных;C 3210;нет данных;нет данных;CU 29 002;нет данных;нет данных;Заполнено агентом;нет данных;нет данных;нет данных;нет данных;нет данных;нет данных;нет данных;нет данных;NGN A-LINE 5W-30;V182575117;NGN A-LINE 5W-40;V182575120;ROWE HIGHTEC MULTI SYNT DPF 5W-30;20125-0040-99;ROWE HIGHTEC SYNT RSi 5W-40;20001-0040-99;TEBOIL Gold L 5W-30;2459465;TEBOIL Gold L 5W-40;3453956;G-Energy Synthetic Active 5W-30;253142405;G-Energy Synthetic Active 5W-40;253142406;Totachi NIRO LV SP/GF-5 5W-30;1G104;Totachi NIRO Optima PRO 5W-40;1C812
Mercedes-Benz;GL-Class W166;2014;2015;GL350 BlueTEC (OM642);дизель;NGN PROFI A-LINE 5W-30;V272085301;NGN GOLD A-LINE 5W-40;V272085302;MB 229.51/229.52, 5W-30;7.5;HU 821 x;нет данных;нет данных;C 30 005;нет данных;нет данных;CU 26 013-2;нет данных;нет данных;Заполнено агентом;нет данных;нет данных;нет данных;нет данных;нет данных;нет данных;нет данных;нет данных;NGN A-LINE 5W-30;V182575117;NGN A-LINE 5W-40;V182575120;ROWE HIGHTEC MULTI SYNT DPF 5W-30;20125-0040-99;ROWE HIGHTEC SYNT RSi 5W-40;20001-0040-99;TEBOIL Gold L 5W-30;2459465;TEBOIL Gold L 5W-40;3453956;G-Energy Synthetic Active 5W-30;253142405;G-Energy Synthetic Active 5W-40;253142406;Totachi NIRO LV SP/GF-5 5W-30;1G104;Totachi NIRO Optima PRO 5W-40;1C812
Mercedes-Benz;GL-Class W166;2014;2015;GL400/GL500 (M276/M278);бензин;NGN PROFI A-LINE 5W-30;V272085301;NGN GOLD A-LINE 5W-40;V272085302;MB 229.5, 5W-40;7.5;HU 7025 z;нет данных;нет данных;C 3218 / C 32 026;нет данных;нет данных;CU 26 013-2;нет данных;нет данных;Заполнено агентом;нет данных;нет данных;нет данных;нет данных;нет данных;нет данных;нет данных;нет данных;NGN A-LINE 5W-30;V182575117;NGN A-LINE 5W-40;V182575120;ROWE HIGHTEC MULTI SYNT DPF 5W-30;20125-0040-99;ROWE HIGHTEC SYNT RSi 5W-40;20001-0040-99;TEBOIL Gold L 5W-30;2459465;TEBOIL Gold L 5W-40;3453956;G-Energy Synthetic Active 5W-30;253142405;G-Energy Synthetic Active 5W-40;253142406;Totachi NIRO LV SP/GF-5 5W-30;1G104;Totachi NIRO Optima PRO 5W-40;1C812
Mercedes-Benz;GLA X156;2014;2017;GLA200/GLA250 (M270);бензин;NGN PROFI A-LINE 5W-30;V272085301;NGN GOLD A-LINE 5W-40;V272085302;MB 229.5, 5W-40;7.5;HU 711/6 z;нет данных;нет данных;C 27 004;нет данных;нет данных;CU 26 007;нет данных;нет данных;Заполнено агентом;нет данных;нет данных;нет данных;нет данных;нет данных;нет данных;нет данных;нет данных;NGN A-LINE 5W-30;V182575117;NGN A-LINE 5W-40;V182575120;ROWE HIGHTEC MULTI SYNT DPF 5W-30;20125-0040-99;ROWE HIGHTEC SYNT RSi 5W-40;20001-0040-99;TEBOIL Gold L 5W-30;2459465;TEBOIL Gold L 5W-40;3453956;G-Energy Synthetic Active 5W-30;253142405;G-Energy Synthetic Active 5W-40;253142406;Totachi NIRO LV SP/GF-5 5W-30;1G104;Totachi NIRO Optima PRO 5W-40;1C812
Mercedes-Benz;GLA X156;2014;2017;GLA200/220 CDI (OM651);дизель;NGN PROFI A-LINE 5W-30;V272085301;NGN GOLD A-LINE 5W-40;V272085302;MB 229.51, 5W-30;7.5;HU 7010 z;нет данных;нет данных;C 29 007;нет данных;нет данных;CU 26 007;нет данных;нет данных;Заполнено агентом;нет данных;нет данных;нет данных;нет данных;нет данных;нет данных;нет данных;нет данных;NGN A-LINE 5W-30;V182575117;NGN A-LINE 5W-40;V182575120;ROWE HIGHTEC MULTI SYNT DPF 5W-30;20125-0040-99;ROWE HIGHTEC SYNT RSi 5W-40;20001-0040-99;TEBOIL Gold L 5W-30;2459465;TEBOIL Gold L 5W-40;3453956;G-Energy Synthetic Active 5W-30;253142405;G-Energy Synthetic Active 5W-40;253142406;Totachi NIRO LV SP/GF-5 5W-30;1G104;Totachi NIRO Optima PRO 5W-40;1C812
Mercedes-Benz;M-Class W166;2011;2015;ML 250 BlueTEC (OM651);дизель;NGN PROFI A-LINE 5W-30;V272085301;NGN GOLD A-LINE 5W-40;V272085302;MB 229.51, 5W-30;6.5;HU 7010 z;нет данных;нет данных;C 3210;нет данных;нет данных;CU 26 013-2;нет данных;нет данных;Заполнено агентом;нет данных;нет данных;нет данных;нет данных;нет данных;нет данных;нет данных;нет данных;NGN A-LINE 5W-30;V182575117;NGN A-LINE 5W-40;V182575120;ROWE HIGHTEC MULTI SYNT DPF 5W-30;20125-0040-99;ROWE HIGHTEC SYNT RSi 5W-40;20001-0040-99;TEBOIL Gold L 5W-30;2459465;TEBOIL Gold L 5W-40;3453956;G-Energy Synthetic Active 5W-30;253142405;G-Energy Synthetic Active 5W-40;253142406;Totachi NIRO LV SP/GF-5 5W-30;1G104;Totachi NIRO Optima PRO 5W-40;1C812
Mercedes-Benz;M-Class W166;2011;2015;ML 350 BlueTEC (OM642);дизель;NGN PROFI A-LINE 5W-30;V272085301;NGN GOLD A-LINE 5W-40;V272085302;MB 229.51/229.52, 5W-30;8.0;HU 821 x;нет данных;нет данных;C 30 005;нет данных;нет данных;CU 26 013-2;нет данных;нет данных;Заполнено агентом;нет данных;нет данных;нет данных;нет данных;нет данных;нет данных;нет данных;нет данных;NGN A-LINE 5W-30;V182575117;NGN A-LINE 5W-40;V182575120;ROWE HIGHTEC MULTI SYNT DPF 5W-30;20125-0040-99;ROWE HIGHTEC SYNT RSi 5W-40;20001-0040-99;TEBOIL Gold L 5W-30;2459465;TEBOIL Gold L 5W-40;3453956;G-Energy Synthetic Active 5W-30;253142405;G-Energy Synthetic Active 5W-40;253142406;Totachi NIRO LV SP/GF-5 5W-30;1G104;Totachi NIRO Optima PRO 5W-40;1C812
Mercedes-Benz;M-Class W166;2011;2015;ML 350 (M276);бензин;NGN PROFI A-LINE 5W-30;V272085301;NGN GOLD A-LINE 5W-40;V272085302;MB 229.5, 5W-40;7.0;HU 7025 z;нет данных;нет данных;C 32 026;нет данных;нет данных;CU 26 013-2;нет данных;нет данных;Заполнено агентом;нет данных;нет данных;нет данных;нет данных;нет данных;нет данных;нет данных;нет данных;NGN A-LINE 5W-30;V182575117;NGN A-LINE 5W-40;V182575120;ROWE HIGHTEC MULTI SYNT DPF 5W-30;20125-0040-99;ROWE HIGHTEC SYNT RSi 5W-40;20001-0040-99;TEBOIL Gold L 5W-30;2459465;TEBOIL Gold L 5W-40;3453956;G-Energy Synthetic Active 5W-30;253142405;G-Energy Synthetic Active 5W-40;253142406;Totachi NIRO LV SP/GF-5 5W-30;1G104;Totachi NIRO Optima PRO 5W-40;1C812
Mitsubishi;ASX;2010;2023;1.6 (4A92);бензин;NGN PROFI A-LINE 5W-30;V272085301;NGN GOLD A-LINE 5W-40;V272085302;API SN/SP, ILSAC GF-5/GF-6, 0W-20/5W-30;4.0;W 610/3;нет данных;нет данных;C 25 120;нет данных;нет данных;CU 2141;нет данных;нет данных;Заполнено агентом;нет данных;нет данных;нет данных;нет данных;нет данных;нет данных;нет данных;нет данных;NGN A-LINE 5W-30;V182575117;NGN A-LINE 5W-40;V182575120;ROWE HIGHTEC MULTI SYNT DPF 5W-30;20125-0040-99;ROWE HIGHTEC SYNT RSi 5W-40;20001-0040-99;TEBOIL Gold L 5W-30;2459465;TEBOIL Gold L 5W-40;3453956;G-Energy Synthetic Active 5W-30;253142405;G-Energy Synthetic Active 5W-40;253142406;Totachi NIRO LV SP/GF-5 5W-30;1G104;Totachi NIRO Optima PRO 5W-40;1C812
Mitsubishi;ASX;2010;2023;1.8 (4B10) / 2.0 (4B11);бензин;NGN PROFI A-LINE 5W-30;V272085301;NGN GOLD A-LINE 5W-40;V272085302;API SN/SP, ILSAC GF-5/GF-6, 0W-20/5W-30;4.3;W 610/3;нет данных;нет данных;C 27 003;нет данных;нет данных;CU 2141;нет данных;нет данных;Заполнено агентом;нет данных;нет данных;нет данных;нет данных;нет данных;нет данных;нет данных;нет данных;NGN A-LINE 5W-30;V182575117;NGN A-LINE 5W-40;V182575120;ROWE HIGHTEC MULTI SYNT DPF 5W-30;20125-0040-99;ROWE HIGHTEC SYNT RSi 5W-40;20001-0040-99;TEBOIL Gold L 5W-30;2459465;TEBOIL Gold L 5W-40;3453956;G-Energy Synthetic Active 5W-30;253142405;G-Energy Synthetic Active 5W-40;253142406;Totachi NIRO LV SP/GF-5 5W-30;1G104;Totachi NIRO Optima PRO 5W-40;1C812
Mitsubishi;L200;2006;2023;2.5 DI-D (4D56);дизель;NGN PROFI A-LINE 5W-30;V272085301;NGN GOLD A-LINE 5W-40;V272085302;ACEA B3/B4 / C3, 5W-40 / 5W-30;6.3;W 9069;нет данных;нет данных;C 24 011;нет данных;нет данных;CU 2231;нет данных;нет данных;Заполнено агентом;нет данных;нет данных;нет данных;нет данных;нет данных;нет данных;нет данных;нет данных;NGN A-LINE 5W-30;V182575117;NGN A-LINE 5W-40;V182575120;ROWE HIGHTEC MULTI SYNT DPF 5W-30;20125-0040-99;ROWE HIGHTEC SYNT RSi 5W-40;20001-0040-99;TEBOIL Gold L 5W-30;2459465;TEBOIL Gold L 5W-40;3453956;G-Energy Synthetic Active 5W-30;253142405;G-Energy Synthetic Active 5W-40;253142406;Totachi NIRO LV SP/GF-5 5W-30;1G104;Totachi NIRO Optima PRO 5W-40;1C812
Mitsubishi;L200;2006;2023;2.4 DI-D (4N15);дизель;NGN PROFI A-LINE 5W-30;V272085301;NGN GOLD A-LINE 5W-40;V272085302;ACEA C3, 5W-30;7.0;W 610/3;нет данных;нет данных;C 24 011;нет данных;нет данных;CU 2231;нет данных;нет данных;Заполнено агентом;нет данных;нет данных;нет данных;нет данных;нет данных;нет данных;нет данных;нет данных;NGN A-LINE 5W-30;V182575117;NGN A-LINE 5W-40;V182575120;ROWE HIGHTEC MULTI SYNT DPF 5W-30;20125-0040-99;ROWE HIGHTEC SYNT RSi 5W-40;20001-0040-99;TEBOIL Gold L 5W-30;2459465;TEBOIL Gold L 5W-40;3453956;G-Energy Synthetic Active 5W-30;253142405;G-Energy Synthetic Active 5W-40;253142406;Totachi NIRO LV SP/GF-5 5W-30;1G104;Totachi NIRO Optima PRO 5W-40;1C812
Mitsubishi;Outlander;2007;2021;2.0 / 2.4 (4B11/4B12);бензин;NGN PROFI A-LINE 5W-30;V272085301;NGN GOLD A-LINE 5W-40;V272085302;API SN/SP, ILSAC GF-5/GF-6, 0W-20/5W-30;4.5;W 610/3;нет данных;нет данных;C 27 003;нет данных;нет данных;CU 2141;нет данных;нет данных;Заполнено агентом;нет данных;нет данных;нет данных;нет данных;нет данных;нет данных;нет данных;нет данных;NGN A-LINE 5W-30;V182575117;NGN A-LINE 5W-40;V182575120;ROWE HIGHTEC MULTI SYNT DPF 5W-30;20125-0040-99;ROWE HIGHTEC SYNT RSi 5W-40;20001-0040-99;TEBOIL Gold L 5W-30;2459465;TEBOIL Gold L 5W-40;3453956;G-Energy Synthetic Active 5W-30;253142405;G-Energy Synthetic Active 5W-40;253142406;Totachi NIRO LV SP/GF-5 5W-30;1G104;Totachi NIRO Optima PRO 5W-40;1C812
Mitsubishi;Outlander;2007;2021;3.0 V6 (6B31);бензин;NGN PROFI A-LINE 5W-30;V272085301;NGN GOLD A-LINE 5W-40;V272085302;API SN/SP, 5W-30;4.7;W 610/3;нет данных;нет данных;C 25 654;нет данных;нет данных;CU 2141;нет данных;нет данных;Заполнено агентом;нет данных;нет данных;нет данных;нет данных;нет данных;нет данных;нет данных;нет данных;NGN A-LINE 5W-30;V182575117;NGN A-LINE 5W-40;V182575120;ROWE HIGHTEC MULTI SYNT DPF 5W-30;20125-0040-99;ROWE HIGHTEC SYNT RSi 5W-40;20001-0040-99;TEBOIL Gold L 5W-30;2459465;TEBOIL Gold L 5W-40;3453956;G-Energy Synthetic Active 5W-30;253142405;G-Energy Synthetic Active 5W-40;253142406;Totachi NIRO LV SP/GF-5 5W-30;1G104;Totachi NIRO Optima PRO 5W-40;1C812
Mitsubishi;Pajero;2006;2021;3.0 / 3.8 V6 (6G72/6G75);бензин;NGN PROFI A-LINE 5W-30;V272085301;NGN GOLD A-LINE 5W-40;V272085302;API SN/SP, 5W-30 / 5W-40;5.0;W 811/80;нет данных;нет данных;C 35 127;нет данных;нет данных;CU 2231;нет данных;нет данных;Заполнено агентом;нет данных;нет данных;нет данных;нет данных;нет данных;нет данных;нет данных;нет данных;NGN A-LINE 5W-30;V182575117;NGN A-LINE 5W-40;V182575120;ROWE HIGHTEC MULTI SYNT DPF 5W-30;20125-0040-99;ROWE HIGHTEC SYNT RSi 5W-40;20001-0040-99;TEBOIL Gold L 5W-30;2459465;TEBOIL Gold L 5W-40;3453956;G-Energy Synthetic Active 5W-30;253142405;G-Energy Synthetic Active 5W-40;253142406;Totachi NIRO LV SP/GF-5 5W-30;1G104;Totachi NIRO Optima PRO 5W-40;1C812
Mitsubishi;Pajero;2006;2021;3.2 DI-D (4M41);дизель;NGN PROFI A-LINE 5W-30;V272085301;NGN GOLD A-LINE 5W-40;V272085302;ACEA B3/B4 / C3, 5W-30 / 5W-40;9.3;W 10 703;нет данных;нет данных;C 35 127;нет данных;нет данных;CU 2231;нет данных;нет данных;Заполнено агентом;нет данных;нет данных;нет данных;нет данных;нет данных;нет данных;нет данных;нет данных;NGN A-LINE 5W-30;V182575117;NGN A-LINE 5W-40;V182575120;ROWE HIGHTEC MULTI SYNT DPF 5W-30;20125-0040-99;ROWE HIGHTEC SYNT RSi 5W-40;20001-0040-99;TEBOIL Gold L 5W-30;2459465;TEBOIL Gold L 5W-40;3453956;G-Energy Synthetic Active 5W-30;253142405;G-Energy Synthetic Active 5W-40;253142406;Totachi NIRO LV SP/GF-5 5W-30;1G104;Totachi NIRO Optima PRO 5W-40;1C812
Mitsubishi;Pajero Sport;2008;2023;2.5 DI-D (4D56);дизель;NGN PROFI A-LINE 5W-30;V272085301;NGN GOLD A-LINE 5W-40;V272085302;ACEA B3/B4 / C3, 5W-40 / 5W-30;6.3;W 9069;нет данных;нет данных;C 24 011;нет данных;нет данных;CU 2231;нет данных;нет данных;Заполнено агентом;нет данных;нет данных;нет данных;нет данных;нет данных;нет данных;нет данных;нет данных;NGN A-LINE 5W-30;V182575117;NGN A-LINE 5W-40;V182575120;ROWE HIGHTEC MULTI SYNT DPF 5W-30;20125-0040-99;ROWE HIGHTEC SYNT RSi 5W-40;20001-0040-99;TEBOIL Gold L 5W-30;2459465;TEBOIL Gold L 5W-40;3453956;G-Energy Synthetic Active 5W-30;253142405;G-Energy Synthetic Active 5W-40;253142406;Totachi NIRO LV SP/GF-5 5W-30;1G104;Totachi NIRO Optima PRO 5W-40;1C812
Mitsubishi;Pajero Sport;2008;2023;3.0 V6 (6B31);бензин;NGN PROFI A-LINE 5W-30;V272085301;NGN GOLD A-LINE 5W-40;V272085302;API SN/SP, 5W-30;5.0;W 610/3;нет данных;нет данных;C 24 011;нет данных;нет данных;CU 2231;нет данных;нет данных;Заполнено агентом;нет данных;нет данных;нет данных;нет данных;нет данных;нет данных;нет данных;нет данных;NGN A-LINE 5W-30;V182575117;NGN A-LINE 5W-40;V182575120;ROWE HIGHTEC MULTI SYNT DPF 5W-30;20125-0040-99;ROWE HIGHTEC SYNT RSi 5W-40;20001-0040-99;TEBOIL Gold L 5W-30;2459465;TEBOIL Gold L 5W-40;3453956;G-Energy Synthetic Active 5W-30;253142405;G-Energy Synthetic Active 5W-40;253142406;Totachi NIRO LV SP/GF-5 5W-30;1G104;Totachi NIRO Optima PRO 5W-40;1C812
Mitsubishi;Pajero Sport;2008;2023;2.4 DI-D (4N15);дизель;NGN PROFI A-LINE 5W-30;V272085301;NGN GOLD A-LINE 5W-40;V272085302;ACEA C3, 5W-30;7.0;W 610/3;нет данных;нет данных;C 24 011;нет данных;нет данных;CU 2231;нет данных;нет данных;Заполнено агентом;нет данных;нет данных;нет данных;нет данных;нет данных;нет данных;нет данных;нет данных;NGN A-LINE 5W-30;V182575117;NGN A-LINE 5W-40;V182575120;ROWE HIGHTEC MULTI SYNT DPF 5W-30;20125-0040-99;ROWE HIGHTEC SYNT RSi 5W-40;20001-0040-99;TEBOIL Gold L 5W-30;2459465;TEBOIL Gold L 5W-40;3453956;G-Energy Synthetic Active 5W-30;253142405;G-Energy Synthetic Active 5W-40;253142406;Totachi NIRO LV SP/GF-5 5W-30;1G104;Totachi NIRO Optima PRO 5W-40;1C812
Nissan;Almera;2012;2019;1.6 (K4M);бензин;NGN PROFI A-LINE 5W-30;V272085301;NGN GOLD A-LINE 5W-40;V272085302;ACEA A3/B4, API SN, 5W-30 / 5W-40;3.2;W 75/3;нет данных;нет данных;C 18 58/2;нет данных;нет данных;CU 1829;нет данных;нет данных;Заполнено агентом;МКПП (JR5);API GL-4, SAE 75W-80;2.8;NGN 75W-80 GL-4;V172085648;нет данных;нет данных;нет данных;NGN A-LINE 5W-30;V182575117;NGN A-LINE 5W-40;V182575120;ROWE HIGHTEC MULTI SYNT DPF 5W-30;20125-0040-99;ROWE HIGHTEC SYNT RSi 5W-40;20001-0040-99;TEBOIL Gold L 5W-30;2459465;TEBOIL Gold L 5W-40;3453956;G-Energy Synthetic Active 5W-30;253142405;G-Energy Synthetic Active 5W-40;253142406;Totachi NIRO LV SP/GF-5 5W-30;1G104;Totachi NIRO Optima PRO 5W-40;1C812
Nissan;Juke;2011;2019;1.6 (HR16DE) / 1.6T (MR16DDT);бензин;NGN PROFI A-LINE 5W-30;V272085301;NGN GOLD A-LINE 5W-40;V272085302;API SN/SP, 5W-30;4.3;W 67/1;нет данных;нет данных;C 23 115;нет данных;нет данных;CU 1629;нет данных;нет данных;Заполнено агентом;нет данных;нет данных;нет данных;нет данных;нет данных;нет данных;нет данных;нет данных;NGN A-LINE 5W-30;V182575117;NGN A-LINE 5W-40;V182575120;ROWE HIGHTEC MULTI SYNT DPF 5W-30;20125-0040-99;ROWE HIGHTEC SYNT RSi 5W-40;20001-0040-99;TEBOIL Gold L 5W-30;2459465;TEBOIL Gold L 5W-40;3453956;G-Energy Synthetic Active 5W-30;253142405;G-Energy Synthetic Active 5W-40;253142406;Totachi NIRO LV SP/GF-5 5W-30;1G104;Totachi NIRO Optima PRO 5W-40;1C812
Nissan;Juke;2011;2019;1.5 dCi (K9K);дизель;NGN PROFI A-LINE 5W-30;V272085301;NGN GOLD A-LINE 5W-40;V272085302;ACEA C4, 5W-30;4.3;W 7032;нет данных;нет данных;C 23 115;нет данных;нет данных;CU 1629;нет данных;нет данных;Заполнено агентом;нет данных;нет данных;нет данных;нет данных;нет данных;нет данных;нет данных;нет данных;NGN A-LINE 5W-30;V182575117;NGN A-LINE 5W-40;V182575120;ROWE HIGHTEC MULTI SYNT DPF 5W-30;20125-0040-99;ROWE HIGHTEC SYNT RSi 5W-40;20001-0040-99;TEBOIL Gold L 5W-30;2459465;TEBOIL Gold L 5W-40;3453956;G-Energy Synthetic Active 5W-30;253142405;G-Energy Synthetic Active 5W-40;253142406;Totachi NIRO LV SP/GF-5 5W-30;1G104;Totachi NIRO Optima PRO 5W-40;1C812
Nissan;Murano;2008;2016;3.5 V6 (VQ35DE);бензин;NGN PROFI A-LINE 5W-30;V272085301;NGN GOLD A-LINE 5W-40;V272085302;API SN/SP, 5W-30;5.2;W 67/1;нет данных;нет данных;C 28 150;нет данных;нет данных;CU 22 018;нет данных;нет данных;Заполнено агентом;нет данных;нет данных;нет данных;нет данных;нет данных;нет данных;нет данных;нет данных;NGN A-LINE 5W-30;V182575117;NGN A-LINE 5W-40;V182575120;ROWE HIGHTEC MULTI SYNT DPF 5W-30;20125-0040-99;ROWE HIGHTEC SYNT RSi 5W-40;20001-0040-99;TEBOIL Gold L 5W-30;2459465;TEBOIL Gold L 5W-40;3453956;G-Energy Synthetic Active 5W-30;253142405;G-Energy Synthetic Active 5W-40;253142406;Totachi NIRO LV SP/GF-5 5W-30;1G104;Totachi NIRO Optima PRO 5W-40;1C812
Nissan;Pathfinder;2011;2013;2.5 dCi (YD25DDTi);дизель;NGN PROFI A-LINE 5W-30;V272085301;NGN GOLD A-LINE 5W-40;V272085302;ACEA A3/B4, 5W-30 / 5W-40;6.5;W 920/48;нет данных;нет данных;C 28 150;нет данных;нет данных;CU 26 011-2;нет данных;нет данных;Заполнено агентом;нет данных;нет данных;нет данных;нет данных;нет данных;нет данных;нет данных;нет данных;NGN A-LINE 5W-30;V182575117;NGN A-LINE 5W-40;V182575120;ROWE HIGHTEC MULTI SYNT DPF 5W-30;20125-0040-99;ROWE HIGHTEC SYNT RSi 5W-40;20001-0040-99;TEBOIL Gold L 5W-30;2459465;TEBOIL Gold L 5W-40;3453956;G-Energy Synthetic Active 5W-30;253142405;G-Energy Synthetic Active 5W-40;253142406;Totachi NIRO LV SP/GF-5 5W-30;1G104;Totachi NIRO Optima PRO 5W-40;1C812
Nissan;Pathfinder;2011;2013;4.0 V6 (VQ40DE);бензин;NGN PROFI A-LINE 5W-30;V272085301;NGN GOLD A-LINE 5W-40;V272085302;API SN, 5W-30;6.5;W 67/1;нет данных;нет данных;C 28 150;нет данных;нет данных;CU 26 011-2;нет данных;нет данных;Заполнено агентом;нет данных;нет данных;нет данных;нет данных;нет данных;нет данных;нет данных;нет данных;NGN A-LINE 5W-30;V182575117;NGN A-LINE 5W-40;V182575120;ROWE HIGHTEC MULTI SYNT DPF 5W-30;20125-0040-99;ROWE HIGHTEC SYNT RSi 5W-40;20001-0040-99;TEBOIL Gold L 5W-30;2459465;TEBOIL Gold L 5W-40;3453956;G-Energy Synthetic Active 5W-30;253142405;G-Energy Synthetic Active 5W-40;253142406;Totachi NIRO LV SP/GF-5 5W-30;1G104;Totachi NIRO Optima PRO 5W-40;1C812
Nissan;Pulsar;2015;2023;1.2 DIG-T / 1.6 DIG-T;бензин;NGN PROFI A-LINE 5W-30;V272085301;NGN GOLD A-LINE 5W-40;V272085302;ACEA C3, API SN, 5W-30;3.4;HU 10 002 z / W 6025;нет данных;нет данных;C 2329;нет данных;нет данных;CU 1629;нет данных;нет данных;Заполнено агентом;нет данных;нет данных;нет данных;нет данных;нет данных;нет данных;нет данных;нет данных;NGN A-LINE 5W-30;V182575117;NGN A-LINE 5W-40;V182575120;ROWE HIGHTEC MULTI SYNT DPF 5W-30;20125-0040-99;ROWE HIGHTEC SYNT RSi 5W-40;20001-0040-99;TEBOIL Gold L 5W-30;2459465;TEBOIL Gold L 5W-40;3453956;G-Energy Synthetic Active 5W-30;253142405;G-Energy Synthetic Active 5W-40;253142406;Totachi NIRO LV SP/GF-5 5W-30;1G104;Totachi NIRO Optima PRO 5W-40;1C812
Nissan;Pulsar;2015;2023;1.5 dCi (K9K);дизель;NGN PROFI A-LINE 5W-30;V272085301;NGN GOLD A-LINE 5W-40;V272085302;ACEA C4, Renault RN0720, 5W-30;4.3;W 7032;нет данных;нет данных;C 2329;нет данных;нет данных;CU 1629;нет данных;нет данных;Заполнено агентом;нет данных;нет данных;нет данных;нет данных;нет данных;нет данных;нет данных;нет данных;NGN A-LINE 5W-30;V182575117;NGN A-LINE 5W-40;V182575120;ROWE HIGHTEC MULTI SYNT DPF 5W-30;20125-0040-99;ROWE HIGHTEC SYNT RSi 5W-40;20001-0040-99;TEBOIL Gold L 5W-30;2459465;TEBOIL Gold L 5W-40;3453956;G-Energy Synthetic Active 5W-30;253142405;G-Energy Synthetic Active 5W-40;253142406;Totachi NIRO LV SP/GF-5 5W-30;1G104;Totachi NIRO Optima PRO 5W-40;1C812
Nissan;Qashqai;2007;2021;1.6 / 2.0 (Petrol);бензин;NGN PROFI A-LINE 5W-30;V272085301;NGN GOLD A-LINE 5W-40;V272085302;API SN, ACEA A3/B4, 5W-30 / 5W-40;4.4;W 67/1;нет данных;нет данных;C 23 115 / C 2433/2;нет данных;нет данных;CU 1936 / CU 25 003;нет данных;нет данных;Заполнено агентом;нет данных;нет данных;нет данных;нет данных;нет данных;нет данных;нет данных;нет данных;NGN A-LINE 5W-30;V182575117;NGN A-LINE 5W-40;V182575120;ROWE HIGHTEC MULTI SYNT DPF 5W-30;20125-0040-99;ROWE HIGHTEC SYNT RSi 5W-40;20001-0040-99;TEBOIL Gold L 5W-30;2459465;TEBOIL Gold L 5W-40;3453956;G-Energy Synthetic Active 5W-30;253142405;G-Energy Synthetic Active 5W-40;253142406;Totachi NIRO LV SP/GF-5 5W-30;1G104;Totachi NIRO Optima PRO 5W-40;1C812
Nissan;Qashqai;2007;2021;1.2 DIG-T;бензин;NGN PROFI A-LINE 5W-30;V272085301;NGN GOLD A-LINE 5W-40;V272085302;ACEA C3, 5W-30;3.4;HU 10 002 z;нет данных;нет данных;C 2329;нет данных;нет данных;CU 25 003;нет данных;нет данных;Заполнено агентом;нет данных;нет данных;нет данных;нет данных;нет данных;нет данных;нет данных;нет данных;NGN A-LINE 5W-30;V182575117;NGN A-LINE 5W-40;V182575120;ROWE HIGHTEC MULTI SYNT DPF 5W-30;20125-0040-99;ROWE HIGHTEC SYNT RSi 5W-40;20001-0040-99;TEBOIL Gold L 5W-30;2459465;TEBOIL Gold L 5W-40;3453956;G-Energy Synthetic Active 5W-30;253142405;G-Energy Synthetic Active 5W-40;253142406;Totachi NIRO LV SP/GF-5 5W-30;1G104;Totachi NIRO Optima PRO 5W-40;1C812
Nissan;Qashqai;2007;2021;1.6 dCi (R9M);дизель;NGN PROFI A-LINE 5W-30;V272085301;NGN GOLD A-LINE 5W-40;V272085302;ACEA C4, 5W-30;4.3;HU 6011 z;нет данных;нет данных;C 23 115;нет данных;нет данных;CU 25 003;нет данных;нет данных;Заполнено агентом;нет данных;нет данных;нет данных;нет данных;нет данных;нет данных;нет данных;нет данных;NGN A-LINE 5W-30;V182575117;NGN A-LINE 5W-40;V182575120;ROWE HIGHTEC MULTI SYNT DPF 5W-30;20125-0040-99;ROWE HIGHTEC SYNT RSi 5W-40;20001-0040-99;TEBOIL Gold L 5W-30;2459465;TEBOIL Gold L 5W-40;3453956;G-Energy Synthetic Active 5W-30;253142405;G-Energy Synthetic Active 5W-40;253142406;Totachi NIRO LV SP/GF-5 5W-30;1G104;Totachi NIRO Optima PRO 5W-40;1C812
Nissan;Sentra;2014;2018;1.6 (HR16DE);бензин;NGN PROFI A-LINE 5W-30;V272085301;NGN GOLD A-LINE 5W-40;V272085302;API SN/SP, 5W-30;4.3;W 67/1;нет данных;нет данных;C 23 115;нет данных;нет данных;CU 1629;нет данных;нет данных;Заполнено агентом;нет данных;нет данных;нет данных;нет данных;нет данных;нет данных;нет данных;нет данных;NGN A-LINE 5W-30;V182575117;NGN A-LINE 5W-40;V182575120;ROWE HIGHTEC MULTI SYNT DPF 5W-30;20125-0040-99;ROWE HIGHTEC SYNT RSi 5W-40;20001-0040-99;TEBOIL Gold L 5W-30;2459465;TEBOIL Gold L 5W-40;3453956;G-Energy Synthetic Active 5W-30;253142405;G-Energy Synthetic Active 5W-40;253142406;Totachi NIRO LV SP/GF-5 5W-30;1G104;Totachi NIRO Optima PRO 5W-40;1C812
Nissan;Tiida;2007;2015;1.6 (HR16DE);бензин;NGN PROFI A-LINE 5W-30;V272085301;NGN GOLD A-LINE 5W-40;V272085302;API SN/SP, 5W-30 / 5W-40;4.3;W 67/1;нет данных;нет данных;C 23 115;нет данных;нет данных;CU 1629 / CU 2345;нет данных;нет данных;Заполнено агентом;нет данных;нет данных;нет данных;нет данных;нет данных;нет данных;нет данных;нет данных;NGN A-LINE 5W-30;V182575117;NGN A-LINE 5W-40;V182575120;ROWE HIGHTEC MULTI SYNT DPF 5W-30;20125-0040-99;ROWE HIGHTEC SYNT RSi 5W-40;20001-0040-99;TEBOIL Gold L 5W-30;2459465;TEBOIL Gold L 5W-40;3453956;G-Energy Synthetic Active 5W-30;253142405;G-Energy Synthetic Active 5W-40;253142406;Totachi NIRO LV SP/GF-5 5W-30;1G104;Totachi NIRO Optima PRO 5W-40;1C812
Nissan;Terrano;2014;2023;1.6 (K4M) / 2.0 (F4R);бензин;NGN PROFI A-LINE 5W-30;V272085301;NGN GOLD A-LINE 5W-40;V272085302;ACEA A3/B4, API SN, 5W-30 / 5W-40;4.5;W 75/3;нет данных;нет данных;C 18 58/2;нет данных;нет данных;CU 1829;нет данных;нет данных;Заполнено агентом;нет данных;нет данных;нет данных;нет данных;нет данных;нет данных;нет данных;нет данных;NGN A-LINE 5W-30;V182575117;NGN A-LINE 5W-40;V182575120;ROWE HIGHTEC MULTI SYNT DPF 5W-30;20125-0040-99;ROWE HIGHTEC SYNT RSi 5W-40;20001-0040-99;TEBOIL Gold L 5W-30;2459465;TEBOIL Gold L 5W-40;3453956;G-Energy Synthetic Active 5W-30;253142405;G-Energy Synthetic Active 5W-40;253142406;Totachi NIRO LV SP/GF-5 5W-30;1G104;Totachi NIRO Optima PRO 5W-40;1C812
Nissan;X-Trail;2007;2021;2.0 / 2.5 (Petrol);бензин;NGN PROFI A-LINE 5W-30;V272085301;NGN GOLD A-LINE 5W-40;V272085302;API SN, ILSAC GF-5, 5W-30 / 5W-40;4.5;W 67/1 / W 610/6;нет данных;нет данных;C 23 115 / C 2533/1;нет данных;нет данных;CU 1936 / CU 25 003;нет данных;нет данных;Заполнено агентом;нет данных;нет данных;нет данных;нет данных;нет данных;нет данных;нет данных;нет данных;NGN A-LINE 5W-30;V182575117;NGN A-LINE 5W-40;V182575120;ROWE HIGHTEC MULTI SYNT DPF 5W-30;20125-0040-99;ROWE HIGHTEC SYNT RSi 5W-40;20001-0040-99;TEBOIL Gold L 5W-30;2459465;TEBOIL Gold L 5W-40;3453956;G-Energy Synthetic Active 5W-30;253142405;G-Energy Synthetic Active 5W-40;253142406;Totachi NIRO LV SP/GF-5 5W-30;1G104;Totachi NIRO Optima PRO 5W-40;1C812
Nissan;X-Trail;2007;2021;1.6 dCi (R9M);дизель;NGN PROFI A-LINE 5W-30;V272085301;NGN GOLD A-LINE 5W-40;V272085302;ACEA C4, 5W-30;4.3;HU 6011 z;нет данных;нет данных;C 2533/1;нет данных;нет данных;CU 25 003;нет данных;нет данных;Заполнено агентом;нет данных;нет данных;нет данных;нет данных;нет данных;нет данных;нет данных;нет данных;NGN A-LINE 5W-30;V182575117;NGN A-LINE 5W-40;V182575120;ROWE HIGHTEC MULTI SYNT DPF 5W-30;20125-0040-99;ROWE HIGHTEC SYNT RSi 5W-40;20001-0040-99;TEBOIL Gold L 5W-30;2459465;TEBOIL Gold L 5W-40;3453956;G-Energy Synthetic Active 5W-30;253142405;G-Energy Synthetic Active 5W-40;253142406;Totachi NIRO LV SP/GF-5 5W-30;1G104;Totachi NIRO Optima PRO 5W-40;1C812
Opel;Astra;2007;2015;1.4 / 1.6 / 1.8 (Petrol);бензин;NGN PROFI A-LINE 5W-30;V272085301;NGN GOLD A-LINE 5W-40;V272085302;GM Dexos 2, ACEA C3, 5W-30;4.2;HU 612/2 x;нет данных;нет данных;C 30 130 / C 26 106;нет данных;нет данных;CU 3054 / CU 2442;нет данных;нет данных;Заполнено агентом;нет данных;нет данных;нет данных;нет данных;нет данных;нет данных;нет данных;нет данных;NGN A-LINE 5W-30;V182575117;NGN A-LINE 5W-40;V182575120;ROWE HIGHTEC MULTI SYNT DPF 5W-30;20125-0040-99;ROWE HIGHTEC SYNT RSi 5W-40;20001-0040-99;TEBOIL Gold L 5W-30;2459465;TEBOIL Gold L 5W-40;3453956;G-Energy Synthetic Active 5W-30;253142405;G-Energy Synthetic Active 5W-40;253142406;Totachi NIRO LV SP/GF-5 5W-30;1G104;Totachi NIRO Optima PRO 5W-40;1C812
Opel;Astra;2007;2015;1.7 CDTI;дизель;NGN PROFI A-LINE 5W-30;V272085301;NGN GOLD A-LINE 5W-40;V272085302;GM Dexos 2, ACEA C3, 5W-30;4.0;HU 820/1 y;нет данных;нет данных;C 30 130 / C 26 106;нет данных;нет данных;CU 3054 / CU 2442;нет данных;нет данных;Заполнено агентом;нет данных;нет данных;нет данных;нет данных;нет данных;нет данных;нет данных;нет данных;NGN A-LINE 5W-30;V182575117;NGN A-LINE 5W-40;V182575120;ROWE HIGHTEC MULTI SYNT DPF 5W-30;20125-0040-99;ROWE HIGHTEC SYNT RSi 5W-40;20001-0040-99;TEBOIL Gold L 5W-30;2459465;TEBOIL Gold L 5W-40;3453956;G-Energy Synthetic Active 5W-30;253142405;G-Energy Synthetic Active 5W-40;253142406;Totachi NIRO LV SP/GF-5 5W-30;1G104;Totachi NIRO Optima PRO 5W-40;1C812
Opel;Antara;2010;2015;2.4 / 3.0 / 3.2 (Petrol);бензин;NGN PROFI A-LINE 5W-30;V272085301;NGN GOLD A-LINE 5W-40;V272085302;GM Dexos 2, ACEA C3, 5W-30;5.5;HU 612/2 x / W 712/75;нет данных;нет данных;C 27 107;нет данных;нет данных;CU 2440;нет данных;нет данных;Заполнено агентом;нет данных;нет данных;нет данных;нет данных;нет данных;нет данных;нет данных;нет данных;NGN A-LINE 5W-30;V182575117;NGN A-LINE 5W-40;V182575120;ROWE HIGHTEC MULTI SYNT DPF 5W-30;20125-0040-99;ROWE HIGHTEC SYNT RSi 5W-40;20001-0040-99;TEBOIL Gold L 5W-30;2459465;TEBOIL Gold L 5W-40;3453956;G-Energy Synthetic Active 5W-30;253142405;G-Energy Synthetic Active 5W-40;253142406;Totachi NIRO LV SP/GF-5 5W-30;1G104;Totachi NIRO Optima PRO 5W-40;1C812
Opel;Antara;2010;2015;2.2 CDTi;дизель;NGN PROFI A-LINE 5W-30;V272085301;NGN GOLD A-LINE 5W-40;V272085302;GM Dexos 2, ACEA C3, 5W-30;5.5;HU 7030 z;нет данных;нет данных;C 27 107;нет данных;нет данных;CU 2440;нет данных;нет данных;Заполнено агентом;нет данных;нет данных;нет данных;нет данных;нет данных;нет данных;нет данных;нет данных;NGN A-LINE 5W-30;V182575117;NGN A-LINE 5W-40;V182575120;ROWE HIGHTEC MULTI SYNT DPF 5W-30;20125-0040-99;ROWE HIGHTEC SYNT RSi 5W-40;20001-0040-99;TEBOIL Gold L 5W-30;2459465;TEBOIL Gold L 5W-40;3453956;G-Energy Synthetic Active 5W-30;253142405;G-Energy Synthetic Active 5W-40;253142406;Totachi NIRO LV SP/GF-5 5W-30;1G104;Totachi NIRO Optima PRO 5W-40;1C812
Opel;Mokka;2012;2015;1.4T / 1.6 / 1.8;бензин;NGN PROFI A-LINE 5W-30;V272085301;NGN GOLD A-LINE 5W-40;V272085302;GM Dexos 2, ACEA C3, 5W-30;4.2;HU 612/2 x;нет данных;нет данных;C 24 012/1;нет данных;нет данных;CU 2442;нет данных;нет данных;Заполнено агентом;нет данных;нет данных;нет данных;нет данных;нет данных;нет данных;нет данных;нет данных;NGN A-LINE 5W-30;V182575117;NGN A-LINE 5W-40;V182575120;ROWE HIGHTEC MULTI SYNT DPF 5W-30;20125-0040-99;ROWE HIGHTEC SYNT RSi 5W-40;20001-0040-99;TEBOIL Gold L 5W-30;2459465;TEBOIL Gold L 5W-40;3453956;G-Energy Synthetic Active 5W-30;253142405;G-Energy Synthetic Active 5W-40;253142406;Totachi NIRO LV SP/GF-5 5W-30;1G104;Totachi NIRO Optima PRO 5W-40;1C812
Porsche;Cayenne;2010;2017;3.0 dCi (Diesel);дизель;NGN PROFI A-LINE 5W-30;V272085301;NGN GOLD A-LINE 5W-40;V272085302;Porsche C30, 5W-30;8.0;HU 721/4 x;нет данных;нет данных;C 39 002;нет данных;нет данных;CUK 2847/1;нет данных;нет данных;Заполнено агентом;нет данных;нет данных;нет данных;нет данных;нет данных;нет данных;нет данных;нет данных;NGN A-LINE 5W-30;V182575117;NGN A-LINE 5W-40;V182575120;ROWE HIGHTEC MULTI SYNT DPF 5W-30;20125-0040-99;ROWE HIGHTEC SYNT RSi 5W-40;20001-0040-99;TEBOIL Gold L 5W-30;2459465;TEBOIL Gold L 5W-40;3453956;G-Energy Synthetic Active 5W-30;253142405;G-Energy Synthetic Active 5W-40;253142406;Totachi NIRO LV SP/GF-5 5W-30;1G104;Totachi NIRO Optima PRO 5W-40;1C812
Porsche;Cayenne;2010;2017;3.6 V6 / 4.8 V8 (Petrol);бензин;NGN PROFI A-LINE 5W-30;V272085301;NGN GOLD A-LINE 5W-40;V272085302;Porsche A40, 5W-40;8.0;HU 721/4 x;нет данных;нет данных;C 39 002;нет данных;нет данных;CUK 2847/1;нет данных;нет данных;Заполнено агентом;нет данных;нет данных;нет данных;нет данных;нет данных;нет данных;нет данных;нет данных;NGN A-LINE 5W-30;V182575117;NGN A-LINE 5W-40;V182575120;ROWE HIGHTEC MULTI SYNT DPF 5W-30;20125-0040-99;ROWE HIGHTEC SYNT RSi 5W-40;20001-0040-99;TEBOIL Gold L 5W-30;2459465;TEBOIL Gold L 5W-40;3453956;G-Energy Synthetic Active 5W-30;253142405;G-Energy Synthetic Active 5W-40;253142406;Totachi NIRO LV SP/GF-5 5W-30;1G104;Totachi NIRO Optima PRO 5W-40;1C812
Renault;Clio;2012;2015;1.2 16V;бензин;NGN PROFI A-LINE 5W-30;V272085301;NGN GOLD A-LINE 5W-40;V272085302;RN0700, 5W-30 / 5W-40;3.0;W 66 / W 6025;нет данных;нет данных;C 2030;нет данных;нет данных;CU 1629;нет данных;нет данных;Заполнено агентом;нет данных;нет данных;нет данных;нет данных;нет данных;нет данных;нет данных;нет данных;NGN A-LINE 5W-30;V182575117;NGN A-LINE 5W-40;V182575120;ROWE HIGHTEC MULTI SYNT DPF 5W-30;20125-0040-99;ROWE HIGHTEC SYNT RSi 5W-40;20001-0040-99;TEBOIL Gold L 5W-30;2459465;TEBOIL Gold L 5W-40;3453956;G-Energy Synthetic Active 5W-30;253142405;G-Energy Synthetic Active 5W-40;253142406;Totachi NIRO LV SP/GF-5 5W-30;1G104;Totachi NIRO Optima PRO 5W-40;1C812
Renault;Clio;2012;2015;1.5 dCi (K9K);дизель;NGN PROFI A-LINE 5W-30;V272085301;NGN GOLD A-LINE 5W-40;V272085302;RN0720, 5W-30;4.8;W 7032;нет данных;нет данных;C 2030;нет данных;нет данных;CU 1629;нет данных;нет данных;Заполнено агентом;нет данных;нет данных;нет данных;нет данных;нет данных;нет данных;нет данных;нет данных;NGN A-LINE 5W-30;V182575117;NGN A-LINE 5W-40;V182575120;ROWE HIGHTEC MULTI SYNT DPF 5W-30;20125-0040-99;ROWE HIGHTEC SYNT RSi 5W-40;20001-0040-99;TEBOIL Gold L 5W-30;2459465;TEBOIL Gold L 5W-40;3453956;G-Energy Synthetic Active 5W-30;253142405;G-Energy Synthetic Active 5W-40;253142406;Totachi NIRO LV SP/GF-5 5W-30;1G104;Totachi NIRO Optima PRO 5W-40;1C812
Renault;Duster;2010;2023;1.6 / 2.0 (Petrol);бензин;NGN PROFI A-LINE 5W-30;V272085301;NGN GOLD A-LINE 5W-40;V272085302;RN0700/RN0710, 5W-40;3.5;W 75/3;нет данных;нет данных;C 18 58/2 / C 27 030;нет данных;нет данных;CU 1829;нет данных;нет данных;Заполнено агентом;нет данных;нет данных;нет данных;нет данных;нет данных;нет данных;нет данных;нет данных;NGN A-LINE 5W-30;V182575117;NGN A-LINE 5W-40;V182575120;ROWE HIGHTEC MULTI SYNT DPF 5W-30;20125-0040-99;ROWE HIGHTEC SYNT RSi 5W-40;20001-0040-99;TEBOIL Gold L 5W-30;2459465;TEBOIL Gold L 5W-40;3453956;G-Energy Synthetic Active 5W-30;253142405;G-Energy Synthetic Active 5W-40;253142406;Totachi NIRO LV SP/GF-5 5W-30;1G104;Totachi NIRO Optima PRO 5W-40;1C812
Renault;Duster;2010;2023;1.5 dCi (K9K);дизель;NGN PROFI A-LINE 5W-30;V272085301;NGN GOLD A-LINE 5W-40;V272085302;RN0720, 5W-30;3.8;W 7032;нет данных;нет данных;C 18 58/2 / C 27 030;нет данных;нет данных;CU 1829;нет данных;нет данных;Заполнено агентом;нет данных;нет данных;нет данных;нет данных;нет данных;нет данных;нет данных;нет данных;NGN A-LINE 5W-30;V182575117;NGN A-LINE 5W-40;V182575120;ROWE HIGHTEC MULTI SYNT DPF 5W-30;20125-0040-99;ROWE HIGHTEC SYNT RSi 5W-40;20001-0040-99;TEBOIL Gold L 5W-30;2459465;TEBOIL Gold L 5W-40;3453956;G-Energy Synthetic Active 5W-30;253142405;G-Energy Synthetic Active 5W-40;253142406;Totachi NIRO LV SP/GF-5 5W-30;1G104;Totachi NIRO Optima PRO 5W-40;1C812
Renault;Duster;2010;2023;1.3 TCe;бензин;NGN PROFI A-LINE 5W-30;V272085301;NGN GOLD A-LINE 5W-40;V272085302;RN17, 5W-30;5.0;HU 10 002 z;нет данных;нет данных;C 27 030;нет данных;нет данных;CU 1829;нет данных;нет данных;Заполнено агентом;нет данных;нет данных;нет данных;нет данных;нет данных;нет данных;нет данных;нет данных;NGN A-LINE 5W-30;V182575117;NGN A-LINE 5W-40;V182575120;ROWE HIGHTEC MULTI SYNT DPF 5W-30;20125-0040-99;ROWE HIGHTEC SYNT RSi 5W-40;20001-0040-99;TEBOIL Gold L 5W-30;2459465;TEBOIL Gold L 5W-40;3453956;G-Energy Synthetic Active 5W-30;253142405;G-Energy Synthetic Active 5W-40;253142406;Totachi NIRO LV SP/GF-5 5W-30;1G104;Totachi NIRO Optima PRO 5W-40;1C812
Renault;Kaptur;2016;2023;1.6 (H4M) / 2.0 (F4R);бензин;NGN PROFI A-LINE 5W-30;V272085301;NGN GOLD A-LINE 5W-40;V272085302;RN0700/RN0710, 5W-40;4.5;W 6025 / W 75/3;нет данных;нет данных;C 27 030;нет данных;нет данных;CU 1829;нет данных;нет данных;Заполнено агентом;нет данных;нет данных;нет данных;нет данных;нет данных;нет данных;нет данных;нет данных;NGN A-LINE 5W-30;V182575117;NGN A-LINE 5W-40;V182575120;ROWE HIGHTEC MULTI SYNT DPF 5W-30;20125-0040-99;ROWE HIGHTEC SYNT RSi 5W-40;20001-0040-99;TEBOIL Gold L 5W-30;2459465;TEBOIL Gold L 5W-40;3453956;G-Energy Synthetic Active 5W-30;253142405;G-Energy Synthetic Active 5W-40;253142406;Totachi NIRO LV SP/GF-5 5W-30;1G104;Totachi NIRO Optima PRO 5W-40;1C812
Renault;Kaptur;2016;2023;1.3 TCe (H5Ht);бензин;NGN PROFI A-LINE 5W-30;V272085301;NGN GOLD A-LINE 5W-40;V272085302;RN17, 5W-30;4.5;HU 10 002 z;нет данных;нет данных;C 27 030;нет данных;нет данных;CU 1829;нет данных;нет данных;Заполнено агентом;нет данных;нет данных;нет данных;нет данных;нет данных;нет данных;нет данных;нет данных;NGN A-LINE 5W-30;V182575117;NGN A-LINE 5W-40;V182575120;ROWE HIGHTEC MULTI SYNT DPF 5W-30;20125-0040-99;ROWE HIGHTEC SYNT RSi 5W-40;20001-0040-99;TEBOIL Gold L 5W-30;2459465;TEBOIL Gold L 5W-40;3453956;G-Energy Synthetic Active 5W-30;253142405;G-Energy Synthetic Active 5W-40;253142406;Totachi NIRO LV SP/GF-5 5W-30;1G104;Totachi NIRO Optima PRO 5W-40;1C812
Renault;Logan;2007;2023;1.4 / 1.6 (K7M/K4M/H4M);бензин;NGN PROFI A-LINE 5W-30;V272085301;NGN GOLD A-LINE 5W-40;V272085302;RN0700, 5W-40;3.5;W 75/3 / W 6025;нет данных;нет данных;C 2672 / C 27 030;нет данных;нет данных;CU 1829;нет данных;нет данных;Заполнено агентом;нет данных;нет данных;нет данных;нет данных;нет данных;нет данных;нет данных;нет данных;NGN A-LINE 5W-30;V182575117;NGN A-LINE 5W-40;V182575120;ROWE HIGHTEC MULTI SYNT DPF 5W-30;20125-0040-99;ROWE HIGHTEC SYNT RSi 5W-40;20001-0040-99;TEBOIL Gold L 5W-30;2459465;TEBOIL Gold L 5W-40;3453956;G-Energy Synthetic Active 5W-30;253142405;G-Energy Synthetic Active 5W-40;253142406;Totachi NIRO LV SP/GF-5 5W-30;1G104;Totachi NIRO Optima PRO 5W-40;1C812
Renault;Sandero;2009;2023;1.4 / 1.6 (K7M/K4M/H4M);бензин;NGN PROFI A-LINE 5W-30;V272085301;NGN GOLD A-LINE 5W-40;V272085302;RN0700, 5W-40;3.5;W 75/3 / W 6025;нет данных;нет данных;C 2672 / C 27 030;нет данных;нет данных;CU 1829;нет данных;нет данных;Заполнено агентом;нет данных;нет данных;нет данных;нет данных;нет данных;нет данных;нет данных;нет данных;NGN A-LINE 5W-30;V182575117;NGN A-LINE 5W-40;V182575120;ROWE HIGHTEC MULTI SYNT DPF 5W-30;20125-0040-99;ROWE HIGHTEC SYNT RSi 5W-40;20001-0040-99;TEBOIL Gold L 5W-30;2459465;TEBOIL Gold L 5W-40;3453956;G-Energy Synthetic Active 5W-30;253142405;G-Energy Synthetic Active 5W-40;253142406;Totachi NIRO LV SP/GF-5 5W-30;1G104;Totachi NIRO Optima PRO 5W-40;1C812
Renault;Fluence;2010;2017;1.6 / 2.0 (Petrol);бензин;NGN PROFI A-LINE 5W-30;V272085301;NGN GOLD A-LINE 5W-40;V272085302;RN0700, 5W-40;4.5;W 75/3 / W 6025;нет данных;нет данных;C 25 115;нет данных;нет данных;CU 26 005;нет данных;нет данных;Заполнено агентом;нет данных;нет данных;нет данных;нет данных;нет данных;нет данных;нет данных;нет данных;NGN A-LINE 5W-30;V182575117;NGN A-LINE 5W-40;V182575120;ROWE HIGHTEC MULTI SYNT DPF 5W-30;20125-0040-99;ROWE HIGHTEC SYNT RSi 5W-40;20001-0040-99;TEBOIL Gold L 5W-30;2459465;TEBOIL Gold L 5W-40;3453956;G-Energy Synthetic Active 5W-30;253142405;G-Energy Synthetic Active 5W-40;253142406;Totachi NIRO LV SP/GF-5 5W-30;1G104;Totachi NIRO Optima PRO 5W-40;1C812
Renault;Fluence;2010;2017;1.5 dCi (K9K);дизель;NGN PROFI A-LINE 5W-30;V272085301;NGN GOLD A-LINE 5W-40;V272085302;RN0720, 5W-30;4.5;W 7032;нет данных;нет данных;C 25 115;нет данных;нет данных;CU 26 005;нет данных;нет данных;Заполнено агентом;нет данных;нет данных;нет данных;нет данных;нет данных;нет данных;нет данных;нет данных;NGN A-LINE 5W-30;V182575117;NGN A-LINE 5W-40;V182575120;ROWE HIGHTEC MULTI SYNT DPF 5W-30;20125-0040-99;ROWE HIGHTEC SYNT RSi 5W-40;20001-0040-99;TEBOIL Gold L 5W-30;2459465;TEBOIL Gold L 5W-40;3453956;G-Energy Synthetic Active 5W-30;253142405;G-Energy Synthetic Active 5W-40;253142406;Totachi NIRO LV SP/GF-5 5W-30;1G104;Totachi NIRO Optima PRO 5W-40;1C812
Skoda;Fabia;2007;2015;1.2 MPI / 1.2 TSI;бензин;NGN PROFI A-LINE 5W-30;V272085301;NGN GOLD A-LINE 5W-40;V272085302;VW 502.00, 5W-30 / 5W-40;3.4;HU 710 x / W 712/94;нет данных;нет данных;C 21 003 / C 14 130;нет данных;нет данных;CU 26010;нет данных;нет данных;Заполнено агентом;нет данных;нет данных;нет данных;нет данных;нет данных;нет данных;нет данных;нет данных;NGN A-LINE 5W-30;V182575117;NGN A-LINE 5W-40;V182575120;ROWE HIGHTEC MULTI SYNT DPF 5W-30;20125-0040-99;ROWE HIGHTEC SYNT RSi 5W-40;20001-0040-99;TEBOIL Gold L 5W-30;2459465;TEBOIL Gold L 5W-40;3453956;G-Energy Synthetic Active 5W-30;253142405;G-Energy Synthetic Active 5W-40;253142406;Totachi NIRO LV SP/GF-5 5W-30;1G104;Totachi NIRO Optima PRO 5W-40;1C812
Skoda;Fabia;2007;2015;1.4 MPI / 1.6 MPI;бензин;NGN PROFI A-LINE 5W-30;V272085301;NGN GOLD A-LINE 5W-40;V272085302;VW 502.00, 5W-40;3.5;HU 712/6 x / W 712/94;нет данных;нет данных;C 21 003 / C 14 130;нет данных;нет данных;CU 26010;нет данных;нет данных;Заполнено агентом;нет данных;нет данных;нет данных;нет данных;нет данных;нет данных;нет данных;нет данных;NGN A-LINE 5W-30;V182575117;NGN A-LINE 5W-40;V182575120;ROWE HIGHTEC MULTI SYNT DPF 5W-30;20125-0040-99;ROWE HIGHTEC SYNT RSi 5W-40;20001-0040-99;TEBOIL Gold L 5W-30;2459465;TEBOIL Gold L 5W-40;3453956;G-Energy Synthetic Active 5W-30;253142405;G-Energy Synthetic Active 5W-40;253142406;Totachi NIRO LV SP/GF-5 5W-30;1G104;Totachi NIRO Optima PRO 5W-40;1C812
Skoda;Karoq;2019;2023;1.4 TSI / 1.6 MPI;бензин;NGN PROFI A-LINE 5W-30;V272085301;NGN GOLD A-LINE 5W-40;V272085302;VW 502.00, 5W-40;3.8;W 712/95;нет данных;нет данных;C 27 009;нет данных;нет данных;CU 26 009;нет данных;нет данных;Заполнено агентом;нет данных;нет данных;нет данных;нет данных;нет данных;нет данных;нет данных;нет данных;NGN A-LINE 5W-30;V182575117;NGN A-LINE 5W-40;V182575120;ROWE HIGHTEC MULTI SYNT DPF 5W-30;20125-0040-99;ROWE HIGHTEC SYNT RSi 5W-40;20001-0040-99;TEBOIL Gold L 5W-30;2459465;TEBOIL Gold L 5W-40;3453956;G-Energy Synthetic Active 5W-30;253142405;G-Energy Synthetic Active 5W-40;253142406;Totachi NIRO LV SP/GF-5 5W-30;1G104;Totachi NIRO Optima PRO 5W-40;1C812
Skoda;Kodiaq;2016;2023;1.4 TSI / 2.0 TSI;бензин;NGN PROFI A-LINE 5W-30;V272085301;NGN GOLD A-LINE 5W-40;V272085302;VW 502.00, 5W-40;4.3;W 712/95 / HU 6002 z;нет данных;нет данных;C 27 009 / C 30 005;нет данных;нет данных;CU 26 009;нет данных;нет данных;Заполнено агентом;нет данных;нет данных;нет данных;нет данных;нет данных;нет данных;нет данных;нет данных;NGN A-LINE 5W-30;V182575117;NGN A-LINE 5W-40;V182575120;ROWE HIGHTEC MULTI SYNT DPF 5W-30;20125-0040-99;ROWE HIGHTEC SYNT RSi 5W-40;20001-0040-99;TEBOIL Gold L 5W-30;2459465;TEBOIL Gold L 5W-40;3453956;G-Energy Synthetic Active 5W-30;253142405;G-Energy Synthetic Active 5W-40;253142406;Totachi NIRO LV SP/GF-5 5W-30;1G104;Totachi NIRO Optima PRO 5W-40;1C812
Skoda;Kodiaq;2016;2023;2.0 TDI;дизель;NGN PROFI A-LINE 5W-30;V272085301;NGN GOLD A-LINE 5W-40;V272085302;VW 507.00, 5W-30;4.7;HU 7020 z;нет данных;нет данных;C 30 005;нет данных;нет данных;CU 26 009;нет данных;нет данных;Заполнено агентом;нет данных;нет данных;нет данных;нет данных;нет данных;нет данных;нет данных;нет данных;NGN A-LINE 5W-30;V182575117;NGN A-LINE 5W-40;V182575120;ROWE HIGHTEC MULTI SYNT DPF 5W-30;20125-0040-99;ROWE HIGHTEC SYNT RSi 5W-40;20001-0040-99;TEBOIL Gold L 5W-30;2459465;TEBOIL Gold L 5W-40;3453956;G-Energy Synthetic Active 5W-30;253142405;G-Energy Synthetic Active 5W-40;253142406;Totachi NIRO LV SP/GF-5 5W-30;1G104;Totachi NIRO Optima PRO 5W-40;1C812
Lexus;RX 330;2003;2006;3.3 (3MZ-FE);бензин;NGN PROFI A-LINE 5W-30;V272085301;NGN GOLD A-LINE 5W-40;V272085302;API SL / 5W-30;4.7;W 712/83;нет данных;нет данных;C 26 128;нет данных;нет данных;CU 22 032;нет данных;нет данных;Заполнено агентом (коррекция);нет данных;нет данных;нет данных;нет данных;нет данных;нет данных;нет данных;нет данных;NGN A-LINE 5W-30;V182575117;NGN A-LINE 5W-40;V182575120;ROWE HIGHTEC MULTI SYNT DPF 5W-30;20125-0040-99;ROWE HIGHTEC SYNT RSi 5W-40;20001-0040-99;TEBOIL Gold L 5W-30;2459465;TEBOIL Gold L 5W-40;3453956;G-Energy Synthetic Active 5W-30;253142405;G-Energy Synthetic Active 5W-40;253142406;Totachi NIRO LV SP/GF-5 5W-30;1G104;Totachi NIRO Optima PRO 5W-40;1C812
Lexus;RX 300;2003;2006;3.0 (1MZ-FE);бензин;NGN PROFI A-LINE 5W-30;V272085301;NGN GOLD A-LINE 5W-40;V272085302;API SL / 5W-30;5.5;W 712/83;нет данных;нет данных;C 26 128;нет данных;нет данных;CU 22 032;нет данных;нет данных;Заполнено агентом (коррекция);нет данных;нет данных;нет данных;нет данных;нет данных;нет данных;нет данных;нет данных;NGN A-LINE 5W-30;V182575117;NGN A-LINE 5W-40;V182575120;ROWE HIGHTEC MULTI SYNT DPF 5W-30;20125-0040-99;ROWE HIGHTEC SYNT RSi 5W-40;20001-0040-99;TEBOIL Gold L 5W-30;2459465;TEBOIL Gold L 5W-40;3453956;G-Energy Synthetic Active 5W-30;253142405;G-Energy Synthetic Active 5W-40;253142406;Totachi NIRO LV SP/GF-5 5W-30;1G104;Totachi NIRO Optima PRO 5W-40;1C812
Kia;Rio II (JB);2005;2011;1.4 (G4EE) / 1.6 (G4ED);бензин;NGN PROFI A-LINE 5W-30;V272085301;NGN GOLD A-LINE 5W-40;V272085302;API SM / ACEA A3;3.3;W 811/80;нет данных;нет данных;C 25 016;нет данных;нет данных;CU 24 013;нет данных;нет данных;Заполнено агентом (коррекция);нет данных;нет данных;нет данных;нет данных;нет данных;нет данных;нет данных;нет данных;NGN A-LINE 5W-30;V182575117;NGN A-LINE 5W-40;V182575120;ROWE HIGHTEC MULTI SYNT DPF 5W-30;20125-0040-99;ROWE HIGHTEC SYNT RSi 5W-40;20001-0040-99;TEBOIL Gold L 5W-30;2459465;TEBOIL Gold L 5W-40;3453956;G-Energy Synthetic Active 5W-30;253142405;G-Energy Synthetic Active 5W-40;253142406;Totachi NIRO LV SP/GF-5 5W-30;1G104;Totachi NIRO Optima PRO 5W-40;1C812
Lexus;NX 200;2014;2021;2.0 (3ZR-FAE);бензин;NGN PROFI A-LINE 5W-30;V272085301;NGN GOLD A-LINE 5W-40;V272085302;API SN / 0W-20;4.2;HU 6006 z;нет данных;нет данных;C 22 031;нет данных;нет данных;CU 1919;нет данных;нет данных;Заполнено агентом (Казань-Топ);нет данных;нет данных;нет данных;нет данных;нет данных;нет данных;нет данных;нет данных;NGN A-LINE 5W-30;V182575117;NGN A-LINE 5W-40;V182575120;ROWE HIGHTEC MULTI SYNT DPF 5W-30;20125-0040-99;ROWE HIGHTEC SYNT RSi 5W-40;20001-0040-99;TEBOIL Gold L 5W-30;2459465;TEBOIL Gold L 5W-40;3453956;G-Energy Synthetic Active 5W-30;253142405;G-Energy Synthetic Active 5W-40;253142406;Totachi NIRO LV SP/GF-5 5W-30;1G104;Totachi NIRO Optima PRO 5W-40;1C812
Lexus;NX 300 / 200t;2014;2021;2.0 Turbo (8AR-FTS);бензин;NGN PROFI A-LINE 5W-30;V272085301;NGN GOLD A-LINE 5W-40;V272085302;API SN / 0W-20;4.9;HU 7019 z;нет данных;нет данных;C 22 031;нет данных;нет данных;CU 1919;нет данных;нет данных;Заполнено агентом (Казань-Топ);нет данных;нет данных;нет данных;нет данных;нет данных;нет данных;нет данных;нет данных;NGN A-LINE 5W-30;V182575117;NGN A-LINE 5W-40;V182575120;ROWE HIGHTEC MULTI SYNT DPF 5W-30;20125-0040-99;ROWE HIGHTEC SYNT RSi 5W-40;20001-0040-99;TEBOIL Gold L 5W-30;2459465;TEBOIL Gold L 5W-40;3453956;G-Energy Synthetic Active 5W-30;253142405;G-Energy Synthetic Active 5W-40;253142406;Totachi NIRO LV SP/GF-5 5W-30;1G104;Totachi NIRO Optima PRO 5W-40;1C812
Toyota;Camry (XV40);2006;2011;2.4 (2AZ-FE);бензин;NGN PROFI A-LINE 5W-30;V272085301;NGN GOLD A-LINE 5W-40;V272085302;API SN / 5W-30;4.4;W 610/9;нет данных;нет данных;C 24 010;нет данных;нет данных;CU 1919;нет данных;нет данных;Заполнено агентом (Казань-Топ);АКПП (U250E/U660E);Toyota ATF WS;3.5 (частично) / 7.5 (полно);NGN ATF WS;V182575131;нет данных;нет данных;нет данных;NGN A-LINE 5W-30;V182575117;NGN A-LINE 5W-40;V182575120;ROWE HIGHTEC MULTI SYNT DPF 5W-30;20125-0040-99;ROWE HIGHTEC SYNT RSi 5W-40;20001-0040-99;TEBOIL Gold L 5W-30;2459465;TEBOIL Gold L 5W-40;3453956;G-Energy Synthetic Active 5W-30;253142405;G-Energy Synthetic Active 5W-40;253142406;Totachi NIRO LV SP/GF-5 5W-30;1G104;Totachi NIRO Optima PRO 5W-40;1C812
Toyota;Camry (XV40);2006;2011;3.5 (2GR-FE);бензин;NGN PROFI A-LINE 5W-30;V272085301;NGN GOLD A-LINE 5W-40;V272085302;API SN / 5W-30;6.1;HU 7019 z;нет данных;нет данных;C 24 010;нет данных;нет данных;CU 1919;нет данных;нет данных;Заполнено агентом (Казань-Топ);АКПП (U250E/U660E);Toyota ATF WS;3.5 (частично) / 7.5 (полно);NGN ATF WS;V182575131;нет данных;нет данных;нет данных;NGN A-LINE 5W-30;V182575117;NGN A-LINE 5W-40;V182575120;ROWE HIGHTEC MULTI SYNT DPF 5W-30;20125-0040-99;ROWE HIGHTEC SYNT RSi 5W-40;20001-0040-99;TEBOIL Gold L 5W-30;2459465;TEBOIL Gold L 5W-40;3453956;G-Energy Synthetic Active 5W-30;253142405;G-Energy Synthetic Active 5W-40;253142406;Totachi NIRO LV SP/GF-5 5W-30;1G104;Totachi NIRO Optima PRO 5W-40;1C812
Volkswagen;Passat B6;2005;2010;1.8 TSI (BZB/CDAA);бензин;NGN PROFI A-LINE 5W-30;V272085301;NGN GOLD A-LINE 5W-40;V272085302;VW 502 00 / 505 00;4.7;W 719/45;нет данных;нет данных;C 35 154;нет данных;нет данных;CUK 2939;нет данных;нет данных;Заполнено агентом (Казань-Топ);нет данных;нет данных;нет данных;нет данных;нет данных;нет данных;нет данных;нет данных;NGN A-LINE 5W-30;V182575117;NGN A-LINE 5W-40;V182575120;ROWE HIGHTEC MULTI SYNT DPF 5W-30;20125-0040-99;ROWE HIGHTEC SYNT RSi 5W-40;20001-0040-99;TEBOIL Gold L 5W-30;2459465;TEBOIL Gold L 5W-40;3453956;G-Energy Synthetic Active 5W-30;253142405;G-Energy Synthetic Active 5W-40;253142406;Totachi NIRO LV SP/GF-5 5W-30;1G104;Totachi NIRO Optima PRO 5W-40;1C812
Volkswagen;Transporter T5;2009;2015;2.0 TDI (CAAB/CAAC);дизель;NGN PROFI A-LINE 5W-30;V272085301;NGN GOLD A-LINE 5W-40;V272085302;VW 507.00;7.0;HU 7008 z;нет данных;нет данных;C 37 001;нет данных;нет данных;CU 2852;нет данных;нет данных;Заполнено агентом (Batch 3 + AT);DSG-7 (DQ500);VW G 052 182;7.6;NGN DSG FLUID;V272085346;нет данных;нет данных;нет данных;NGN A-LINE 5W-30;V182575117;NGN A-LINE 5W-40;V182575120;ROWE HIGHTEC MULTI SYNT DPF 5W-30;20125-0040-99;ROWE HIGHTEC SYNT RSi 5W-40;20001-0040-99;TEBOIL Gold L 5W-30;2459465;TEBOIL Gold L 5W-40;3453956;G-Energy Synthetic Active 5W-30;253142405;G-Energy Synthetic Active 5W-40;253142406;Totachi NIRO LV SP/GF-5 5W-30;1G104;Totachi NIRO Optima PRO 5W-40;1C812
Volkswagen;Transporter T6;2015;2024;2.0 TDI (CXFA/CXHA);дизель;NGN PROFI A-LINE 5W-30;V272085301;NGN GOLD A-LINE 5W-40;V272085302;VW 507.00;7.4;HU 7008 z;нет данных;нет данных;C 37 001;нет данных;нет данных;FP 2852;нет данных;нет данных;Заполнено агентом (Batch 3 + AT);DSG-7 (DQ500);VW G 052 182;7.6;NGN DSG FLUID;V272085346;нет данных;нет данных;нет данных;NGN A-LINE 5W-30;V182575117;NGN A-LINE 5W-40;V182575120;ROWE HIGHTEC MULTI SYNT DPF 5W-30;20125-0040-99;ROWE HIGHTEC SYNT RSi 5W-40;20001-0040-99;TEBOIL Gold L 5W-30;2459465;TEBOIL Gold L 5W-40;3453956;G-Energy Synthetic Active 5W-30;253142405;G-Energy Synthetic Active 5W-40;253142406;Totachi NIRO LV SP/GF-5 5W-30;1G104;Totachi NIRO Optima PRO 5W-40;1C812
Renault;Logan I;2004;2015;1.4 (K7J) / 1.6 (K7M);бензин;NGN PROFI A-LINE 5W-30;V272085301;NGN GOLD A-LINE 5W-40;V272085302;RN0700 / 5W-40;3.5;W 75/3;нет данных;нет данных;C 2672/1;нет данных;нет данных;CU 1829;нет данных;нет данных;Заполнено агентом (Batch 4);МКПП (JH3);75W-80 GL-4;3.1;NGN 75W-80 GL-4;V172085842;нет данных;нет данных;нет данных;NGN A-LINE 5W-30;V182575117;NGN A-LINE 5W-40;V182575120;ROWE HIGHTEC MULTI SYNT DPF 5W-30;20125-0040-99;ROWE HIGHTEC SYNT RSi 5W-40;20001-0040-99;TEBOIL Gold L 5W-30;2459465;TEBOIL Gold L 5W-40;3453956;G-Energy Synthetic Active 5W-30;253142405;G-Energy Synthetic Active 5W-40;253142406;Totachi NIRO LV SP/GF-5 5W-30;1G104;Totachi NIRO Optima PRO 5W-40;1C812
Renault;Logan II;2014;2022;1.6 (K7M/K4M);бензин;NGN PROFI A-LINE 5W-30;V272085301;NGN GOLD A-LINE 5W-40;V272085302;RN0700 / 0710;3.5;W 75/3;нет данных;нет данных;C 27 030;нет данных;нет данных;CU 22 011;нет данных;нет данных;Заполнено агентом (Batch 4);АКПП (DP2);Renaultmatic D3 Syn;6.0;NGN ATF UNIVERSAL;V272085309;нет данных;нет данных;нет данных;NGN A-LINE 5W-30;V182575117;NGN A-LINE 5W-40;V182575120;ROWE HIGHTEC MULTI SYNT DPF 5W-30;20125-0040-99;ROWE HIGHTEC SYNT RSi 5W-40;20001-0040-99;TEBOIL Gold L 5W-30;2459465;TEBOIL Gold L 5W-40;3453956;G-Energy Synthetic Active 5W-30;253142405;G-Energy Synthetic Active 5W-40;253142406;Totachi NIRO LV SP/GF-5 5W-30;1G104;Totachi NIRO Optima PRO 5W-40;1C812
Skoda;Octavia A5;2004;2013;1.6 MPI (BSE);бензин;NGN PROFI A-LINE 5W-30;V272085301;NGN GOLD A-LINE 5W-40;V272085302;VW 502.00 / 505.00;4.5;W 712/52;нет данных;нет данных;C 14 130;нет данных;нет данных;CUK 2939;нет данных;нет данных;Заполнено агентом (Batch 4);АКПП (Aisin 09G);VW G 055 025 A2;7.0;NGN ATF UNIVERSAL;V272085309;нет данных;нет данных;нет данных;NGN A-LINE 5W-30;V182575117;NGN A-LINE 5W-40;V182575120;ROWE HIGHTEC MULTI SYNT DPF 5W-30;20125-0040-99;ROWE HIGHTEC SYNT RSi 5W-40;20001-0040-99;TEBOIL Gold L 5W-30;2459465;TEBOIL Gold L 5W-40;3453956;G-Energy Synthetic Active 5W-30;253142405;G-Energy Synthetic Active 5W-40;253142406;Totachi NIRO LV SP/GF-5 5W-30;1G104;Totachi NIRO Optima PRO 5W-40;1C812
Skoda;Octavia A5;2008;2013;1.8 TSI (CDAB);бензин;NGN PROFI A-LINE 5W-30;V272085301;NGN GOLD A-LINE 5W-40;V272085302;VW 502.00 / 504.00;4.6;W 719/45;нет данных;нет данных;C 35 154;нет данных;нет данных;CUK 2939;нет данных;нет данных;Заполнено агентом (Batch 4);АКПП (Aisin 09G);VW G 055 025 A2;7.0;NGN ATF UNIVERSAL;V272085309;нет данных;нет данных;нет данных;NGN A-LINE 5W-30;V182575117;NGN A-LINE 5W-40;V182575120;ROWE HIGHTEC MULTI SYNT DPF 5W-30;20125-0040-99;ROWE HIGHTEC SYNT RSi 5W-40;20001-0040-99;TEBOIL Gold L 5W-30;2459465;TEBOIL Gold L 5W-40;3453956;G-Energy Synthetic Active 5W-30;253142405;G-Energy Synthetic Active 5W-40;253142406;Totachi NIRO LV SP/GF-5 5W-30;1G104;Totachi NIRO Optima PRO 5W-40;1C812
Skoda;Octavia A7;2013;2020;1.6 MPI (CWVA);бензин;NGN PROFI A-LINE 5W-30;V272085301;NGN GOLD A-LINE 5W-40;V272085302;VW 502.00;4.2;W 712/95;нет данных;нет данных;C 27 009;нет данных;нет данных;FP 26 009;нет данных;нет данных;Заполнено агентом (Batch 4);АКПП (Aisin 09G);VW G 055 025 A2;7.0;NGN ATF WS;V182575131;нет данных;нет данных;нет данных;NGN A-LINE 5W-30;V182575117;NGN A-LINE 5W-40;V182575120;ROWE HIGHTEC MULTI SYNT DPF 5W-30;20125-0040-99;ROWE HIGHTEC SYNT RSi 5W-40;20001-0040-99;TEBOIL Gold L 5W-30;2459465;TEBOIL Gold L 5W-40;3453956;G-Energy Synthetic Active 5W-30;253142405;G-Energy Synthetic Active 5W-40;253142406;Totachi NIRO LV SP/GF-5 5W-30;1G104;Totachi NIRO Optima PRO 5W-40;1C812
Mazda;CX-5 (KE/KF);2012;2024;2.0 / 2.5 Skyactiv-G;бензин;NGN PROFI A-LINE 5W-30;V272085301;NGN GOLD A-LINE 5W-40;V272085302;API SN / ILSAC GF-5 0W-20;4.5;W 6018;нет данных;нет данных;C 27 019;нет данных;нет данных;CU 24 009;нет данных;нет данных;Заполнено агентом (Batch 4);АКПП (Skyactiv-Drive);Mazda ATF FZ;7.8-8.2;NGN ATF WS (Approx.);V182575131;нет данных;нет данных;нет данных;NGN A-LINE 5W-30;V182575117;NGN A-LINE 5W-40;V182575120;ROWE HIGHTEC MULTI SYNT DPF 5W-30;20125-0040-99;ROWE HIGHTEC SYNT RSi 5W-40;20001-0040-99;TEBOIL Gold L 5W-30;2459465;TEBOIL Gold L 5W-40;3453956;G-Energy Synthetic Active 5W-30;253142405;G-Energy Synthetic Active 5W-40;253142406;Totachi NIRO LV SP/GF-5 5W-30;1G104;Totachi NIRO Optima PRO 5W-40;1C812
Lada;Niva Legend (2121);1977;2026;1.7;бензин;NGN PROFI A-LINE 5W-30;V272085301;NGN GOLD A-LINE 5W-40;V272085302;API SL/SN 5W-40 / 10W-40;3.75;W 914/2;нет данных;нет данных;C 22 117;нет данных;нет данных;нет данных;нет данных;нет данных;Заполнено агентом (Batch 4);МКПП-5;GL-4 / GL-5 75W-90;1.6;NGN 75W-90 GL-4/5;V172085609;нет данных;нет данных;нет данных;NGN A-LINE 5W-30;V182575117;NGN A-LINE 5W-40;V182575120;ROWE HIGHTEC MULTI SYNT DPF 5W-30;20125-0040-99;ROWE HIGHTEC SYNT RSi 5W-40;20001-0040-99;TEBOIL Gold L 5W-30;2459465;TEBOIL Gold L 5W-40;3453956;G-Energy Synthetic Active 5W-30;253142405;G-Energy Synthetic Active 5W-40;253142406;Totachi NIRO LV SP/GF-5 5W-30;1G104;Totachi NIRO Optima PRO 5W-40;1C812
Lada;Niva Travel (Chevrolet Niva);2002;2026;1.7;бензин;NGN PROFI A-LINE 5W-30;V272085301;NGN GOLD A-LINE 5W-40;V272085302;API SL/SN 5W-40 / 10W-40;3.75;W 914/2;нет данных;нет данных;C 22 117;нет данных;нет данных;CU 24 003;нет данных;нет данных;Заполнено агентом (Batch 4);МКПП-5;GL-4 / GL-5 75W-90;1.6;NGN 75W-90 GL-4/5;V172085609;нет данных;нет данных;нет данных;NGN A-LINE 5W-30;V182575117;NGN A-LINE 5W-40;V182575120;ROWE HIGHTEC MULTI SYNT DPF 5W-30;20125-0040-99;ROWE HIGHTEC SYNT RSi 5W-40;20001-0040-99;TEBOIL Gold L 5W-30;2459465;TEBOIL Gold L 5W-40;3453956;G-Energy Synthetic Active 5W-30;253142405;G-Energy Synthetic Active 5W-40;253142406;Totachi NIRO LV SP/GF-5 5W-30;1G104;Totachi NIRO Optima PRO 5W-40;1C812
Haval;F7 / F7x;2019;2024;1.5 Turbo (150 л.с.);бензин;NGN PROFI A-LINE 5W-30;V272085301;NGN GOLD A-LINE 5W-40;V272085302;SN/GF-5 5W-30;4.2;W 719/45;нет данных;нет данных;C 30 041;нет данных;нет данных;CU 23 013;нет данных;нет данных;Заполнено агентом (Batch 5 Final);Робот 7DCT (GWM);Shell Spirax S5 DCT 11;6.0;NGN DSG FLUID;V272085346;1017100XEB02;1109110XPW01A;8104400XPW01A;NGN A-LINE 5W-30;V182575117;NGN A-LINE 5W-40;V182575120;ROWE HIGHTEC MULTI SYNT DPF 5W-30;20125-0040-99;ROWE HIGHTEC SYNT RSi 5W-40;20001-0040-99;TEBOIL Gold L 5W-30;2459465;TEBOIL Gold L 5W-40;3453956;G-Energy Synthetic Active 5W-30;253142405;G-Energy Synthetic Active 5W-40;253142406;Totachi NIRO LV SP/GF-5 5W-30;1G104;Totachi NIRO Optima PRO 5W-40;1C812
Haval;F7 / F7x;2019;2024;2.0 Turbo (190 л.с.);бензин;NGN PROFI A-LINE 5W-30;V272085301;NGN GOLD A-LINE 5W-40;V272085302;SN/GF-5 5W-30;5.5;W 719/45;нет данных;нет данных;C 30 041;нет данных;нет данных;CU 23 013;нет данных;нет данных;Заполнено агентом (Batch 5 Final);Робот 7DCT (GWM);Shell Spirax S5 DCT 11;6.0;NGN DSG FLUID;V272085346;1017100AEC01;1109110XPW01A;8104400XPW01A;NGN A-LINE 5W-30;V182575117;NGN A-LINE 5W-40;V182575120;ROWE HIGHTEC MULTI SYNT DPF 5W-30;20125-0040-99;ROWE HIGHTEC SYNT RSi 5W-40;20001-0040-99;TEBOIL Gold L 5W-30;2459465;TEBOIL Gold L 5W-40;3453956;G-Energy Synthetic Active 5W-30;253142405;G-Energy Synthetic Active 5W-40;253142406;Totachi NIRO LV SP/GF-5 5W-30;1G104;Totachi NIRO Optima PRO 5W-40;1C812
Geely;Atlas Pro;2021;2025;1.5T (3-cyl, 177 л.с.);бензин;NGN PROFI A-LINE 5W-30;V272085301;NGN GOLD A-LINE 5W-40;V272085302;VCC 0W-20;4.0;HU 9012 x;нет данных;нет данных;C 27 051;нет данных;нет данных;CU 22 033;нет данных;нет данных;Заполнено агентом (Batch 5 Final);6AT (Aisin) / 7DCT;AW-1 / Shell DCT 10;7.0;NGN ATF WS / DSG FLUID;V182575131 / V272085346;1056022300;2032040500;8022020800;NGN A-LINE 5W-30;V182575117;NGN A-LINE 5W-40;V182575120;ROWE HIGHTEC MULTI SYNT DPF 5W-30;20125-0040-99;ROWE HIGHTEC SYNT RSi 5W-40;20001-0040-99;TEBOIL Gold L 5W-30;2459465;TEBOIL Gold L 5W-40;3453956;G-Energy Synthetic Active 5W-30;253142405;G-Energy Synthetic Active 5W-40;253142406;Totachi NIRO LV SP/GF-5 5W-30;1G104;Totachi NIRO Optima PRO 5W-40;1C812
Chery;Tiggo 7 Pro / Pro Max;2020;2025;1.5T (147 л.с.);бензин;NGN PROFI A-LINE 5W-30;V272085301;NGN GOLD A-LINE 5W-40;V272085302;SN/GF-5 5W-30;4.3;W 712/83;нет данных;нет данных;C 27 021;нет данных;нет данных;CU 22 030;нет данных;нет данных;Заполнено агентом (Batch 5 Final);Вариатор (CVT25);Chery CVT Fluid;7.3;NGN CVT FLUID;V272085351;F4J161012030;151000079AA;600001001AA;NGN A-LINE 5W-30;V182575117;NGN A-LINE 5W-40;V182575120;ROWE HIGHTEC MULTI SYNT DPF 5W-30;20125-0040-99;ROWE HIGHTEC SYNT RSi 5W-40;20001-0040-99;TEBOIL Gold L 5W-30;2459465;TEBOIL Gold L 5W-40;3453956;G-Energy Synthetic Active 5W-30;253142405;G-Energy Synthetic Active 5W-40;253142406;Totachi NIRO LV SP/GF-5 5W-30;1G104;Totachi NIRO Optima PRO 5W-40;1C812
Chery;Tiggo 4 / 4 Pro;2019;2025;1.5 (113/147 л.с.);бензин;NGN PROFI A-LINE 5W-30;V272085301;NGN GOLD A-LINE 5W-40;V272085302;SN 5W-30;4.3;W 7283;нет данных;нет данных;C 25 041;нет данных;нет данных;CU 22 015;нет данных;нет данных;Заполнено агентом (Batch 5 Final);Вариатор / МКПП;Chery CVT / GL-4;7.0;NGN CVT FLUID;V272085351;480-1012010;T15-1109111;M11-8107010;NGN A-LINE 5W-30;V182575117;NGN A-LINE 5W-40;V182575120;ROWE HIGHTEC MULTI SYNT DPF 5W-30;20125-0040-99;ROWE HIGHTEC SYNT RSi 5W-40;20001-0040-99;TEBOIL Gold L 5W-30;2459465;TEBOIL Gold L 5W-40;3453956;G-Energy Synthetic Active 5W-30;253142405;G-Energy Synthetic Active 5W-40;253142406;Totachi NIRO LV SP/GF-5 5W-30;1G104;Totachi NIRO Optima PRO 5W-40;1C812
Kia;Sportage (QL);2015;2021;2.0 MPI (G4NA);бензин;NGN PROFI A-LINE 5W-30;V272085301;NGN GOLD A-LINE 5W-40;V272085302;ACEA A5/B5 5W-30;4.0;W 811/80;нет данных;нет данных;C 26 022;нет данных;нет данных;CU 24 013;нет данных;нет данных;Заполнено агентом (Batch 5 Final);АКПП-6;ATF SP-IV;7.1;NGN ATF SP-IV;V182575126;26300-35505;28113-D3000;97133-D1000;NGN A-LINE 5W-30;V182575117;NGN A-LINE 5W-40;V182575120;ROWE HIGHTEC MULTI SYNT DPF 5W-30;20125-0040-99;ROWE HIGHTEC SYNT RSi 5W-40;20001-0040-99;TEBOIL Gold L 5W-30;2459465;TEBOIL Gold L 5W-40;3453956;G-Energy Synthetic Active 5W-30;253142405;G-Energy Synthetic Active 5W-40;253142406;Totachi NIRO LV SP/GF-5 5W-30;1G104;Totachi NIRO Optima PRO 5W-40;1C812
Hyundai;Tucson (TL);2015;2020;2.0 MPI (G4NA);бензин;NGN PROFI A-LINE 5W-30;V272085301;NGN GOLD A-LINE 5W-40;V272085302;ACEA A5/B5 5W-30;4.0;W 811/80;нет данных;нет данных;C 26 022;нет данных;нет данных;CU 24 013;нет данных;нет данных;Заполнено агентом (Batch 5 Final);АКПП-6;ATF SP-IV;7.1;NGN ATF SP-IV;V182575126;26300-35505;28113-D3000;97133-D1000;NGN A-LINE 5W-30;V182575117;NGN A-LINE 5W-40;V182575120;ROWE HIGHTEC MULTI SYNT DPF 5W-30;20125-0040-99;ROWE HIGHTEC SYNT RSi 5W-40;20001-0040-99;TEBOIL Gold L 5W-30;2459465;TEBOIL Gold L 5W-40;3453956;G-Energy Synthetic Active 5W-30;253142405;G-Energy Synthetic Active 5W-40;253142406;Totachi NIRO LV SP/GF-5 5W-30;1G104;Totachi NIRO Optima PRO 5W-40;1C812
Kia;Spectra;2001;2011;1.6L MPI (G4ED) (бензин);бензин;NGN PROFI A-LINE 5W-30;V272085301;NGN GOLD A-LINE 5W-40;V272085302;API SL/SM, ACEA A3/B4, 5W-30 / 5W-40;3.6;W 811/80;нет данных;нет данных;C 3065;нет данных;нет данных;CU 25 001;нет данных;нет данных;Заполнено агентом;нет данных (варианты: МКПП / АКПП);нет данных;нет данных;нет данных;нет данных;26300-35505;0K552-23603A;97133-2F010;NGN A-LINE 5W-30;V182575117;NGN A-LINE 5W-40;V182575120;ROWE HIGHTEC MULTI SYNT DPF 5W-30;20125-0040-99;ROWE HIGHTEC SYNT RSi 5W-40;20001-0040-99;TEBOIL Gold L 5W-30;2459465;TEBOIL Gold L 5W-40;3453956;G-Energy Synthetic Active 5W-30;253142405;G-Energy Synthetic Active 5W-40;253142406;Totachi NIRO LV SP/GF-5 5W-30;1G104;Totachi NIRO Optima PRO 5W-40;1C812
Mazda;3 (BL);2009;2013;1.6;бензин;NGN PROFI A-LINE 5W-30;V272085301;NGN GOLD A-LINE 5W-40;V272085302;API SL/SM/SN, ACEA A3/B4/A5/B5;3.9;W 67/1;нет данных;нет данных;C 3220;нет данных;нет данных;CU 26008-2;нет данных;нет данных;Заполнено агентом;нет данных;нет данных;нет данных;нет данных;нет данных;ZJ01-14-302;ZJ01-13-Z40;BBP2-61-J6X;нет данных;нет данных;нет данных;нет данных;ROWE HIGHTEC MULTI SYNT DPF 5W-30;20125-0040-99;ROWE HIGHTEC SYNT RSi 5W-40;20001-0040-99;TEBOIL Gold L 5W-30;2459465;TEBOIL Gold L 5W-40;3453956;G-Energy Synthetic Active 5W-30;253142405;G-Energy Synthetic Active 5W-40;253142406;Totachi NIRO LV SP/GF-5 5W-30;1G104;Totachi NIRO Optima PRO 5W-40;1C812
Lada (ВАЗ);Priora (2170);2007;2018;1.6;бензин;NGN PROFI A-LINE 5W-30;V272085301;NGN GOLD A-LINE 5W-40;V272085302;API SL/SM/SN, 5W-30/5W-40;3.5;W 914/2;нет данных;нет данных;C 28 136/1;нет данных;нет данных;CU 21006;нет данных;нет данных;Заполнено агентом;нет данных;нет данных;нет данных;нет данных;нет данных;2108-1012005;2112-1109080;21110-8122020-00;нет данных;нет данных;нет данных;нет данных;ROWE HIGHTEC MULTI SYNT DPF 5W-30;20125-0040-99;ROWE HIGHTEC SYNT RSi 5W-40;20001-0040-99;TEBOIL Gold L 5W-30;2459465;TEBOIL Gold L 5W-40;3453956;G-Energy Synthetic Active 5W-30;253142405;G-Energy Synthetic Active 5W-40;253142406;Totachi NIRO LV SP/GF-5 5W-30;1G104;Totachi NIRO Optima PRO 5W-40;1C812
Mazda;CX-5 (KE);2012;2017;2.0;бензин;NGN PROFI A-LINE 5W-30;V272085301;NGN GOLD A-LINE 5W-40;V272085302;API SN, ILSAC GF-5, ACEA A5/B5;4.5;W 6018;нет данных;нет данных;C 27019;нет данных;нет данных;CU 20017;нет данных;нет данных;Заполнено агентом;нет данных;нет данных;нет данных;нет данных;нет данных;PE01-14-302B;PE07-13-3A0A;KD45-61-J6X;нет данных;нет данных;нет данных;нет данных;ROWE HIGHTEC MULTI SYNT DPF 5W-30;20125-0040-99;ROWE HIGHTEC SYNT RSi 5W-40;20001-0040-99;TEBOIL Gold L 5W-30;2459465;TEBOIL Gold L 5W-40;3453956;G-Energy Synthetic Active 5W-30;253142405;G-Energy Synthetic Active 5W-40;253142406;Totachi NIRO LV SP/GF-5 5W-30;1G104;Totachi NIRO Optima PRO 5W-40;1C812
Hyundai;Solaris I;2010;2017;1.4;бензин;NGN PROFI A-LINE 5W-30;V272085301;NGN GOLD A-LINE 5W-40;V272085302;API SM/SN, ILSAC GF-4/GF-5;3.3;W 811/80;нет данных;нет данных;C 26 033;нет данных;нет данных;CU 21 008;нет данных;нет данных;Заполнено агентом;нет данных;нет данных;нет данных;нет данных;нет данных;26300-35503;28113-1R100;97133-4L000;нет данных;нет данных;нет данных;нет данных;ROWE HIGHTEC MULTI SYNT DPF 5W-30;20125-0040-99;ROWE HIGHTEC SYNT RSi 5W-40;20001-0040-99;TEBOIL Gold L 5W-30;2459465;TEBOIL Gold L 5W-40;3453956;G-Energy Synthetic Active 5W-30;253142405;G-Energy Synthetic Active 5W-40;253142406;Totachi NIRO LV SP/GF-5 5W-30;1G104;Totachi NIRO Optima PRO 5W-40;1C812
Hyundai;Solaris I;2010;2017;1.6;бензин;NGN PROFI A-LINE 5W-30;V272085301;NGN GOLD A-LINE 5W-40;V272085302;API SM/SN, ILSAC GF-4/GF-5;3.6;W 811/80;нет данных;нет данных;C 26 033;нет данных;нет данных;CU 21 008;нет данных;нет данных;Заполнено агентом;нет данных;нет данных;нет данных;нет данных;нет данных;26300-35503;28113-1R100;97133-4L000;нет данных;нет данных;нет данных;нет данных;ROWE HIGHTEC MULTI SYNT DPF 5W-30;20125-0040-99;ROWE HIGHTEC SYNT RSi 5W-40;20001-0040-99;TEBOIL Gold L 5W-30;2459465;TEBOIL Gold L 5W-40;3453956;G-Energy Synthetic Active 5W-30;253142405;G-Energy Synthetic Active 5W-40;253142406;Totachi NIRO LV SP/GF-5 5W-30;1G104;Totachi NIRO Optima PRO 5W-40;1C812
Lada (ВАЗ);Kalina I (1117, 1118, 1119);2004;2013;1.6;бензин;NGN PROFI A-LINE 5W-30;V272085301;NGN GOLD A-LINE 5W-40;V272085302;API SL/SM/SN, 5W-30/5W-40;3.5;W 914/2;нет данных;нет данных;C 22 117;нет данных;нет данных;CU 26 004;нет данных;нет данных;Заполнено агентом;нет данных;нет данных;нет данных;нет данных;нет данных;2108-1012005;2112-1109080;1118-8122010;нет данных;нет данных;нет данных;нет данных;ROWE HIGHTEC MULTI SYNT DPF 5W-30;20125-0040-99;ROWE HIGHTEC SYNT RSi 5W-40;20001-0040-99;TEBOIL Gold L 5W-30;2459465;TEBOIL Gold L 5W-40;3453956;G-Energy Synthetic Active 5W-30;253142405;G-Energy Synthetic Active 5W-40;253142406;Totachi NIRO LV SP/GF-5 5W-30;1G104;Totachi NIRO Optima PRO 5W-40;1C812
Kia;Ceed II (JD);2012;2018;1.6;бензин;NGN PROFI A-LINE 5W-30;V272085301;NGN GOLD A-LINE 5W-40;V272085302;API SM/SN, ILSAC GF-4/GF-5, ACEA A5/B5;3.6;W 811/80;нет данных;нет данных;C 26 022;нет данных;нет данных;CU 24 013;нет данных;нет данных;Заполнено агентом;нет данных;нет данных;нет данных;нет данных;нет данных;26300-35503;28113-3X000;97133-2H000;нет данных;нет данных;нет данных;нет данных;ROWE HIGHTEC MULTI SYNT DPF 5W-30;20125-0040-99;ROWE HIGHTEC SYNT RSi 5W-40;20001-0040-99;TEBOIL Gold L 5W-30;2459465;TEBOIL Gold L 5W-40;3453956;G-Energy Synthetic Active 5W-30;253142405;G-Energy Synthetic Active 5W-40;253142406;Totachi NIRO LV SP/GF-5 5W-30;1G104;Totachi NIRO Optima PRO 5W-40;1C812
Great Wall;Hover H3;2010;2016;2.0;бензин;NGN PROFI A-LINE 5W-30;V272085301;NGN GOLD A-LINE 5W-40;V272085302;API SM/SN, 5W-30/5W-40;4.3;W 811/80;нет данных;нет данных;нет данных;нет данных;нет данных;нет данных;нет данных;нет данных;Заполнено агентом;нет данных;нет данных;нет данных;нет данных;нет данных;SMD360935;1109101-K80;8104400-K80;нет данных;нет данных;нет данных;нет данных;ROWE HIGHTEC MULTI SYNT DPF 5W-30;20125-0040-99;ROWE HIGHTEC SYNT RSi 5W-40;20001-0040-99;TEBOIL Gold L 5W-30;2459465;TEBOIL Gold L 5W-40;3453956;G-Energy Synthetic Active 5W-30;253142405;G-Energy Synthetic Active 5W-40;253142406;Totachi NIRO LV SP/GF-5 5W-30;1G104;Totachi NIRO Optima PRO 5W-40;1C812
Lada (ВАЗ);Vesta / Vesta Cross;2015;2030;1.6;бензин;NGN PROFI A-LINE 5W-30;V272085301;NGN GOLD A-LINE 5W-40;V272085302;API SL/SM/SN, 5W-30/5W-40;4.4;W 914/2;нет данных;нет данных;C 27 030;нет данных;нет данных;CU 22 011;нет данных;нет данных;Заполнено агентом;нет данных;нет данных;нет данных;нет данных;нет данных;2108-1012005;165460509R;272773016R;нет данных;нет данных;нет данных;нет данных;ROWE HIGHTEC MULTI SYNT DPF 5W-30;20125-0040-99;ROWE HIGHTEC SYNT RSi 5W-40;20001-0040-99;TEBOIL Gold L 5W-30;2459465;TEBOIL Gold L 5W-40;3453956;G-Energy Synthetic Active 5W-30;253142405;G-Energy Synthetic Active 5W-40;253142406;Totachi NIRO LV SP/GF-5 5W-30;1G104;Totachi NIRO Optima PRO 5W-40;1C812
Chery;Tiggo 8;2020;2030;2.0;бензин;NGN PROFI A-LINE 5W-30;V272085301;NGN GOLD A-LINE 5W-40;V272085302;API SM/SN, 5W-30/5W-40;4.5;W 812/81;нет данных;нет данных;C 26 029;нет данных;нет данных;CU 24 022;нет данных;нет данных;Заполнено агентом;нет данных;нет данных;нет данных;нет данных;нет данных;480-1012010;T15-1109111;T15-8104060;нет данных;нет данных;нет данных;нет данных;ROWE HIGHTEC MULTI SYNT DPF 5W-30;20125-0040-99;ROWE HIGHTEC SYNT RSi 5W-40;20001-0040-99;TEBOIL Gold L 5W-30;2459465;TEBOIL Gold L 5W-40;3453956;G-Energy Synthetic Active 5W-30;253142405;G-Energy Synthetic Active 5W-40;253142406;Totachi NIRO LV SP/GF-5 5W-30;1G104;Totachi NIRO Optima PRO 5W-40;1C812
Daewoo / Ravon;Gentra;2013;2016;1.5;бензин;NGN PROFI A-LINE 5W-30;V272085301;NGN GOLD A-LINE 5W-40;V272085302;GM Dexos1, API SN, 5W-30;3.75;W 6021;нет данных;нет данных;C 25 012;нет данных;нет данных;CU 23 008;нет данных;нет данных;Заполнено агентом;нет данных;нет данных;нет данных;нет данных;нет данных;96985730;96553628;96180653;нет данных;нет данных;нет данных;нет данных;ROWE HIGHTEC MULTI SYNT DPF 5W-30;20125-0040-99;ROWE HIGHTEC SYNT RSi 5W-40;20001-0040-99;TEBOIL Gold L 5W-30;2459465;TEBOIL Gold L 5W-40;3453956;G-Energy Synthetic Active 5W-30;253142405;G-Energy Synthetic Active 5W-40;253142406;Totachi NIRO LV SP/GF-5 5W-30;1G104;Totachi NIRO Optima PRO 5W-40;1C812
Lada (ВАЗ);2114 (Samara-2);2001;2013;1.5;бензин;NGN PROFI A-LINE 5W-30;V272085301;NGN GOLD A-LINE 5W-40;V272085302;API SJ/SL/SM, 5W-30/5W-40;3.5;W 914/2;нет данных;нет данных;C 22 117;нет данных;нет данных;CU 26 004;нет данных;нет данных;Заполнено агентом;нет данных;нет данных;нет данных;нет данных;нет данных;2108-1012005;2112-1109080;2108-8122010;нет данных;нет данных;нет данных;нет данных;ROWE HIGHTEC MULTI SYNT DPF 5W-30;20125-0040-99;ROWE HIGHTEC SYNT RSi 5W-40;20001-0040-99;TEBOIL Gold L 5W-30;2459465;TEBOIL Gold L 5W-40;3453956;G-Energy Synthetic Active 5W-30;253142405;G-Energy Synthetic Active 5W-40;253142406;Totachi NIRO LV SP/GF-5 5W-30;1G104;Totachi NIRO Optima PRO 5W-40;1C812
Lada (ВАЗ);2114 (Samara-2);2001;2013;1.6;бензин;NGN PROFI A-LINE 5W-30;V272085301;NGN GOLD A-LINE 5W-40;V272085302;API SJ/SL/SM, 5W-30/5W-40;3.5;W 914/2;нет данных;нет данных;C 22 117;нет данных;нет данных;CU 26 004;нет данных;нет данных;Заполнено агентом;нет данных;нет данных;нет данных;нет данных;нет данных;2108-1012005;2112-1109080;2108-8122010;нет данных;нет данных;нет данных;нет данных;ROWE HIGHTEC MULTI SYNT DPF 5W-30;20125-0040-99;ROWE HIGHTEC SYNT RSi 5W-40;20001-0040-99;TEBOIL Gold L 5W-30;2459465;TEBOIL Gold L 5W-40;3453956;G-Energy Synthetic Active 5W-30;253142405;G-Energy Synthetic Active 5W-40;253142406;Totachi NIRO LV SP/GF-5 5W-30;1G104;Totachi NIRO Optima PRO 5W-40;1C812
Toyota;RAV4 III (XA30);2005;2013;2.0;бензин;NGN PROFI A-LINE 5W-30;V272085301;NGN GOLD A-LINE 5W-40;V272085302;API SL/SM/SN, ILSAC GF-4/GF-5;4.2;HU 6006 z;нет данных;нет данных;C 26 003;нет данных;нет данных;CU 1919;нет данных;нет данных;Заполнено агентом;нет данных;нет данных;нет данных;нет данных;нет данных;04152-37010;17801-31120;87139-YZZ08;нет данных;нет данных;нет данных;нет данных;ROWE HIGHTEC MULTI SYNT DPF 5W-30;20125-0040-99;ROWE HIGHTEC SYNT RSi 5W-40;20001-0040-99;TEBOIL Gold L 5W-30;2459465;TEBOIL Gold L 5W-40;3453956;G-Energy Synthetic Active 5W-30;253142405;G-Energy Synthetic Active 5W-40;253142406;Totachi NIRO LV SP/GF-5 5W-30;1G104;Totachi NIRO Optima PRO 5W-40;1C812
Ford;Focus II;2004;2011;1.6;бензин;NGN PROFI A-LINE 5W-30;V272085301;NGN GOLD A-LINE 5W-40;V272085302;Ford WSS-M2C913-C/D, ACEA A5/B5;4.1;W 7008;нет данных;нет данных;C 28 122;нет данных;нет данных;CU 2440;нет данных;нет данных;Заполнено агентом;нет данных;нет данных;нет данных;нет данных;нет данных;1883037;1848220;1354953;нет данных;нет данных;нет данных;нет данных;ROWE HIGHTEC MULTI SYNT DPF 5W-30;20125-0040-99;ROWE HIGHTEC SYNT RSi 5W-40;20001-0040-99;TEBOIL Gold L 5W-30;2459465;TEBOIL Gold L 5W-40;3453956;G-Energy Synthetic Active 5W-30;253142405;G-Energy Synthetic Active 5W-40;253142406;Totachi NIRO LV SP/GF-5 5W-30;1G104;Totachi NIRO Optima PRO 5W-40;1C812
Nissan;Qashqai I (J10);2006;2013;2.0;бензин;NGN PROFI A-LINE 5W-30;V272085301;NGN GOLD A-LINE 5W-40;V272085302;API SM/SN, ILSAC GF-4/GF-5;4.4;W 67/1;нет данных;нет данных;C 24 005;нет данных;нет данных;CU 1936;нет данных;нет данных;Заполнено агентом;нет данных;нет данных;нет данных;нет данных;нет данных;15208-65F0A;16546-JD20A;27277-EN000;нет данных;нет данных;нет данных;нет данных;ROWE HIGHTEC MULTI SYNT DPF 5W-30;20125-0040-99;ROWE HIGHTEC SYNT RSi 5W-40;20001-0040-99;TEBOIL Gold L 5W-30;2459465;TEBOIL Gold L 5W-40;3453956;G-Energy Synthetic Active 5W-30;253142405;G-Energy Synthetic Active 5W-40;253142406;Totachi NIRO LV SP/GF-5 5W-30;1G104;Totachi NIRO Optima PRO 5W-40;1C812
Renault;Sandero I;2009;2014;1.6;бензин;NGN PROFI A-LINE 5W-30;V272085301;NGN GOLD A-LINE 5W-40;V272085302;Renault RN0700/RN0710, API SL/SM/SN, 5W-30/5W-40;3.5;W 75/3;нет данных;нет данных;C 2433/1;нет данных;нет данных;CU 22 011;нет данных;нет данных;Заполнено агентом;нет данных;нет данных;нет данных;нет данных;нет данных;7700274177;8200431051;272773016R;нет данных;нет данных;нет данных;нет данных;ROWE HIGHTEC MULTI SYNT DPF 5W-30;20125-0040-99;ROWE HIGHTEC SYNT RSi 5W-40;20001-0040-99;TEBOIL Gold L 5W-30;2459465;TEBOIL Gold L 5W-40;3453956;G-Energy Synthetic Active 5W-30;253142405;G-Energy Synthetic Active 5W-40;253142406;Totachi NIRO LV SP/GF-5 5W-30;1G104;Totachi NIRO Optima PRO 5W-40;1C812
Toyota;Land Cruiser Prado 150 (J150);2009;2030;4.0 V6 (1GR-FE);бензин;NGN PROFI A-LINE 5W-30;V272085301;NGN GOLD A-LINE 5W-40;V272085302;API SM/SN, ILSAC GF-4/GF-5, 5W-30/5W-40;6.7;HU 7009 z;нет данных;нет данных;C 3236/3;нет данных;нет данных;CU 2959;нет данных;нет данных;Заполнено агентом;нет данных;нет данных;нет данных;нет данных;нет данных;90915-10004;17801-38030;87139-0N010;нет данных;нет данных;нет данных;нет данных;ROWE HIGHTEC MULTI SYNT DPF 5W-30;20125-0040-99;ROWE HIGHTEC SYNT RSi 5W-40;20001-0040-99;TEBOIL Gold L 5W-30;2459465;TEBOIL Gold L 5W-40;3453956;G-Energy Synthetic Active 5W-30;253142405;G-Energy Synthetic Active 5W-40;253142406;Totachi NIRO LV SP/GF-5 5W-30;1G104;Totachi NIRO Optima PRO 5W-40;1C812
Toyota;Land Cruiser Prado 150 (J150);2009;2030;2.7 (2TR-FE);бензин;NGN PROFI A-LINE 5W-30;V272085301;NGN GOLD A-LINE 5W-40;V272085302;API SM/SN, ILSAC GF-4/GF-5, 5W-30/5W-40;5.5;W 712/83;нет данных;нет данных;C 3236/3;нет данных;нет данных;CU 2959;нет данных;нет данных;Заполнено агентом;нет данных;нет данных;нет данных;нет данных;нет данных;90915-YZZD4;17801-0C010;87139-0N010;нет данных;нет данных;нет данных;нет данных;ROWE HIGHTEC MULTI SYNT DPF 5W-30;20125-0040-99;ROWE HIGHTEC SYNT RSi 5W-40;20001-0040-99;TEBOIL Gold L 5W-30;2459465;TEBOIL Gold L 5W-40;3453956;G-Energy Synthetic Active 5W-30;253142405;G-Energy Synthetic Active 5W-40;253142406;Totachi NIRO LV SP/GF-5 5W-30;1G104;Totachi NIRO Optima PRO 5W-40;1C812
Skoda;Rapid;2012;2020;1.6 MPI (CFNA/CWVA);бензин;NGN PROFI A-LINE 5W-30;V272085301;NGN GOLD A-LINE 5W-40;V272085302;VW 502.00, API SN, 5W-40;3.6;W 712/95;нет данных;нет данных;C 26 020;нет данных;нет данных;CU 2939;нет данных;нет данных;Заполнено агентом;нет данных;нет данных;нет данных;нет данных;нет данных;04E115561H;6Q0129620;6RD819653;нет данных;нет данных;нет данных;нет данных;ROWE HIGHTEC MULTI SYNT DPF 5W-30;20125-0040-99;ROWE HIGHTEC SYNT RSi 5W-40;20001-0040-99;TEBOIL Gold L 5W-30;2459465;TEBOIL Gold L 5W-40;3453956;G-Energy Synthetic Active 5W-30;253142405;G-Energy Synthetic Active 5W-40;253142406;Totachi NIRO LV SP/GF-5 5W-30;1G104;Totachi NIRO Optima PRO 5W-40;1C812
BMW;5 (E60/E61);2003;2010;2.5 (N52B25);бензин;NGN PROFI A-LINE 5W-30;V272085301;NGN GOLD A-LINE 5W-40;V272085302;BMW LL-01, API SN, 5W-30;6.5;HU 721/5 x;нет данных;нет данных;C 3688;нет данных;нет данных;CU 29 020;нет данных;нет данных;Заполнено агентом;нет данных;нет данных;нет данных;нет данных;нет данных;11427508969;13717521033;64116921018;нет данных;нет данных;нет данных;нет данных;ROWE HIGHTEC MULTI SYNT DPF 5W-30;20125-0040-99;ROWE HIGHTEC SYNT RSi 5W-40;20001-0040-99;TEBOIL Gold L 5W-30;2459465;TEBOIL Gold L 5W-40;3453956;G-Energy Synthetic Active 5W-30;253142405;G-Energy Synthetic Active 5W-40;253142406;Totachi NIRO LV SP/GF-5 5W-30;1G104;Totachi NIRO Optima PRO 5W-40;1C812
BMW;5 (E60/E61);2003;2010;3.0 (N52B30/N53);бензин;NGN PROFI A-LINE 5W-30;V272085301;NGN GOLD A-LINE 5W-40;V272085302;BMW LL-01, API SN, 5W-30;6.5;HU 721/5 x;нет данных;нет данных;C 3688;нет данных;нет данных;CU 29 020;нет данных;нет данных;Заполнено агентом;нет данных;нет данных;нет данных;нет данных;нет данных;11427508969;13717521033;64116921018;нет данных;нет данных;нет данных;нет данных;ROWE HIGHTEC MULTI SYNT DPF 5W-30;20125-0040-99;ROWE HIGHTEC SYNT RSi 5W-40;20001-0040-99;TEBOIL Gold L 5W-30;2459465;TEBOIL Gold L 5W-40;3453956;G-Energy Synthetic Active 5W-30;253142405;G-Energy Synthetic Active 5W-40;253142406;Totachi NIRO LV SP/GF-5 5W-30;1G104;Totachi NIRO Optima PRO 5W-40;1C812
Lada (ВАЗ);Largus;2012;2030;1.6 (K7M/K4M);бензин;NGN PROFI A-LINE 5W-30;V272085301;NGN GOLD A-LINE 5W-40;V272085302;Renault RN0700, API SL/SM/SN, 5W-30/5W-40;3.3;W 75/3;нет данных;нет данных;C 30 002;нет данных;нет данных;CU 22 011;нет данных;нет данных;Заполнено агентом;нет данных;нет данных;нет данных;нет данных;нет данных;7700274177;165460509R;272773016R;нет данных;нет данных;нет данных;нет данных;ROWE HIGHTEC MULTI SYNT DPF 5W-30;20125-0040-99;ROWE HIGHTEC SYNT RSi 5W-40;20001-0040-99;TEBOIL Gold L 5W-30;2459465;TEBOIL Gold L 5W-40;3453956;G-Energy Synthetic Active 5W-30;253142405;G-Energy Synthetic Active 5W-40;253142406;Totachi NIRO LV SP/GF-5 5W-30;1G104;Totachi NIRO Optima PRO 5W-40;1C812
Mitsubishi;Outlander XL;2006;2012;2.4 (4B12);бензин;NGN PROFI A-LINE 5W-30;V272085301;NGN GOLD A-LINE 5W-40;V272085302;API SL/SM/SN, 5W-30/5W-40;4.5;W 610/3;нет данных;нет данных;C 27 003/1;нет данных;нет данных;CU 1912;нет данных;нет данных;Заполнено агентом;нет данных;нет данных;нет данных;нет данных;нет данных;MN182447;MR968274;7803A053;нет данных;нет данных;нет данных;нет данных;ROWE HIGHTEC MULTI SYNT DPF 5W-30;20125-0040-99;ROWE HIGHTEC SYNT RSi 5W-40;20001-0040-99;TEBOIL Gold L 5W-30;2459465;TEBOIL Gold L 5W-40;3453956;G-Energy Synthetic Active 5W-30;253142405;G-Energy Synthetic Active 5W-40;253142406;Totachi NIRO LV SP/GF-5 5W-30;1G104;Totachi NIRO Optima PRO 5W-40;1C812
Skoda;Octavia II (A5);2004;2013;1.6 MPI (BGU/CCSA);бензин;NGN PROFI A-LINE 5W-30;V272085301;NGN GOLD A-LINE 5W-40;V272085302;VW 502.00, API SL/SM/SN, 5W-40;3.5;W 719/30;нет данных;нет данных;C 27 006;нет данных;нет данных;CU 2939;нет данных;нет данных;Заполнено агентом;нет данных;нет данных;нет данных;нет данных;нет данных;06A115561B;1J0129620;1K0819653B;нет данных;нет данных;нет данных;нет данных;ROWE HIGHTEC MULTI SYNT DPF 5W-30;20125-0040-99;ROWE HIGHTEC SYNT RSi 5W-40;20001-0040-99;TEBOIL Gold L 5W-30;2459465;TEBOIL Gold L 5W-40;3453956;G-Energy Synthetic Active 5W-30;253142405;G-Energy Synthetic Active 5W-40;253142406;Totachi NIRO LV SP/GF-5 5W-30;1G104;Totachi NIRO Optima PRO 5W-40;1C812
Renault;Duster I;2011;2020;1.6 (K4M/H4M);бензин;NGN PROFI A-LINE 5W-30;V272085301;NGN GOLD A-LINE 5W-40;V272085302;Renault RN0700/RN0710, API SL/SM/SN, 5W-30/5W-40;3.5;W 75/3;нет данных;нет данных;C 2433/1;нет данных;нет данных;CU 22 011;нет данных;нет данных;Заполнено агентом;нет данных;нет данных;нет данных;нет данных;нет данных;7700274177;165460509R;272773016R;нет данных;нет данных;нет данных;нет данных;ROWE HIGHTEC MULTI SYNT DPF 5W-30;20125-0040-99;ROWE HIGHTEC SYNT RSi 5W-40;20001-0040-99;TEBOIL Gold L 5W-30;2459465;TEBOIL Gold L 5W-40;3453956;G-Energy Synthetic Active 5W-30;253142405;G-Energy Synthetic Active 5W-40;253142406;Totachi NIRO LV SP/GF-5 5W-30;1G104;Totachi NIRO Optima PRO 5W-40;1C812
Chevrolet;Lacetti;2003;2013;1.6 (F16D3);бензин;NGN PROFI A-LINE 5W-30;V272085301;NGN GOLD A-LINE 5W-40;V272085302;API SJ/SL/SM, 5W-30/5W-40;4.0;W 712/75;нет данных;нет данных;C 28 135;нет данных;нет данных;нет данных;нет данных;нет данных;Заполнено агентом;нет данных;нет данных;нет данных;нет данных;нет данных;96985905;96553481;96554378;нет данных;нет данных;нет данных;нет данных;ROWE HIGHTEC MULTI SYNT DPF 5W-30;20125-0040-99;ROWE HIGHTEC SYNT RSi 5W-40;20001-0040-99;TEBOIL Gold L 5W-30;2459465;TEBOIL Gold L 5W-40;3453956;G-Energy Synthetic Active 5W-30;253142405;G-Energy Synthetic Active 5W-40;253142406;Totachi NIRO LV SP/GF-5 5W-30;1G104;Totachi NIRO Optima PRO 5W-40;1C812
Renault;Logan I;2004;2016;1.6 (K7M/K4M);бензин;NGN PROFI A-LINE 5W-30;V272085301;NGN GOLD A-LINE 5W-40;V272085302;Renault RN0700, API SL/SM/SN, 5W-30/5W-40;3.5;W 75/3;нет данных;нет данных;C 30 002;нет данных;нет данных;CU 22 011;нет данных;нет данных;Заполнено агентом;нет данных;нет данных;нет данных;нет данных;нет данных;7700274177;8200431051;272773016R;нет данных;нет данных;нет данных;нет данных;ROWE HIGHTEC MULTI SYNT DPF 5W-30;20125-0040-99;ROWE HIGHTEC SYNT RSi 5W-40;20001-0040-99;TEBOIL Gold L 5W-30;2459465;TEBOIL Gold L 5W-40;3453956;G-Energy Synthetic Active 5W-30;253142405;G-Energy Synthetic Active 5W-40;253142406;Totachi NIRO LV SP/GF-5 5W-30;1G104;Totachi NIRO Optima PRO 5W-40;1C812
Volkswagen;Polo V (RF);2009;2020;1.6 MPI (CFNA/CWVA);бензин;NGN PROFI A-LINE 5W-30;V272085301;NGN GOLD A-LINE 5W-40;V272085302;VW 502.00, API SN, 5W-40;3.6;W 712/95;нет данных;нет данных;C 26 020;нет данных;нет данных;CU 2939;нет данных;нет данных;Заполнено агентом;нет данных;нет данных;нет данных;нет данных;нет данных;04E115561H;6Q0129620;6RD819653;нет данных;нет данных;нет данных;нет данных;ROWE HIGHTEC MULTI SYNT DPF 5W-30;20125-0040-99;ROWE HIGHTEC SYNT RSi 5W-40;20001-0040-99;TEBOIL Gold L 5W-30;2459465;TEBOIL Gold L 5W-40;3453956;G-Energy Synthetic Active 5W-30;253142405;G-Energy Synthetic Active 5W-40;253142406;Totachi NIRO LV SP/GF-5 5W-30;1G104;Totachi NIRO Optima PRO 5W-40;1C812
Hyundai;Creta I;2016;2021;1.6 (G4FC);бензин;NGN PROFI A-LINE 5W-30;V272085301;NGN GOLD A-LINE 5W-40;V272085302;API SM/SN, ILSAC GF-4/GF-5, 5W-30/5W-40;4.5;W 811/80;нет данных;нет данных;C 26 033;нет данных;нет данных;CU 24 013;нет данных;нет данных;Заполнено агентом;нет данных;нет данных;нет данных;нет данных;нет данных;26300-35503;28113-2B000;97133-C9000;нет данных;нет данных;нет данных;нет данных;ROWE HIGHTEC MULTI SYNT DPF 5W-30;20125-0040-99;ROWE HIGHTEC SYNT RSi 5W-40;20001-0040-99;TEBOIL Gold L 5W-30;2459465;TEBOIL Gold L 5W-40;3453956;G-Energy Synthetic Active 5W-30;253142405;G-Energy Synthetic Active 5W-40;253142406;Totachi NIRO LV SP/GF-5 5W-30;1G104;Totachi NIRO Optima PRO 5W-40;1C812
Lada (ВАЗ);2107;1982;2012;1.5/1.6 (2103/2106);бензин;NGN PROFI A-LINE 5W-30;V272085301;NGN GOLD A-LINE 5W-40;V272085302;API SG/SJ/SL, 5W-30/5W-40/10W-40;3.5;W 914/2;нет данных;нет данных;нет данных;нет данных;нет данных;нет данных;нет данных;нет данных;Заполнено агентом;нет данных;нет данных;нет данных;нет данных;нет данных;2101-1012005;2101-1109080;нет данных;нет данных;нет данных;нет данных;нет данных;ROWE HIGHTEC MULTI SYNT DPF 5W-30;20125-0040-99;ROWE HIGHTEC SYNT RSi 5W-40;20001-0040-99;TEBOIL Gold L 5W-30;2459465;TEBOIL Gold L 5W-40;3453956;G-Energy Synthetic Active 5W-30;253142405;G-Energy Synthetic Active 5W-40;253142406;Totachi NIRO LV SP/GF-5 5W-30;1G104;Totachi NIRO Optima PRO 5W-40;1C812
Opel;Astra H;2004;2011;1.6 (Z16XEP/Z16XER);бензин;NGN PROFI A-LINE 5W-30;V272085301;NGN GOLD A-LINE 5W-40;V272085302;GM Dexos2, ACEA A3/B4, 5W-30/5W-40;4.5;W 712/75;нет данных;нет данных;C 26 005;нет данных;нет данных;CU 2939;нет данных;нет данных;Заполнено агентом;нет данных;нет данных;нет данных;нет данных;нет данных;93185674;93185674;13271187;нет данных;нет данных;нет данных;нет данных;ROWE HIGHTEC MULTI SYNT DPF 5W-30;20125-0040-99;ROWE HIGHTEC SYNT RSi 5W-40;20001-0040-99;TEBOIL Gold L 5W-30;2459465;TEBOIL Gold L 5W-40;3453956;G-Energy Synthetic Active 5W-30;253142405;G-Energy Synthetic Active 5W-40;253142406;Totachi NIRO LV SP/GF-5 5W-30;1G104;Totachi NIRO Optima PRO 5W-40;1C812
Kia;Rio II (JB);2005;2011;1.4 (G4FA);бензин;NGN PROFI A-LINE 5W-30;V272085301;NGN GOLD A-LINE 5W-40;V272085302;API SM/SN, ILSAC GF-4, 5W-30/5W-40;3.3;W 811/80;нет данных;нет данных;C 24 004;нет данных;нет данных;CU 21 008;нет данных;нет данных;Заполнено агентом;нет данных;нет данных;нет данных;нет данных;нет данных;26300-35503;28113-1G000;97133-1G000;нет данных;нет данных;нет данных;нет данных;ROWE HIGHTEC MULTI SYNT DPF 5W-30;20125-0040-99;ROWE HIGHTEC SYNT RSi 5W-40;20001-0040-99;TEBOIL Gold L 5W-30;2459465;TEBOIL Gold L 5W-40;3453956;G-Energy Synthetic Active 5W-30;253142405;G-Energy Synthetic Active 5W-40;253142406;Totachi NIRO LV SP/GF-5 5W-30;1G104;Totachi NIRO Optima PRO 5W-40;1C812
Kia;Rio II (JB);2005;2011;1.6 (G4ED);бензин;NGN PROFI A-LINE 5W-30;V272085301;NGN GOLD A-LINE 5W-40;V272085302;API SM/SN, ILSAC GF-4, 5W-30/5W-40;3.6;W 811/80;нет данных;нет данных;C 24 004;нет данных;нет данных;CU 21 008;нет данных;нет данных;Заполнено агентом;нет данных;нет данных;нет данных;нет данных;нет данных;26300-35503;28113-1G000;97133-1G000;нет данных;нет данных;нет данных;нет данных;ROWE HIGHTEC MULTI SYNT DPF 5W-30;20125-0040-99;ROWE HIGHTEC SYNT RSi 5W-40;20001-0040-99;TEBOIL Gold L 5W-30;2459465;TEBOIL Gold L 5W-40;3453956;G-Energy Synthetic Active 5W-30;253142405;G-Energy Synthetic Active 5W-40;253142406;Totachi NIRO LV SP/GF-5 5W-30;1G104;Totachi NIRO Optima PRO 5W-40;1C812
Chevrolet;Aveo (T250);2006;2012;1.4 (F14D3);бензин;NGN PROFI A-LINE 5W-30;V272085301;NGN GOLD A-LINE 5W-40;V272085302;API SJ/SL/SM, 5W-30/5W-40;3.5;W 6021;нет данных;нет данных;C 25 012;нет данных;нет данных;нет данных;нет данных;нет данных;Заполнено агентом;нет данных;нет данных;нет данных;нет данных;нет данных;96985730;96553481;96554378;нет данных;нет данных;нет данных;нет данных;ROWE HIGHTEC MULTI SYNT DPF 5W-30;20125-0040-99;ROWE HIGHTEC SYNT RSi 5W-40;20001-0040-99;TEBOIL Gold L 5W-30;2459465;TEBOIL Gold L 5W-40;3453956;G-Energy Synthetic Active 5W-30;253142405;G-Energy Synthetic Active 5W-40;253142406;Totachi NIRO LV SP/GF-5 5W-30;1G104;Totachi NIRO Optima PRO 5W-40;1C812
Chevrolet;Aveo (T300);2011;2015;1.6 (F16D4);бензин;NGN PROFI A-LINE 5W-30;V272085301;NGN GOLD A-LINE 5W-40;V272085302;GM Dexos1/Dexos2, API SN, 5W-30;4.2;W 712/75;нет данных;нет данных;C 26 020;нет данных;нет данных;нет данных;нет данных;нет данных;Заполнено агентом;нет данных;нет данных;нет данных;нет данных;нет данных;95517290;95019251;95131046;нет данных;нет данных;нет данных;нет данных;ROWE HIGHTEC MULTI SYNT DPF 5W-30;20125-0040-99;ROWE HIGHTEC SYNT RSi 5W-40;20001-0040-99;TEBOIL Gold L 5W-30;2459465;TEBOIL Gold L 5W-40;3453956;G-Energy Synthetic Active 5W-30;253142405;G-Energy Synthetic Active 5W-40;253142406;Totachi NIRO LV SP/GF-5 5W-30;1G104;Totachi NIRO Optima PRO 5W-40;1C812
Haval;F7 / F7x;2018;2030;1.5T (GW4B15);бензин;NGN PROFI A-LINE 5W-30;V272085301;NGN GOLD A-LINE 5W-40;V272085302;API SN/SP, 5W-30/5W-40;4.2;W 7058 M;нет данных;нет данных;нет данных;нет данных;нет данных;нет данных;нет данных;нет данных;Заполнено агентом;нет данных;нет данных;нет данных;нет данных;нет данных;1017100XEB02;1109110XKZ1DA;8107100XKZ57A;нет данных;нет данных;нет данных;нет данных;ROWE HIGHTEC MULTI SYNT DPF 5W-30;20125-0040-99;ROWE HIGHTEC SYNT RSi 5W-40;20001-0040-99;TEBOIL Gold L 5W-30;2459465;TEBOIL Gold L 5W-40;3453956;G-Energy Synthetic Active 5W-30;253142405;G-Energy Synthetic Active 5W-40;253142406;Totachi NIRO LV SP/GF-5 5W-30;1G104;Totachi NIRO Optima PRO 5W-40;1C812
Ford;Focus III;2011;2019;1.6 Ti-VCT (MUDA/PNDA);бензин;NGN PROFI A-LINE 5W-30;V272085301;NGN GOLD A-LINE 5W-40;V272085302;Ford WSS-M2C913-C/D, ACEA A5/B5, 5W-30;4.1;W 7008;нет данных;нет данных;C 28 122;нет данных;нет данных;CU 2440;нет данных;нет данных;Заполнено агентом;нет данных;нет данных;нет данных;нет данных;нет данных;1883037;1232496;1354953;нет данных;нет данных;нет данных;нет данных;ROWE HIGHTEC MULTI SYNT DPF 5W-30;20125-0040-99;ROWE HIGHTEC SYNT RSi 5W-40;20001-0040-99;TEBOIL Gold L 5W-30;2459465;TEBOIL Gold L 5W-40;3453956;G-Energy Synthetic Active 5W-30;253142405;G-Energy Synthetic Active 5W-40;253142406;Totachi NIRO LV SP/GF-5 5W-30;1G104;Totachi NIRO Optima PRO 5W-40;1C812
Hyundai;Elantra V (MD);2011;2016;1.6 (G4FC);бензин;NGN PROFI A-LINE 5W-30;V272085301;NGN GOLD A-LINE 5W-40;V272085302;API SM/SN, ILSAC GF-4/GF-5, 5W-30/5W-40;3.6;W 811/80;нет данных;нет данных;C 26 022;нет данных;нет данных;CU 24 013;нет данных;нет данных;Заполнено агентом;нет данных;нет данных;нет данных;нет данных;нет данных;26300-35503;28113-3X000;97133-2H000;нет данных;нет данных;нет данных;нет данных;ROWE HIGHTEC MULTI SYNT DPF 5W-30;20125-0040-99;ROWE HIGHTEC SYNT RSi 5W-40;20001-0040-99;TEBOIL Gold L 5W-30;2459465;TEBOIL Gold L 5W-40;3453956;G-Energy Synthetic Active 5W-30;253142405;G-Energy Synthetic Active 5W-40;253142406;Totachi NIRO LV SP/GF-5 5W-30;1G104;Totachi NIRO Optima PRO 5W-40;1C812
Renault;Arkana;2019;2030;1.6 (H4M);бензин;NGN PROFI A-LINE 5W-30;V272085301;NGN GOLD A-LINE 5W-40;V272085302;Renault RN0710, API SN/SP, 5W-30/5W-40;4.8;W 6025;нет данных;нет данных;C 2433/1;нет данных;нет данных;CU 22 011;нет данных;нет данных;Заполнено агентом;нет данных;нет данных;нет данных;нет данных;нет данных;152085758R;165460509R;272773016R;нет данных;нет данных;нет данных;нет данных;ROWE HIGHTEC MULTI SYNT DPF 5W-30;20125-0040-99;ROWE HIGHTEC SYNT RSi 5W-40;20001-0040-99;TEBOIL Gold L 5W-30;2459465;TEBOIL Gold L 5W-40;3453956;G-Energy Synthetic Active 5W-30;253142405;G-Energy Synthetic Active 5W-40;253142406;Totachi NIRO LV SP/GF-5 5W-30;1G104;Totachi NIRO Optima PRO 5W-40;1C812
Toyota;Corolla X (E150);2006;2013;1.6 (1ZR-FE);бензин;NGN PROFI A-LINE 5W-30;V272085301;NGN GOLD A-LINE 5W-40;V272085302;API SL/SM/SN, ILSAC GF-3/GF-4, 0W-20/5W-30;3.4;W 712/83;нет данных;нет данных;C 27 030;нет данных;нет данных;CU 1919;нет данных;нет данных;Заполнено агентом;нет данных;нет данных;нет данных;нет данных;нет данных;90915-YZZE2;17801-0H010;87139-02020;нет данных;нет данных;нет данных;нет данных;ROWE HIGHTEC MULTI SYNT DPF 5W-30;20125-0040-99;ROWE HIGHTEC SYNT RSi 5W-40;20001-0040-99;TEBOIL Gold L 5W-30;2459465;TEBOIL Gold L 5W-40;3453956;G-Energy Synthetic Active 5W-30;253142405;G-Energy Synthetic Active 5W-40;253142406;Totachi NIRO LV SP/GF-5 5W-30;1G104;Totachi NIRO Optima PRO 5W-40;1C812
BMW;5 (G30/G31);2017;2030;2.0T (B48);бензин;NGN PROFI A-LINE 5W-30;V272085301;NGN GOLD A-LINE 5W-40;V272085302;BMW LL-04, API SN, 0W-30/5W-30;5.25;HU 6022 z;нет данных;нет данных;C 40 188;нет данных;нет данных;CUK 29 005;нет данных;нет данных;Заполнено агентом;нет данных;нет данных;нет данных;нет данных;нет данных;11428575211;13718577174;64119272646;нет данных;нет данных;нет данных;нет данных;ROWE HIGHTEC MULTI SYNT DPF 5W-30;20125-0040-99;ROWE HIGHTEC SYNT RSi 5W-40;20001-0040-99;TEBOIL Gold L 5W-30;2459465;TEBOIL Gold L 5W-40;3453956;G-Energy Synthetic Active 5W-30;253142405;G-Energy Synthetic Active 5W-40;253142406;Totachi NIRO LV SP/GF-5 5W-30;1G104;Totachi NIRO Optima PRO 5W-40;1C812
Lada (ВАЗ);2109 / 21099;1987;2011;1.5 (2108/21083);бензин;NGN PROFI A-LINE 5W-30;V272085301;NGN GOLD A-LINE 5W-40;V272085302;API SG/SJ/SL, 5W-30/5W-40/10W-40;3.5;W 914/2;нет данных;нет данных;нет данных;нет данных;нет данных;нет данных;нет данных;нет данных;Заполнено агентом;нет данных;нет данных;нет данных;нет данных;нет данных;2108-1012005;2108-1109080;нет данных;нет данных;нет данных;нет данных;нет данных;ROWE HIGHTEC MULTI SYNT DPF 5W-30;20125-0040-99;ROWE HIGHTEC SYNT RSi 5W-40;20001-0040-99;TEBOIL Gold L 5W-30;2459465;TEBOIL Gold L 5W-40;3453956;G-Energy Synthetic Active 5W-30;253142405;G-Energy Synthetic Active 5W-40;253142406;Totachi NIRO LV SP/GF-5 5W-30;1G104;Totachi NIRO Optima PRO 5W-40;1C812
Lada (ВАЗ);2110 / 2111 / 2112;1996;2014;1.5/1.6 (21083/21124);бензин;NGN PROFI A-LINE 5W-30;V272085301;NGN GOLD A-LINE 5W-40;V272085302;API SG/SJ/SL/SM, 5W-30/5W-40/10W-40;3.5;W 914/2;нет данных;нет данных;нет данных;нет данных;нет данных;CU 26 004;нет данных;нет данных;Заполнено агентом;нет данных;нет данных;нет данных;нет данных;нет данных;2108-1012005;2112-1109080;2110-8122010;нет данных;нет данных;нет данных;нет данных;ROWE HIGHTEC MULTI SYNT DPF 5W-30;20125-0040-99;ROWE HIGHTEC SYNT RSi 5W-40;20001-0040-99;TEBOIL Gold L 5W-30;2459465;TEBOIL Gold L 5W-40;3453956;G-Energy Synthetic Active 5W-30;253142405;G-Energy Synthetic Active 5W-40;253142406;Totachi NIRO LV SP/GF-5 5W-30;1G104;Totachi NIRO Optima PRO 5W-40;1C812
Lada (ВАЗ);2113 / 2114 / 2115;1997;2013;1.5/1.6 (2111/21124);бензин;NGN PROFI A-LINE 5W-30;V272085301;NGN GOLD A-LINE 5W-40;V272085302;API SG/SJ/SL/SM, 5W-30/5W-40/10W-40;3.5;W 914/2;нет данных;нет данных;C 22 117;нет данных;нет данных;CU 26 004;нет данных;нет данных;Заполнено агентом;нет данных;нет данных;нет данных;нет данных;нет данных;2108-1012005;2112-1109080;2110-8122010;нет данных;нет данных;нет данных;нет данных;ROWE HIGHTEC MULTI SYNT DPF 5W-30;20125-0040-99;ROWE HIGHTEC SYNT RSi 5W-40;20001-0040-99;TEBOIL Gold L 5W-30;2459465;TEBOIL Gold L 5W-40;3453956;G-Energy Synthetic Active 5W-30;253142405;G-Energy Synthetic Active 5W-40;253142406;Totachi NIRO LV SP/GF-5 5W-30;1G104;Totachi NIRO Optima PRO 5W-40;1C812
Daewoo / ZAZ;Lanos / Chance;1997;2017;1.5/1.6 (A15SMS/Z16XE);бензин;NGN PROFI A-LINE 5W-30;V272085301;NGN GOLD A-LINE 5W-40;V272085302;API SJ/SL/SM, 5W-30/5W-40;3.8;W 712/75;нет данных;нет данных;C 24 012;нет данных;нет данных;нет данных;нет данных;нет данных;Заполнено агентом;нет данных;нет данных;нет данных;нет данных;нет данных;90499248;96182242;нет данных;нет данных;нет данных;нет данных;нет данных;ROWE HIGHTEC MULTI SYNT DPF 5W-30;20125-0040-99;ROWE HIGHTEC SYNT RSi 5W-40;20001-0040-99;TEBOIL Gold L 5W-30;2459465;TEBOIL Gold L 5W-40;3453956;G-Energy Synthetic Active 5W-30;253142405;G-Energy Synthetic Active 5W-40;253142406;Totachi NIRO LV SP/GF-5 5W-30;1G104;Totachi NIRO Optima PRO 5W-40;1C812
Kia;Sorento II (XM);2009;2021;2.4 GDI (G4KE);бензин;NGN PROFI A-LINE 5W-30;V272085301;NGN GOLD A-LINE 5W-40;V272085302;API SM/SN, ILSAC GF-4/GF-5, 5W-30/5W-40;6.2;W 811/80;нет данных;нет данных;C 26 019;нет данных;нет данных;CU 2842;нет данных;нет данных;Заполнено агентом;нет данных;нет данных;нет данных;нет данных;нет данных;26300-3C250;28113-3E000;97133-3E000;нет данных;нет данных;нет данных;нет данных;ROWE HIGHTEC MULTI SYNT DPF 5W-30;20125-0040-99;ROWE HIGHTEC SYNT RSi 5W-40;20001-0040-99;TEBOIL Gold L 5W-30;2459465;TEBOIL Gold L 5W-40;3453956;G-Energy Synthetic Active 5W-30;253142405;G-Energy Synthetic Active 5W-40;253142406;Totachi NIRO LV SP/GF-5 5W-30;1G104;Totachi NIRO Optima PRO 5W-40;1C812
Kia;Sportage III (SL);2010;2016;2.0 (G4KD);бензин;NGN PROFI A-LINE 5W-30;V272085301;NGN GOLD A-LINE 5W-40;V272085302;API SM/SN, ILSAC GF-4/GF-5, 5W-30/5W-40;4.2;W 811/80;нет данных;нет данных;C 26 022;нет данных;нет данных;CU 24 013;нет данных;нет данных;Заполнено агентом;нет данных;нет данных;нет данных;нет данных;нет данных;26300-35503;28113-2S000;97133-2T000;нет данных;нет данных;нет данных;нет данных;ROWE HIGHTEC MULTI SYNT DPF 5W-30;20125-0040-99;ROWE HIGHTEC SYNT RSi 5W-40;20001-0040-99;TEBOIL Gold L 5W-30;2459465;TEBOIL Gold L 5W-40;3453956;G-Energy Synthetic Active 5W-30;253142405;G-Energy Synthetic Active 5W-40;253142406;Totachi NIRO LV SP/GF-5 5W-30;1G104;Totachi NIRO Optima PRO 5W-40;1C812
Mitsubishi;ASX I;2010;2022;1.6 (4A92);бензин;NGN PROFI A-LINE 5W-30;V272085301;NGN GOLD A-LINE 5W-40;V272085302;API SM/SN, 5W-30/5W-40;3.8;W 610/3;нет данных;нет данных;C 27 003/1;нет данных;нет данных;CU 24 006;нет данных;нет данных;Заполнено агентом;нет данных;нет данных;нет данных;нет данных;нет данных;MN980159;1500A098;7803A004XA;нет данных;нет данных;нет данных;нет данных;ROWE HIGHTEC MULTI SYNT DPF 5W-30;20125-0040-99;ROWE HIGHTEC SYNT RSi 5W-40;20001-0040-99;TEBOIL Gold L 5W-30;2459465;TEBOIL Gold L 5W-40;3453956;G-Energy Synthetic Active 5W-30;253142405;G-Energy Synthetic Active 5W-40;253142406;Totachi NIRO LV SP/GF-5 5W-30;1G104;Totachi NIRO Optima PRO 5W-40;1C812
Mitsubishi;ASX I;2010;2022;2.0 (4B11);бензин;NGN PROFI A-LINE 5W-30;V272085301;NGN GOLD A-LINE 5W-40;V272085302;API SM/SN, 5W-30/5W-40;4.3;W 610/3;нет данных;нет данных;C 27 003/1;нет данных;нет данных;CU 24 006;нет данных;нет данных;Заполнено агентом;нет данных;нет данных;нет данных;нет данных;нет данных;MN982419;1500A213;7803A004XA;нет данных;нет данных;нет данных;нет данных;ROWE HIGHTEC MULTI SYNT DPF 5W-30;20125-0040-99;ROWE HIGHTEC SYNT RSi 5W-40;20001-0040-99;TEBOIL Gold L 5W-30;2459465;TEBOIL Gold L 5W-40;3453956;G-Energy Synthetic Active 5W-30;253142405;G-Energy Synthetic Active 5W-40;253142406;Totachi NIRO LV SP/GF-5 5W-30;1G104;Totachi NIRO Optima PRO 5W-40;1C812
Nissan;X-Trail II (T31);2007;2015;2.0 (MR20DE);бензин;NGN PROFI A-LINE 5W-30;V272085301;NGN GOLD A-LINE 5W-40;V272085302;API SM/SN, ILSAC GF-4/GF-5, ACEA A5/B5, 5W-30;4.5;W 67/1;нет данных;нет данных;C 2433/2;нет данных;нет данных;CU 1936;нет данных;нет данных;Заполнено агентом;нет данных;нет данных;нет данных;нет данных;нет данных;15208-65F0A;16546-JD20A;27277-EN000;нет данных;нет данных;нет данных;нет данных;ROWE HIGHTEC MULTI SYNT DPF 5W-30;20125-0040-99;ROWE HIGHTEC SYNT RSi 5W-40;20001-0040-99;TEBOIL Gold L 5W-30;2459465;TEBOIL Gold L 5W-40;3453956;G-Energy Synthetic Active 5W-30;253142405;G-Energy Synthetic Active 5W-40;253142406;Totachi NIRO LV SP/GF-5 5W-30;1G104;Totachi NIRO Optima PRO 5W-40;1C812
Chevrolet;Cruze (J300);2009;2016;1.6 (F16D3/F16D4);бензин;NGN PROFI A-LINE 5W-30;V272085301;NGN GOLD A-LINE 5W-40;V272085302;GM Dexos1, API SN, 5W-30;4.2;W 712/75;нет данных;нет данных;C 26 020;нет данных;нет данных;CU 2442;нет данных;нет данных;Заполнено агентом;нет данных;нет данных;нет данных;нет данных;нет данных;95517290;95019251;95454481;нет данных;нет данных;нет данных;нет данных;ROWE HIGHTEC MULTI SYNT DPF 5W-30;20125-0040-99;ROWE HIGHTEC SYNT RSi 5W-40;20001-0040-99;TEBOIL Gold L 5W-30;2459465;TEBOIL Gold L 5W-40;3453956;G-Energy Synthetic Active 5W-30;253142405;G-Energy Synthetic Active 5W-40;253142406;Totachi NIRO LV SP/GF-5 5W-30;1G104;Totachi NIRO Optima PRO 5W-40;1C812
Honda;Civic VIII (FD/FA);2006;2012;1.8 (R18A);бензин;NGN PROFI A-LINE 5W-30;V272085301;NGN GOLD A-LINE 5W-40;V272085302;Honda HTO-06, API SL/SM/SN, 5W-30/0W-20;3.7;W 610/6;нет данных;нет данных;C 2240;нет данных;нет данных;CU 1719;нет данных;нет данных;Заполнено агентом;нет данных;нет данных;нет данных;нет данных;нет данных;15400-RBA-F01;17220-RNA-Y00;80292-SDG-W01;нет данных;нет данных;нет данных;нет данных;ROWE HIGHTEC MULTI SYNT DPF 5W-30;20125-0040-99;ROWE HIGHTEC SYNT RSi 5W-40;20001-0040-99;TEBOIL Gold L 5W-30;2459465;TEBOIL Gold L 5W-40;3453956;G-Energy Synthetic Active 5W-30;253142405;G-Energy Synthetic Active 5W-40;253142406;Totachi NIRO LV SP/GF-5 5W-30;1G104;Totachi NIRO Optima PRO 5W-40;1C812
Toyota;Camry VIII (XV50);2012;2018;2.0 (6AR-FSE);бензин;NGN PROFI A-LINE 5W-30;V272085301;NGN GOLD A-LINE 5W-40;V272085302;API SN, ILSAC GF-5, 0W-20/5W-30;4.4;HU 7019 z;нет данных;нет данных;C 27 030;нет данных;нет данных;CU 26 014;нет данных;нет данных;Заполнено агентом;нет данных;нет данных;нет данных;нет данных;нет данных;04152-31090;17801-0V010;87139-0N020;нет данных;нет данных;нет данных;нет данных;ROWE HIGHTEC MULTI SYNT DPF 5W-30;20125-0040-99;ROWE HIGHTEC SYNT RSi 5W-40;20001-0040-99;TEBOIL Gold L 5W-30;2459465;TEBOIL Gold L 5W-40;3453956;G-Energy Synthetic Active 5W-30;253142405;G-Energy Synthetic Active 5W-40;253142406;Totachi NIRO LV SP/GF-5 5W-30;1G104;Totachi NIRO Optima PRO 5W-40;1C812
Toyota;Camry VIII (XV50);2012;2018;2.5 (2AR-FE);бензин;NGN PROFI A-LINE 5W-30;V272085301;NGN GOLD A-LINE 5W-40;V272085302;API SN, ILSAC GF-5, 0W-20/5W-30;4.5;HU 7019 z;нет данных;нет данных;C 27 030;нет данных;нет данных;CU 26 014;нет данных;нет данных;Заполнено агентом;нет данных;нет данных;нет данных;нет данных;нет данных;04152-31090;17801-0V010;87139-0N020;нет данных;нет данных;нет данных;нет данных;ROWE HIGHTEC MULTI SYNT DPF 5W-30;20125-0040-99;ROWE HIGHTEC SYNT RSi 5W-40;20001-0040-99;TEBOIL Gold L 5W-30;2459465;TEBOIL Gold L 5W-40;3453956;G-Energy Synthetic Active 5W-30;253142405;G-Energy Synthetic Active 5W-40;253142406;Totachi NIRO LV SP/GF-5 5W-30;1G104;Totachi NIRO Optima PRO 5W-40;1C812
Subaru;Forester III (SH);2007;2013;2.0 (EJ20/FB20);бензин;NGN PROFI A-LINE 5W-30;V272085301;NGN GOLD A-LINE 5W-40;V272085302;API SM/SN, ACEA A3/B4, 5W-30/5W-40;5.0;W 940/26;нет данных;нет данных;C 35 008;нет данных;нет данных;CU 2882;нет данных;нет данных;Заполнено агентом;нет данных;нет данных;нет данных;нет данных;нет данных;15208-AA100;16546-AA090;72880-FG000;нет данных;нет данных;нет данных;нет данных;ROWE HIGHTEC MULTI SYNT DPF 5W-30;20125-0040-99;ROWE HIGHTEC SYNT RSi 5W-40;20001-0040-99;TEBOIL Gold L 5W-30;2459465;TEBOIL Gold L 5W-40;3453956;G-Energy Synthetic Active 5W-30;253142405;G-Energy Synthetic Active 5W-40;253142406;Totachi NIRO LV SP/GF-5 5W-30;1G104;Totachi NIRO Optima PRO 5W-40;1C812
Mercedes-Benz;E-класс W212;2009;2016;1.8/2.0 (M271 CGI);бензин;NGN PROFI A-LINE 5W-30;V272085301;NGN GOLD A-LINE 5W-40;V272085302;MB 229.5, API SN, 5W-40;6.5;HU 514 y;нет данных;нет данных;C 2362;нет данных;нет данных;CUK 26 000;нет данных;нет данных;Заполнено агентом;нет данных;нет данных;нет данных;нет данных;нет данных;A2711800009;A2710940004;A2128300118;нет данных;нет данных;нет данных;нет данных;ROWE HIGHTEC MULTI SYNT DPF 5W-30;20125-0040-99;ROWE HIGHTEC SYNT RSi 5W-40;20001-0040-99;TEBOIL Gold L 5W-30;2459465;TEBOIL Gold L 5W-40;3453956;G-Energy Synthetic Active 5W-30;253142405;G-Energy Synthetic Active 5W-40;253142406;Totachi NIRO LV SP/GF-5 5W-30;1G104;Totachi NIRO Optima PRO 5W-40;1C812
Chery;Tiggo 7 Pro;2020;2030;1.5T (SQRE4T15B/C);бензин;NGN PROFI A-LINE 5W-30;V272085301;NGN GOLD A-LINE 5W-40;V272085302;API SN/SP, 5W-30/5W-40;4.3;W 712/83;нет данных;нет данных;нет данных;нет данных;нет данных;нет данных;нет данных;нет данных;Заполнено агентом;нет данных;нет данных;нет данных;нет данных;нет данных;4801012010;T151109111;T21-8104060;нет данных;нет данных;нет данных;нет данных;ROWE HIGHTEC MULTI SYNT DPF 5W-30;20125-0040-99;ROWE HIGHTEC SYNT RSi 5W-40;20001-0040-99;TEBOIL Gold L 5W-30;2459465;TEBOIL Gold L 5W-40;3453956;G-Energy Synthetic Active 5W-30;253142405;G-Energy Synthetic Active 5W-40;253142406;Totachi NIRO LV SP/GF-5 5W-30;1G104;Totachi NIRO Optima PRO 5W-40;1C812
Honda;CR-V III;2006;2012;2.0 (R20A);бензин;NGN PROFI A-LINE 5W-30;V272085301;NGN GOLD A-LINE 5W-40;V272085302;Honda HTO-06, API SL/SM/SN, 0W-20/5W-30;4.2;W 610/6;нет данных;нет данных;C 29 004;нет данных;нет данных;CU 29 002;нет данных;нет данных;Заполнено агентом;нет данных;нет данных;нет данных;нет данных;нет данных;15400-RTA-003;17220-RZA-Y00;80292-SDA-407;нет данных;нет данных;нет данных;нет данных;ROWE HIGHTEC MULTI SYNT DPF 5W-30;20125-0040-99;ROWE HIGHTEC SYNT RSi 5W-40;20001-0040-99;TEBOIL Gold L 5W-30;2459465;TEBOIL Gold L 5W-40;3453956;G-Energy Synthetic Active 5W-30;253142405;G-Energy Synthetic Active 5W-40;253142406;Totachi NIRO LV SP/GF-5 5W-30;1G104;Totachi NIRO Optima PRO 5W-40;1C812
Hyundai;Santa Fe II (CM);2006;2012;2.4 (G4KE);бензин;NGN PROFI A-LINE 5W-30;V272085301;NGN GOLD A-LINE 5W-40;V272085302;API SM/SN, ILSAC GF-4/GF-5, 5W-30/5W-40;4.8;W 811/80;нет данных;нет данных;C 26 019;нет данных;нет данных;CU 2842;нет данных;нет данных;Заполнено агентом;нет данных;нет данных;нет данных;нет данных;нет данных;26300-3C250;28113-0W100;97133-2B000;нет данных;нет данных;нет данных;нет данных;ROWE HIGHTEC MULTI SYNT DPF 5W-30;20125-0040-99;ROWE HIGHTEC SYNT RSi 5W-40;20001-0040-99;TEBOIL Gold L 5W-30;2459465;TEBOIL Gold L 5W-40;3453956;G-Energy Synthetic Active 5W-30;253142405;G-Energy Synthetic Active 5W-40;253142406;Totachi NIRO LV SP/GF-5 5W-30;1G104;Totachi NIRO Optima PRO 5W-40;1C812
Hyundai;Tucson III (TL);2015;2021;2.0 (G4NA);бензин;NGN PROFI A-LINE 5W-30;V272085301;NGN GOLD A-LINE 5W-40;V272085302;API SN, ILSAC GF-5, 5W-30/5W-40;4.8;W 811/80;нет данных;нет данных;C 26 022;нет данных;нет данных;CU 24 013;нет данных;нет данных;Заполнено агентом;нет данных;нет данных;нет данных;нет данных;нет данных;26300-35503;28113-D3000;97133-D3000;нет данных;нет данных;нет данных;нет данных;ROWE HIGHTEC MULTI SYNT DPF 5W-30;20125-0040-99;ROWE HIGHTEC SYNT RSi 5W-40;20001-0040-99;TEBOIL Gold L 5W-30;2459465;TEBOIL Gold L 5W-40;3453956;G-Energy Synthetic Active 5W-30;253142405;G-Energy Synthetic Active 5W-40;253142406;Totachi NIRO LV SP/GF-5 5W-30;1G104;Totachi NIRO Optima PRO 5W-40;1C812
BMW;X5 (E53);2000;2006;3.0/4.4 (M54/N62);бензин;NGN PROFI A-LINE 5W-30;V272085301;NGN GOLD A-LINE 5W-40;V272085302;BMW LL-01, API SN, 5W-30;8.5;HU 938/4X;нет данных;нет данных;C 29 105;нет данных;нет данных;CUK 5366;нет данных;нет данных;Заполнено агентом;нет данных;нет данных;нет данных;нет данных;нет данных;11427512446;13717500028;64316945585;нет данных;нет данных;нет данных;нет данных;ROWE HIGHTEC MULTI SYNT DPF 5W-30;20125-0040-99;ROWE HIGHTEC SYNT RSi 5W-40;20001-0040-99;TEBOIL Gold L 5W-30;2459465;TEBOIL Gold L 5W-40;3453956;G-Energy Synthetic Active 5W-30;253142405;G-Energy Synthetic Active 5W-40;253142406;Totachi NIRO LV SP/GF-5 5W-30;1G104;Totachi NIRO Optima PRO 5W-40;1C812
Nissan;Almera Classic (B10);2006;2013;1.6 (QG16DE);бензин;NGN PROFI A-LINE 5W-30;V272085301;NGN GOLD A-LINE 5W-40;V272085302;API SL/SM/SN, ILSAC GF-3/GF-4, 5W-30/5W-40;3.2;W 610/3;нет данных;нет данных;C 24 004;нет данных;нет данных;CU 24 006;нет данных;нет данных;Заполнено агентом;нет данных;нет данных;нет данных;нет данных;нет данных;15208-00QAD;16546-4M500;27274-95F0A;нет данных;нет данных;нет данных;нет данных;ROWE HIGHTEC MULTI SYNT DPF 5W-30;20125-0040-99;ROWE HIGHTEC SYNT RSi 5W-40;20001-0040-99;TEBOIL Gold L 5W-30;2459465;TEBOIL Gold L 5W-40;3453956;G-Energy Synthetic Active 5W-30;253142405;G-Energy Synthetic Active 5W-40;253142406;Totachi NIRO LV SP/GF-5 5W-30;1G104;Totachi NIRO Optima PRO 5W-40;1C812
Volkswagen;Tiguan I (5N);2007;2017;2.0 TSI (EA888);бензин;NGN PROFI A-LINE 5W-30;V272085301;NGN GOLD A-LINE 5W-40;V272085302;VW 502.00/504.00, ACEA A3/B4, 5W-30/5W-40;4.5;W 712/94;нет данных;нет данных;C 35 154;нет данных;нет данных;CU 2939;нет данных;нет данных;Заполнено агентом;нет данных;нет данных;нет данных;нет данных;нет данных;06H115561;1K0129620B;5N0819653;нет данных;нет данных;нет данных;нет данных;ROWE HIGHTEC MULTI SYNT DPF 5W-30;20125-0040-99;ROWE HIGHTEC SYNT RSi 5W-40;20001-0040-99;TEBOIL Gold L 5W-30;2459465;TEBOIL Gold L 5W-40;3453956;G-Energy Synthetic Active 5W-30;253142405;G-Energy Synthetic Active 5W-40;253142406;Totachi NIRO LV SP/GF-5 5W-30;1G104;Totachi NIRO Optima PRO 5W-40;1C812
Volkswagen;Tiguan I (5N);2007;2017;1.4 TSI (CAXA/CTHA);бензин;NGN PROFI A-LINE 5W-30;V272085301;NGN GOLD A-LINE 5W-40;V272085302;VW 502.00/504.00, ACEA A3/B4, 5W-30;4.3;W 712/95;нет данных;нет данных;C 35 154;нет данных;нет данных;CU 2939;нет данных;нет данных;Заполнено агентом;нет данных;нет данных;нет данных;нет данных;нет данных;04E115561H;1K0129620D;5N0819653;нет данных;нет данных;нет данных;нет данных;ROWE HIGHTEC MULTI SYNT DPF 5W-30;20125-0040-99;ROWE HIGHTEC SYNT RSi 5W-40;20001-0040-99;TEBOIL Gold L 5W-30;2459465;TEBOIL Gold L 5W-40;3453956;G-Energy Synthetic Active 5W-30;253142405;G-Energy Synthetic Active 5W-40;253142406;Totachi NIRO LV SP/GF-5 5W-30;1G104;Totachi NIRO Optima PRO 5W-40;1C812
Lexus;RX II (XU30);2003;2009;3.3 (3MZ-FE);бензин;NGN PROFI A-LINE 5W-30;V272085301;NGN GOLD A-LINE 5W-40;V272085302;API SL/SM, ILSAC GF-3/GF-4, 5W-30;6.4;W 712/83;нет данных;нет данных;C 3132/1;нет данных;нет данных;CU 1830;нет данных;нет данных;Заполнено агентом;нет данных;нет данных;нет данных;нет данных;нет данных;90915-20003;17801-31100;87139-48010;нет данных;нет данных;нет данных;нет данных;ROWE HIGHTEC MULTI SYNT DPF 5W-30;20125-0040-99;ROWE HIGHTEC SYNT RSi 5W-40;20001-0040-99;TEBOIL Gold L 5W-30;2459465;TEBOIL Gold L 5W-40;3453956;G-Energy Synthetic Active 5W-30;253142405;G-Energy Synthetic Active 5W-40;253142406;Totachi NIRO LV SP/GF-5 5W-30;1G104;Totachi NIRO Optima PRO 5W-40;1C812
Skoda;Fabia II (5J);2007;2015;1.4 (BKY/CGGA);бензин;NGN PROFI A-LINE 5W-30;V272085301;NGN GOLD A-LINE 5W-40;V272085302;VW 502.00, API SL/SM/SN, 5W-40;3.5;W 712/95;нет данных;нет данных;C 2633;нет данных;нет данных;CU 2939;нет данных;нет данных;Заполнено агентом;нет данных;нет данных;нет данных;нет данных;нет данных;03C115561H;6Q0129620;6Q0819653;нет данных;нет данных;нет данных;нет данных;ROWE HIGHTEC MULTI SYNT DPF 5W-30;20125-0040-99;ROWE HIGHTEC SYNT RSi 5W-40;20001-0040-99;TEBOIL Gold L 5W-30;2459465;TEBOIL Gold L 5W-40;3453956;G-Energy Synthetic Active 5W-30;253142405;G-Energy Synthetic Active 5W-40;253142406;Totachi NIRO LV SP/GF-5 5W-30;1G104;Totachi NIRO Optima PRO 5W-40;1C812
Kia;Optima IV (JF);2015;2020;2.0 GDI (G4NA);бензин;NGN PROFI A-LINE 5W-30;V272085301;NGN GOLD A-LINE 5W-40;V272085302;API SN, ILSAC GF-5, 5W-30/5W-40;4.8;HU 7027 z;нет данных;нет данных;C 26 033;нет данных;нет данных;CU 24 013;нет данных;нет данных;Заполнено агентом;нет данных;нет данных;нет данных;нет данных;нет данных;26300-3CAA0;28113-D3000;97133-D3000;нет данных;нет данных;нет данных;нет данных;ROWE HIGHTEC MULTI SYNT DPF 5W-30;20125-0040-99;ROWE HIGHTEC SYNT RSi 5W-40;20001-0040-99;TEBOIL Gold L 5W-30;2459465;TEBOIL Gold L 5W-40;3453956;G-Energy Synthetic Active 5W-30;253142405;G-Energy Synthetic Active 5W-40;253142406;Totachi NIRO LV SP/GF-5 5W-30;1G104;Totachi NIRO Optima PRO 5W-40;1C812
Geely;Coolray (SX11);2019;2030;1.5T (JLH-3G15TD);бензин;NGN PROFI A-LINE 5W-30;V272085301;NGN GOLD A-LINE 5W-40;V272085302;API SN/SP, 5W-30/5W-40;3.8;W 712/83;нет данных;нет данных;нет данных;нет данных;нет данных;нет данных;нет данных;нет данных;Заполнено агентом;нет данных;нет данных;нет данных;нет данных;нет данных;1014050103;1014023800004;8104033200001;нет данных;нет данных;нет данных;нет данных;ROWE HIGHTEC MULTI SYNT DPF 5W-30;20125-0040-99;ROWE HIGHTEC SYNT RSi 5W-40;20001-0040-99;TEBOIL Gold L 5W-30;2459465;TEBOIL Gold L 5W-40;3453956;G-Energy Synthetic Active 5W-30;253142405;G-Energy Synthetic Active 5W-40;253142406;Totachi NIRO LV SP/GF-5 5W-30;1G104;Totachi NIRO Optima PRO 5W-40;1C812
Nissan;Teana II (J32);2008;2014;2.5 (QR25DE);бензин;NGN PROFI A-LINE 5W-30;V272085301;NGN GOLD A-LINE 5W-40;V272085302;API SM/SN, ILSAC GF-4/GF-5, 5W-30;4.9;W 712/83;нет данных;нет данных;C 26 003;нет данных;нет данных;CU 1936;нет данных;нет данных;Заполнено агентом;нет данных;нет данных;нет данных;нет данных;нет данных;15208-65F0A;16546-JN00A;27274-JN00A;нет данных;нет данных;нет данных;нет данных;ROWE HIGHTEC MULTI SYNT DPF 5W-30;20125-0040-99;ROWE HIGHTEC SYNT RSi 5W-40;20001-0040-99;TEBOIL Gold L 5W-30;2459465;TEBOIL Gold L 5W-40;3453956;G-Energy Synthetic Active 5W-30;253142405;G-Energy Synthetic Active 5W-40;253142406;Totachi NIRO LV SP/GF-5 5W-30;1G104;Totachi NIRO Optima PRO 5W-40;1C812
BMW;3 (E46);1998;2007;2.0 (M54B20/N46B20);бензин;NGN PROFI A-LINE 5W-30;V272085301;NGN GOLD A-LINE 5W-40;V272085302;BMW LL-01, API SN, 5W-30;5.5;HU 726/2 z;нет данных;нет данных;C 3470;нет данных;нет данных;CU 29 000;нет данных;нет данных;Заполнено агентом;нет данных;нет данных;нет данных;нет данных;нет данных;11427512300;13721740471;64316945585;нет данных;нет данных;нет данных;нет данных;ROWE HIGHTEC MULTI SYNT DPF 5W-30;20125-0040-99;ROWE HIGHTEC SYNT RSi 5W-40;20001-0040-99;TEBOIL Gold L 5W-30;2459465;TEBOIL Gold L 5W-40;3453956;G-Energy Synthetic Active 5W-30;253142405;G-Energy Synthetic Active 5W-40;253142406;Totachi NIRO LV SP/GF-5 5W-30;1G104;Totachi NIRO Optima PRO 5W-40;1C812
Suzuki;Grand Vitara II;2005;2015;2.0 (J20A);бензин;NGN PROFI A-LINE 5W-30;V272085301;NGN GOLD A-LINE 5W-40;V272085302;API SJ/SL/SM/SN, 5W-30/5W-40;5.4;W 712/83;нет данных;нет данных;C 24 004;нет данных;нет данных;нет данных;нет данных;нет данных;Заполнено агентом;нет данных;нет данных;нет данных;нет данных;нет данных;16510-61A31;13780-64J00;95860-66J10;нет данных;нет данных;нет данных;нет данных;ROWE HIGHTEC MULTI SYNT DPF 5W-30;20125-0040-99;ROWE HIGHTEC SYNT RSi 5W-40;20001-0040-99;TEBOIL Gold L 5W-30;2459465;TEBOIL Gold L 5W-40;3453956;G-Energy Synthetic Active 5W-30;253142405;G-Energy Synthetic Active 5W-40;253142406;Totachi NIRO LV SP/GF-5 5W-30;1G104;Totachi NIRO Optima PRO 5W-40;1C812
Renault;Megane II;2003;2009;1.6 (K4M);бензин;NGN PROFI A-LINE 5W-30;V272085301;NGN GOLD A-LINE 5W-40;V272085302;Renault RN0700, API SL/SM/SN, 5W-30/5W-40;4.3;W 75/3;нет данных;нет данных;C 2433/1;нет данных;нет данных;CU 22 011;нет данных;нет данных;Заполнено агентом;нет данных;нет данных;нет данных;нет данных;нет данных;7700274177;8200431051;272773016R;нет данных;нет данных;нет данных;нет данных;ROWE HIGHTEC MULTI SYNT DPF 5W-30;20125-0040-99;ROWE HIGHTEC SYNT RSi 5W-40;20001-0040-99;TEBOIL Gold L 5W-30;2459465;TEBOIL Gold L 5W-40;3453956;G-Energy Synthetic Active 5W-30;253142405;G-Energy Synthetic Active 5W-40;253142406;Totachi NIRO LV SP/GF-5 5W-30;1G104;Totachi NIRO Optima PRO 5W-40;1C812
Volkswagen;Jetta VI;2010;2019;1.6 MPI (CFNA/CWVA);бензин;NGN PROFI A-LINE 5W-30;V272085301;NGN GOLD A-LINE 5W-40;V272085302;VW 502.00, API SN, 5W-40;3.6;W 712/95;нет данных;нет данных;C 26 020;нет данных;нет данных;CU 2939;нет данных;нет данных;Заполнено агентом;нет данных;нет данных;нет данных;нет данных;нет данных;04E115561H;6Q0129620;1K0819653B;нет данных;нет данных;нет данных;нет данных;ROWE HIGHTEC MULTI SYNT DPF 5W-30;20125-0040-99;ROWE HIGHTEC SYNT RSi 5W-40;20001-0040-99;TEBOIL Gold L 5W-30;2459465;TEBOIL Gold L 5W-40;3453956;G-Energy Synthetic Active 5W-30;253142405;G-Energy Synthetic Active 5W-40;253142406;Totachi NIRO LV SP/GF-5 5W-30;1G104;Totachi NIRO Optima PRO 5W-40;1C812
Hyundai;Solaris II;2017;2030;1.6 (G4FC);бензин;NGN PROFI A-LINE 5W-30;V272085301;NGN GOLD A-LINE 5W-40;V272085302;API SN/SP, ILSAC GF-5, 5W-30;3.6;W 811/80;нет данных;нет данных;C 26 033;нет данных;нет данных;CU 21 008;нет данных;нет данных;Заполнено агентом;нет данных;нет данных;нет данных;нет данных;нет данных;26300-35504;28113-H9100;97133-H5000;нет данных;нет данных;нет данных;нет данных;ROWE HIGHTEC MULTI SYNT DPF 5W-30;20125-0040-99;ROWE HIGHTEC SYNT RSi 5W-40;20001-0040-99;TEBOIL Gold L 5W-30;2459465;TEBOIL Gold L 5W-40;3453956;G-Energy Synthetic Active 5W-30;253142405;G-Energy Synthetic Active 5W-40;253142406;Totachi NIRO LV SP/GF-5 5W-30;1G104;Totachi NIRO Optima PRO 5W-40;1C812
Datsun;on-DO / mi-DO;2014;2022;1.6 (VAZ 11183/21127);бензин;NGN PROFI A-LINE 5W-30;V272085301;NGN GOLD A-LINE 5W-40;V272085302;API SL/SM/SN, 5W-30/5W-40;3.5;W 914/2;нет данных;нет данных;C 22 117;нет данных;нет данных;CU 26 004;нет данных;нет данных;Заполнено агентом;нет данных;нет данных;нет данных;нет данных;нет данных;2108-1012005;2112-1109080;2110-8122010;нет данных;нет данных;нет данных;нет данных;ROWE HIGHTEC MULTI SYNT DPF 5W-30;20125-0040-99;ROWE HIGHTEC SYNT RSi 5W-40;20001-0040-99;TEBOIL Gold L 5W-30;2459465;TEBOIL Gold L 5W-40;3453956;G-Energy Synthetic Active 5W-30;253142405;G-Energy Synthetic Active 5W-40;253142406;Totachi NIRO LV SP/GF-5 5W-30;1G104;Totachi NIRO Optima PRO 5W-40;1C812
Lada (ВАЗ);Niva 4x4 (21214);2009;2030;1.7 (VAZ 21214);бензин;NGN PROFI A-LINE 5W-30;V272085301;NGN GOLD A-LINE 5W-40;V272085302;API SG/SJ/SL/SM, 5W-30/5W-40/10W-40;3.75;W 914/2;нет данных;нет данных;нет данных;нет данных;нет данных;нет данных;нет данных;нет данных;Заполнено агентом;нет данных;нет данных;нет данных;нет данных;нет данных;2105-1012005;2121-1109080;нет данных;нет данных;нет данных;нет данных;нет данных;ROWE HIGHTEC MULTI SYNT DPF 5W-30;20125-0040-99;ROWE HIGHTEC SYNT RSi 5W-40;20001-0040-99;TEBOIL Gold L 5W-30;2459465;TEBOIL Gold L 5W-40;3453956;G-Energy Synthetic Active 5W-30;253142405;G-Energy Synthetic Active 5W-40;253142406;Totachi NIRO LV SP/GF-5 5W-30;1G104;Totachi NIRO Optima PRO 5W-40;1C812
Toyota;Land Cruiser 200;2007;2021;4.6 V8 (1UR-FE);бензин;NGN PROFI A-LINE 5W-30;V272085301;NGN GOLD A-LINE 5W-40;V272085302;API SN, ILSAC GF-5, 5W-30/0W-20;9.8;HU 7009 z;нет данных;нет данных;C 3236/3;нет данных;нет данных;CU 2959;нет данных;нет данных;Заполнено агентом;нет данных;нет данных;нет данных;нет данных;нет данных;90915-20003;17801-38030;87139-0N010;нет данных;нет данных;нет данных;нет данных;ROWE HIGHTEC MULTI SYNT DPF 5W-30;20125-0040-99;ROWE HIGHTEC SYNT RSi 5W-40;20001-0040-99;TEBOIL Gold L 5W-30;2459465;TEBOIL Gold L 5W-40;3453956;G-Energy Synthetic Active 5W-30;253142405;G-Energy Synthetic Active 5W-40;253142406;Totachi NIRO LV SP/GF-5 5W-30;1G104;Totachi NIRO Optima PRO 5W-40;1C812
Lada (ВАЗ);Granta FL;2018;2030;1.6 (VAZ 11189/21127);бензин;NGN PROFI A-LINE 5W-30;V272085301;NGN GOLD A-LINE 5W-40;V272085302;API SL/SM/SN, 5W-30/5W-40;3.5;W 914/2;нет данных;нет данных;C 22 117;нет данных;нет данных;CU 26 004;нет данных;нет данных;Заполнено агентом;нет данных;нет данных;нет данных;нет данных;нет данных;2108-1012005;2112-1109080;2110-8122010;нет данных;нет данных;нет данных;нет данных;ROWE HIGHTEC MULTI SYNT DPF 5W-30;20125-0040-99;ROWE HIGHTEC SYNT RSi 5W-40;20001-0040-99;TEBOIL Gold L 5W-30;2459465;TEBOIL Gold L 5W-40;3453956;G-Energy Synthetic Active 5W-30;253142405;G-Energy Synthetic Active 5W-40;253142406;Totachi NIRO LV SP/GF-5 5W-30;1G104;Totachi NIRO Optima PRO 5W-40;1C812
Mazda;6 (GJ);2012;2023;2.0 (PE-VPS);бензин;NGN PROFI A-LINE 5W-30;V272085301;NGN GOLD A-LINE 5W-40;V272085302;API SN, ILSAC GF-5, 0W-20/5W-30;4.2;W 6018;нет данных;нет данных;C 27 019;нет данных;нет данных;CU 20 017;нет данных;нет данных;Заполнено агентом;нет данных;нет данных;нет данных;нет данных;нет данных;PE01-14-302B;SH01-13-3A0A;GS1L-61-J6X;нет данных;нет данных;нет данных;нет данных;ROWE HIGHTEC MULTI SYNT DPF 5W-30;20125-0040-99;ROWE HIGHTEC SYNT RSi 5W-40;20001-0040-99;TEBOIL Gold L 5W-30;2459465;TEBOIL Gold L 5W-40;3453956;G-Energy Synthetic Active 5W-30;253142405;G-Energy Synthetic Active 5W-40;253142406;Totachi NIRO LV SP/GF-5 5W-30;1G104;Totachi NIRO Optima PRO 5W-40;1C812
Hyundai;i30 II (PD);2017;2023;1.6 (G4FG);бензин;NGN PROFI A-LINE 5W-30;V272085301;NGN GOLD A-LINE 5W-40;V272085302;API SN/SP, ILSAC GF-5, 5W-30;3.6;W 811/80;нет данных;нет данных;C 26 033;нет данных;нет данных;CU 24 013;нет данных;нет данных;Заполнено агентом;нет данных;нет данных;нет данных;нет данных;нет данных;26300-35504;28113-G3100;97133-G3000;нет данных;нет данных;нет данных;нет данных;ROWE HIGHTEC MULTI SYNT DPF 5W-30;20125-0040-99;ROWE HIGHTEC SYNT RSi 5W-40;20001-0040-99;TEBOIL Gold L 5W-30;2459465;TEBOIL Gold L 5W-40;3453956;G-Energy Synthetic Active 5W-30;253142405;G-Energy Synthetic Active 5W-40;253142406;Totachi NIRO LV SP/GF-5 5W-30;1G104;Totachi NIRO Optima PRO 5W-40;1C812
Skoda;Kodiaq (NS);2016;2030;2.0 TSI (CZPB/DKZA);бензин;NGN PROFI A-LINE 5W-30;V272085301;NGN GOLD A-LINE 5W-40;V272085302;VW 502.00/504.00, API SN/SP, 5W-30;5.0;HU 711/51 x;нет данных;нет данных;C 30 005;нет данных;нет данных;CUK 26 009;нет данных;нет данных;Заполнено агентом;нет данных;нет данных;нет данных;нет данных;нет данных;06K115561B;5Q0129620D;3Q0819653;нет данных;нет данных;нет данных;нет данных;ROWE HIGHTEC MULTI SYNT DPF 5W-30;20125-0040-99;ROWE HIGHTEC SYNT RSi 5W-40;20001-0040-99;TEBOIL Gold L 5W-30;2459465;TEBOIL Gold L 5W-40;3453956;G-Energy Synthetic Active 5W-30;253142405;G-Energy Synthetic Active 5W-40;253142406;Totachi NIRO LV SP/GF-5 5W-30;1G104;Totachi NIRO Optima PRO 5W-40;1C812
Audi;A4 (B8);2007;2015;1.8 TFSI (CABD/CDHA);бензин;NGN PROFI A-LINE 5W-30;V272085301;NGN GOLD A-LINE 5W-40;V272085302;VW 502.00/504.00, ACEA A3/B4, 5W-30/5W-40;3.7;W 712/94;нет данных;нет данных;C 16 114/2 x;нет данных;нет данных;CU 2442;нет данных;нет данных;Заполнено агентом;нет данных;нет данных;нет данных;нет данных;нет данных;06H115561;8K0133843;8K0819439A;нет данных;нет данных;нет данных;нет данных;ROWE HIGHTEC MULTI SYNT DPF 5W-30;20125-0040-99;ROWE HIGHTEC SYNT RSi 5W-40;20001-0040-99;TEBOIL Gold L 5W-30;2459465;TEBOIL Gold L 5W-40;3453956;G-Energy Synthetic Active 5W-30;253142405;G-Energy Synthetic Active 5W-40;253142406;Totachi NIRO LV SP/GF-5 5W-30;1G104;Totachi NIRO Optima PRO 5W-40;1C812
Volkswagen;Passat B7;2010;2015;1.6 MPI (CCSA/CWSA);бензин;NGN PROFI A-LINE 5W-30;V272085301;NGN GOLD A-LINE 5W-40;V272085302;VW 502.00, API SN, 5W-40;3.6;W 712/95;нет данных;нет данных;C 26 020;нет данных;нет данных;CU 2939;нет данных;нет данных;Заполнено агентом;нет данных;нет данных;нет данных;нет данных;нет данных;04E115561H;1K0129620;3C0819653;нет данных;нет данных;нет данных;нет данных;ROWE HIGHTEC MULTI SYNT DPF 5W-30;20125-0040-99;ROWE HIGHTEC SYNT RSi 5W-40;20001-0040-99;TEBOIL Gold L 5W-30;2459465;TEBOIL Gold L 5W-40;3453956;G-Energy Synthetic Active 5W-30;253142405;G-Energy Synthetic Active 5W-40;253142406;Totachi NIRO LV SP/GF-5 5W-30;1G104;Totachi NIRO Optima PRO 5W-40;1C812
Haval;Jolion;2021;2030;1.5T (GW4B15A);бензин;NGN PROFI A-LINE 5W-30;V272085301;NGN GOLD A-LINE 5W-40;V272085302;API SN/SP, 5W-30/5W-40;4.5;W 7058 M;нет данных;нет данных;нет данных;нет данных;нет данных;нет данных;нет данных;нет данных;Заполнено агентом;нет данных;нет данных;нет данных;нет данных;нет данных;1017100XEB02;1109110XKZ1DA;8107100XKZ57A;нет данных;нет данных;нет данных;нет данных;ROWE HIGHTEC MULTI SYNT DPF 5W-30;20125-0040-99;ROWE HIGHTEC SYNT RSi 5W-40;20001-0040-99;TEBOIL Gold L 5W-30;2459465;TEBOIL Gold L 5W-40;3453956;G-Energy Synthetic Active 5W-30;253142405;G-Energy Synthetic Active 5W-40;253142406;Totachi NIRO LV SP/GF-5 5W-30;1G104;Totachi NIRO Optima PRO 5W-40;1C812
Changan;CS55 Plus;2020;2030;1.5T (JL473ZQ5);бензин;NGN PROFI A-LINE 5W-30;V272085301;NGN GOLD A-LINE 5W-40;V272085302;API SN/SP, 5W-30/5W-40;4.3;нет данных;нет данных;нет данных;нет данных;нет данных;нет данных;нет данных;нет данных;нет данных;Заполнено агентом;нет данных;нет данных;нет данных;нет данных;нет данных;S101307500CA;S101070010CA;S101620010CA;нет данных;нет данных;нет данных;нет данных;ROWE HIGHTEC MULTI SYNT DPF 5W-30;20125-0040-99;ROWE HIGHTEC SYNT RSi 5W-40;20001-0040-99;TEBOIL Gold L 5W-30;2459465;TEBOIL Gold L 5W-40;3453956;G-Energy Synthetic Active 5W-30;253142405;G-Energy Synthetic Active 5W-40;253142406;Totachi NIRO LV SP/GF-5 5W-30;1G104;Totachi NIRO Optima PRO 5W-40;1C812
Lada (ВАЗ);X-Ray;2015;2022;1.6 (VAZ 21129);бензин;NGN PROFI A-LINE 5W-30;V272085301;NGN GOLD A-LINE 5W-40;V272085302;API SL/SM/SN, 5W-30/5W-40;3.5;W 914/2;нет данных;нет данных;C 22 117;нет данных;нет данных;CU 26 004;нет данных;нет данных;Заполнено агентом;нет данных;нет данных;нет данных;нет данных;нет данных;2108-1012005;2112-1109080;272773016R;нет данных;нет данных;нет данных;нет данных;ROWE HIGHTEC MULTI SYNT DPF 5W-30;20125-0040-99;ROWE HIGHTEC SYNT RSi 5W-40;20001-0040-99;TEBOIL Gold L 5W-30;2459465;TEBOIL Gold L 5W-40;3453956;G-Energy Synthetic Active 5W-30;253142405;G-Energy Synthetic Active 5W-40;253142406;Totachi NIRO LV SP/GF-5 5W-30;1G104;Totachi NIRO Optima PRO 5W-40;1C812
Peugeot;408;2012;2017;1.6 (EP6C/5FS);бензин;NGN PROFI A-LINE 5W-30;V272085301;NGN GOLD A-LINE 5W-40;V272085302;PSA B71 2290, ACEA A5/B5, 5W-30;4.5;W 6010;нет данных;нет данных;C 30 019;нет данных;нет данных;CU 29 013;нет данных;нет данных;Заполнено агентом;нет данных;нет данных;нет данных;нет данных;нет данных;1109Y4;1444TX;6447XH;нет данных;нет данных;нет данных;нет данных;ROWE HIGHTEC MULTI SYNT DPF 5W-30;20125-0040-99;ROWE HIGHTEC SYNT RSi 5W-40;20001-0040-99;TEBOIL Gold L 5W-30;2459465;TEBOIL Gold L 5W-40;3453956;G-Energy Synthetic Active 5W-30;253142405;G-Energy Synthetic Active 5W-40;253142406;Totachi NIRO LV SP/GF-5 5W-30;1G104;Totachi NIRO Optima PRO 5W-40;1C812
Mazda;CX-5 (KF);2017;2030;2.0 (PE-VPS);бензин;NGN PROFI A-LINE 5W-30;V272085301;NGN GOLD A-LINE 5W-40;V272085302;API SN/SP, ILSAC GF-5, 0W-20/5W-30;4.5;W 6018;нет данных;нет данных;C 27 019;нет данных;нет данных;CU 20 017;нет данных;нет данных;Заполнено агентом;нет данных;нет данных;нет данных;нет данных;нет данных;PE01-14-302B;PE07-13-3A0A;KD45-61-J6X;нет данных;нет данных;нет данных;нет данных;ROWE HIGHTEC MULTI SYNT DPF 5W-30;20125-0040-99;ROWE HIGHTEC SYNT RSi 5W-40;20001-0040-99;TEBOIL Gold L 5W-30;2459465;TEBOIL Gold L 5W-40;3453956;G-Energy Synthetic Active 5W-30;253142405;G-Energy Synthetic Active 5W-40;253142406;Totachi NIRO LV SP/GF-5 5W-30;1G104;Totachi NIRO Optima PRO 5W-40;1C812
Nissan;Pathfinder IV (R52);2012;2021;3.5 V6 (VQ35DE);бензин;NGN PROFI A-LINE 5W-30;V272085301;NGN GOLD A-LINE 5W-40;V272085302;API SM/SN, ILSAC GF-4/GF-5, 5W-30;5.9;W 712/83;нет данных;нет данных;C 27 019;нет данных;нет данных;CU 2882;нет данных;нет данных;Заполнено агентом;нет данных;нет данных;нет данных;нет данных;нет данных;15208-65F0A;16546-3TA0A;27277-3JA0A;нет данных;нет данных;нет данных;нет данных;ROWE HIGHTEC MULTI SYNT DPF 5W-30;20125-0040-99;ROWE HIGHTEC SYNT RSi 5W-40;20001-0040-99;TEBOIL Gold L 5W-30;2459465;TEBOIL Gold L 5W-40;3453956;G-Energy Synthetic Active 5W-30;253142405;G-Energy Synthetic Active 5W-40;253142406;Totachi NIRO LV SP/GF-5 5W-30;1G104;Totachi NIRO Optima PRO 5W-40;1C812
Kia;Sportage IV (QL);2015;2021;2.0 (G4NA);бензин;NGN PROFI A-LINE 5W-30;V272085301;NGN GOLD A-LINE 5W-40;V272085302;API SN/SP, ILSAC GF-5, 5W-30;4.8;W 811/80;нет данных;нет данных;C 26 033;нет данных;нет данных;CU 24 013;нет данных;нет данных;Заполнено агентом;нет данных;нет данных;нет данных;нет данных;нет данных;26300-35503;28113-D3000;97133-D3000;нет данных;нет данных;нет данных;нет данных;ROWE HIGHTEC MULTI SYNT DPF 5W-30;20125-0040-99;ROWE HIGHTEC SYNT RSi 5W-40;20001-0040-99;TEBOIL Gold L 5W-30;2459465;TEBOIL Gold L 5W-40;3453956;G-Energy Synthetic Active 5W-30;253142405;G-Energy Synthetic Active 5W-40;253142406;Totachi NIRO LV SP/GF-5 5W-30;1G104;Totachi NIRO Optima PRO 5W-40;1C812
Toyota;Corolla XII (E210);2018;2030;1.6 (1ZR-FAE);бензин;NGN PROFI A-LINE 5W-30;V272085301;NGN GOLD A-LINE 5W-40;V272085302;API SN/SP, ILSAC GF-5, 0W-20/5W-30;4.4;W 712/83;нет данных;нет данных;C 27 030;нет данных;нет данных;CU 26 014;нет данных;нет данных;Заполнено агентом;нет данных;нет данных;нет данных;нет данных;нет данных;90915-YZZD4;17801-37021;87139-0N020;нет данных;нет данных;нет данных;нет данных;ROWE HIGHTEC MULTI SYNT DPF 5W-30;20125-0040-99;ROWE HIGHTEC SYNT RSi 5W-40;20001-0040-99;TEBOIL Gold L 5W-30;2459465;TEBOIL Gold L 5W-40;3453956;G-Energy Synthetic Active 5W-30;253142405;G-Energy Synthetic Active 5W-40;253142406;Totachi NIRO LV SP/GF-5 5W-30;1G104;Totachi NIRO Optima PRO 5W-40;1C812
Toyota;Corolla XII (E210);2018;2030;2.0 (M20A-FKS);бензин;NGN PROFI A-LINE 5W-30;V272085301;NGN GOLD A-LINE 5W-40;V272085302;API SN/SP, ILSAC GF-5, 0W-16/0W-20;4.7;HU 7019 z;нет данных;нет данных;C 27 030;нет данных;нет данных;CU 26 014;нет данных;нет данных;Заполнено агентом;нет данных;нет данных;нет данных;нет данных;нет данных;90915-10010;17801-F0010;87139-0N020;нет данных;нет данных;нет данных;нет данных;ROWE HIGHTEC MULTI SYNT DPF 5W-30;20125-0040-99;ROWE HIGHTEC SYNT RSi 5W-40;20001-0040-99;TEBOIL Gold L 5W-30;2459465;TEBOIL Gold L 5W-40;3453956;G-Energy Synthetic Active 5W-30;253142405;G-Energy Synthetic Active 5W-40;253142406;Totachi NIRO LV SP/GF-5 5W-30;1G104;Totachi NIRO Optima PRO 5W-40;1C812
Kia;Rio IV (YB);2017;2030;1.6 (G4FC);бензин;NGN PROFI A-LINE 5W-30;V272085301;NGN GOLD A-LINE 5W-40;V272085302;API SN/SP, ILSAC GF-5, 5W-30;3.6;W 811/80;нет данных;нет данных;C 26 033;нет данных;нет данных;CU 24 013;нет данных;нет данных;Заполнено агентом;нет данных;нет данных;нет данных;нет данных;нет данных;26300-35504;28113-H9100;97133-H5000;нет данных;нет данных;нет данных;нет данных;ROWE HIGHTEC MULTI SYNT DPF 5W-30;20125-0040-99;ROWE HIGHTEC SYNT RSi 5W-40;20001-0040-99;TEBOIL Gold L 5W-30;2459465;TEBOIL Gold L 5W-40;3453956;G-Energy Synthetic Active 5W-30;253142405;G-Energy Synthetic Active 5W-40;253142406;Totachi NIRO LV SP/GF-5 5W-30;1G104;Totachi NIRO Optima PRO 5W-40;1C812
Kia;Rio IV (YB);2017;2030;1.4 (G4LC);бензин;NGN PROFI A-LINE 5W-30;V272085301;NGN GOLD A-LINE 5W-40;V272085302;API SN/SP, ILSAC GF-5, 5W-30;3.3;W 811/80;нет данных;нет данных;C 26 033;нет данных;нет данных;CU 24 013;нет данных;нет данных;Заполнено агентом;нет данных;нет данных;нет данных;нет данных;нет данных;26300-35504;28113-H9100;97133-H5000;нет данных;нет данных;нет данных;нет данных;ROWE HIGHTEC MULTI SYNT DPF 5W-30;20125-0040-99;ROWE HIGHTEC SYNT RSi 5W-40;20001-0040-99;TEBOIL Gold L 5W-30;2459465;TEBOIL Gold L 5W-40;3453956;G-Energy Synthetic Active 5W-30;253142405;G-Energy Synthetic Active 5W-40;253142406;Totachi NIRO LV SP/GF-5 5W-30;1G104;Totachi NIRO Optima PRO 5W-40;1C812
Renault;Logan II;2014;2022;1.6 (H4M/K4M);бензин;NGN PROFI A-LINE 5W-30;V272085301;NGN GOLD A-LINE 5W-40;V272085302;Renault RN0700/RN0710, API SN, 5W-30/5W-40;3.5;W 75/3;нет данных;нет данных;C 2433/1;нет данных;нет данных;CU 22 011;нет данных;нет данных;Заполнено агентом;нет данных;нет данных;нет данных;нет данных;нет данных;152085758R;165460509R;272773016R;нет данных;нет данных;нет данных;нет данных;ROWE HIGHTEC MULTI SYNT DPF 5W-30;20125-0040-99;ROWE HIGHTEC SYNT RSi 5W-40;20001-0040-99;TEBOIL Gold L 5W-30;2459465;TEBOIL Gold L 5W-40;3453956;G-Energy Synthetic Active 5W-30;253142405;G-Energy Synthetic Active 5W-40;253142406;Totachi NIRO LV SP/GF-5 5W-30;1G104;Totachi NIRO Optima PRO 5W-40;1C812
Nissan;Qashqai II (J11);2014;2021;2.0 (MR20DD);бензин;NGN PROFI A-LINE 5W-30;V272085301;NGN GOLD A-LINE 5W-40;V272085302;API SN/SP, ILSAC GF-5, 5W-30/0W-20;4.9;W 67/1;нет данных;нет данных;C 24 005;нет данных;нет данных;CU 1936;нет данных;нет данных;Заполнено агентом;нет данных;нет данных;нет данных;нет данных;нет данных;15208-65F0E;16546-4EA0B;27277-4EA0A;нет данных;нет данных;нет данных;нет данных;ROWE HIGHTEC MULTI SYNT DPF 5W-30;20125-0040-99;ROWE HIGHTEC SYNT RSi 5W-40;20001-0040-99;TEBOIL Gold L 5W-30;2459465;TEBOIL Gold L 5W-40;3453956;G-Energy Synthetic Active 5W-30;253142405;G-Energy Synthetic Active 5W-40;253142406;Totachi NIRO LV SP/GF-5 5W-30;1G104;Totachi NIRO Optima PRO 5W-40;1C812
Toyota;Camry IX (XV70);2018;2030;2.5 (A25A-FKS);бензин;NGN PROFI A-LINE 5W-30;V272085301;NGN GOLD A-LINE 5W-40;V272085302;API SN/SP, ILSAC GF-5, 0W-16/0W-20;4.5;HU 7019 z;нет данных;нет данных;C 27 030;нет данных;нет данных;CU 26 014;нет данных;нет данных;Заполнено агентом;нет данных;нет данных;нет данных;нет данных;нет данных;90915-10010;17801-F0010;87139-0N020;нет данных;нет данных;нет данных;нет данных;ROWE HIGHTEC MULTI SYNT DPF 5W-30;20125-0040-99;ROWE HIGHTEC SYNT RSi 5W-40;20001-0040-99;TEBOIL Gold L 5W-30;2459465;TEBOIL Gold L 5W-40;3453956;G-Energy Synthetic Active 5W-30;253142405;G-Energy Synthetic Active 5W-40;253142406;Totachi NIRO LV SP/GF-5 5W-30;1G104;Totachi NIRO Optima PRO 5W-40;1C812
Hyundai;Sonata VIII (DN8);2019;2030;2.0 (G4NL);бензин;NGN PROFI A-LINE 5W-30;V272085301;NGN GOLD A-LINE 5W-40;V272085302;API SN/SP, ILSAC GF-5, 5W-30;4.8;HU 7027 z;нет данных;нет данных;C 26 033;нет данных;нет данных;CU 24 013;нет данных;нет данных;Заполнено агентом;нет данных;нет данных;нет данных;нет данных;нет данных;26300-3CAA0;28113-L1100;97133-L1000;нет данных;нет данных;нет данных;нет данных;ROWE HIGHTEC MULTI SYNT DPF 5W-30;20125-0040-99;ROWE HIGHTEC SYNT RSi 5W-40;20001-0040-99;TEBOIL Gold L 5W-30;2459465;TEBOIL Gold L 5W-40;3453956;G-Energy Synthetic Active 5W-30;253142405;G-Energy Synthetic Active 5W-40;253142406;Totachi NIRO LV SP/GF-5 5W-30;1G104;Totachi NIRO Optima PRO 5W-40;1C812
Kia;K5 (DL3);2020;2030;2.0 (G4NL);бензин;NGN PROFI A-LINE 5W-30;V272085301;NGN GOLD A-LINE 5W-40;V272085302;API SN/SP, ILSAC GF-5, 5W-30;4.8;HU 7027 z;нет данных;нет данных;C 26 033;нет данных;нет данных;CU 24 013;нет данных;нет данных;Заполнено агентом;нет данных;нет данных;нет данных;нет данных;нет данных;26300-3CAA0;28113-2T000;97133-L1000;нет данных;нет данных;нет данных;нет данных;ROWE HIGHTEC MULTI SYNT DPF 5W-30;20125-0040-99;ROWE HIGHTEC SYNT RSi 5W-40;20001-0040-99;TEBOIL Gold L 5W-30;2459465;TEBOIL Gold L 5W-40;3453956;G-Energy Synthetic Active 5W-30;253142405;G-Energy Synthetic Active 5W-40;253142406;Totachi NIRO LV SP/GF-5 5W-30;1G104;Totachi NIRO Optima PRO 5W-40;1C812
BMW;3 (G20/G21);2019;2030;2.0T (B48B20);бензин;NGN PROFI A-LINE 5W-30;V272085301;NGN GOLD A-LINE 5W-40;V272085302;BMW LL-04, API SN/SP, 0W-30/5W-30;5.25;HU 6022 z;нет данных;нет данных;C 40 188;нет данных;нет данных;CUK 29 005;нет данных;нет данных;Заполнено агентом;нет данных;нет данных;нет данных;нет данных;нет данных;11428575211;13718577174;64119272646;нет данных;нет данных;нет данных;нет данных;ROWE HIGHTEC MULTI SYNT DPF 5W-30;20125-0040-99;ROWE HIGHTEC SYNT RSi 5W-40;20001-0040-99;TEBOIL Gold L 5W-30;2459465;TEBOIL Gold L 5W-40;3453956;G-Energy Synthetic Active 5W-30;253142405;G-Energy Synthetic Active 5W-40;253142406;Totachi NIRO LV SP/GF-5 5W-30;1G104;Totachi NIRO Optima PRO 5W-40;1C812
Audi;A6 (C7);2011;2018;2.0 TFSI (CYMC/CMGB);бензин;NGN PROFI A-LINE 5W-30;V272085301;NGN GOLD A-LINE 5W-40;V272085302;VW 502.00/504.00, ACEA A3/B4, 5W-30;4.5;HU 711/51 x;нет данных;нет данных;C 35 154;нет данных;нет данных;CU 2442;нет данных;нет данных;Заполнено агентом;нет данных;нет данных;нет данных;нет данных;нет данных;06K115561B;4G0133843;4G0819439B;нет данных;нет данных;нет данных;нет данных;ROWE HIGHTEC MULTI SYNT DPF 5W-30;20125-0040-99;ROWE HIGHTEC SYNT RSi 5W-40;20001-0040-99;TEBOIL Gold L 5W-30;2459465;TEBOIL Gold L 5W-40;3453956;G-Energy Synthetic Active 5W-30;253142405;G-Energy Synthetic Active 5W-40;253142406;Totachi NIRO LV SP/GF-5 5W-30;1G104;Totachi NIRO Optima PRO 5W-40;1C812
Mercedes-Benz;C-класс (W205);2014;2021;2.0 (M274 DE20 LA);бензин;NGN PROFI A-LINE 5W-30;V272085301;NGN GOLD A-LINE 5W-40;V272085302;MB 229.5/229.51, API SN/SP, 5W-30/0W-40;6.5;HU 514 y;нет данных;нет данных;C 35 005;нет данных;нет данных;CUK 29 005;нет данных;нет данных;Заполнено агентом;нет данных;нет данных;нет данных;нет данных;нет данных;A2741800009;A1560940004;A2058350047;нет данных;нет данных;нет данных;нет данных;ROWE HIGHTEC MULTI SYNT DPF 5W-30;20125-0040-99;ROWE HIGHTEC SYNT RSi 5W-40;20001-0040-99;TEBOIL Gold L 5W-30;2459465;TEBOIL Gold L 5W-40;3453956;G-Energy Synthetic Active 5W-30;253142405;G-Energy Synthetic Active 5W-40;253142406;Totachi NIRO LV SP/GF-5 5W-30;1G104;Totachi NIRO Optima PRO 5W-40;1C812
Toyota;RAV4 V (XA50);2018;2030;2.0 (M20A-FKS);бензин;NGN PROFI A-LINE 5W-30;V272085301;NGN GOLD A-LINE 5W-40;V272085302;API SN/SP, ILSAC GF-5, 0W-16/0W-20;4.5;HU 7019 z;нет данных;нет данных;C 27 030;нет данных;нет данных;CU 26 014;нет данных;нет данных;Заполнено агентом;нет данных;нет данных;нет данных;нет данных;нет данных;90915-10010;17801-F0010;87139-0N020;нет данных;нет данных;нет данных;нет данных;ROWE HIGHTEC MULTI SYNT DPF 5W-30;20125-0040-99;ROWE HIGHTEC SYNT RSi 5W-40;20001-0040-99;TEBOIL Gold L 5W-30;2459465;TEBOIL Gold L 5W-40;3453956;G-Energy Synthetic Active 5W-30;253142405;G-Energy Synthetic Active 5W-40;253142406;Totachi NIRO LV SP/GF-5 5W-30;1G104;Totachi NIRO Optima PRO 5W-40;1C812
Chery;Tiggo 4 Pro;2022;2030;1.5T (SQRE4T15C);бензин;NGN PROFI A-LINE 5W-30;V272085301;NGN GOLD A-LINE 5W-40;V272085302;API SN/SP, 5W-30/5W-40;4.3;W 712/83;нет данных;нет данных;нет данных;нет данных;нет данных;нет данных;нет данных;нет данных;Заполнено агентом;нет данных;нет данных;нет данных;нет данных;нет данных;4801012010;T21-1109111BA;T21-8104060;нет данных;нет данных;нет данных;нет данных;ROWE HIGHTEC MULTI SYNT DPF 5W-30;20125-0040-99;ROWE HIGHTEC SYNT RSi 5W-40;20001-0040-99;TEBOIL Gold L 5W-30;2459465;TEBOIL Gold L 5W-40;3453956;G-Energy Synthetic Active 5W-30;253142405;G-Energy Synthetic Active 5W-40;253142406;Totachi NIRO LV SP/GF-5 5W-30;1G104;Totachi NIRO Optima PRO 5W-40;1C812
Geely;Atlas Pro;2021;2030;1.5T (JLH-3G15TD);бензин;NGN PROFI A-LINE 5W-30;V272085301;NGN GOLD A-LINE 5W-40;V272085302;API SN/SP, 5W-30/5W-40;4.0;W 712/83;нет данных;нет данных;нет данных;нет данных;нет данных;нет данных;нет данных;нет данных;Заполнено агентом;нет данных;нет данных;нет данных;нет данных;нет данных;1014050103;1014023800004;8104033200001;нет данных;нет данных;нет данных;нет данных;ROWE HIGHTEC MULTI SYNT DPF 5W-30;20125-0040-99;ROWE HIGHTEC SYNT RSi 5W-40;20001-0040-99;TEBOIL Gold L 5W-30;2459465;TEBOIL Gold L 5W-40;3453956;G-Energy Synthetic Active 5W-30;253142405;G-Energy Synthetic Active 5W-40;253142406;Totachi NIRO LV SP/GF-5 5W-30;1G104;Totachi NIRO Optima PRO 5W-40;1C812
Honda;Accord VII (CM);2002;2008;2.4 (K24A);бензин;NGN PROFI A-LINE 5W-30;V272085301;NGN GOLD A-LINE 5W-40;V272085302;Honda HTO-06, API SL/SM/SN, 5W-30/0W-20;4.5;W 610/6;нет данных;нет данных;C 29 004;нет данных;нет данных;CU 1719;нет данных;нет данных;Заполнено агентом;нет данных;нет данных;нет данных;нет данных;нет данных;15400-PLC-004;17220-RAA-Y00;80292-SDG-W01;нет данных;нет данных;нет данных;нет данных;ROWE HIGHTEC MULTI SYNT DPF 5W-30;20125-0040-99;ROWE HIGHTEC SYNT RSi 5W-40;20001-0040-99;TEBOIL Gold L 5W-30;2459465;TEBOIL Gold L 5W-40;3453956;G-Energy Synthetic Active 5W-30;253142405;G-Energy Synthetic Active 5W-40;253142406;Totachi NIRO LV SP/GF-5 5W-30;1G104;Totachi NIRO Optima PRO 5W-40;1C812
Toyota;Fortuner II (AN160);2016;2030;2.7 (2TR-FE);бензин;NGN PROFI A-LINE 5W-30;V272085301;NGN GOLD A-LINE 5W-40;V272085302;API SN/SP, ILSAC GF-5, 5W-30;5.5;W 712/83;нет данных;нет данных;C 3236/3;нет данных;нет данных;CU 2959;нет данных;нет данных;Заполнено агентом;нет данных;нет данных;нет данных;нет данных;нет данных;90915-YZZD4;17801-0C010;87139-0N010;нет данных;нет данных;нет данных;нет данных;ROWE HIGHTEC MULTI SYNT DPF 5W-30;20125-0040-99;ROWE HIGHTEC SYNT RSi 5W-40;20001-0040-99;TEBOIL Gold L 5W-30;2459465;TEBOIL Gold L 5W-40;3453956;G-Energy Synthetic Active 5W-30;253142405;G-Energy Synthetic Active 5W-40;253142406;Totachi NIRO LV SP/GF-5 5W-30;1G104;Totachi NIRO Optima PRO 5W-40;1C812
Mitsubishi;Pajero IV (V80);2006;2021;3.0/3.8 (6G72/6G75);бензин;NGN PROFI A-LINE 5W-30;V272085301;NGN GOLD A-LINE 5W-40;V272085302;API SL/SM/SN, 5W-30/5W-40;5.0;W 940/25;нет данных;нет данных;C 28 126;нет данных;нет данных;CU 28 025;нет данных;нет данных;Заполнено агентом;нет данных;нет данных;нет данных;нет данных;нет данных;MZ690072;MR571476;7803A115;нет данных;нет данных;нет данных;нет данных;ROWE HIGHTEC MULTI SYNT DPF 5W-30;20125-0040-99;ROWE HIGHTEC SYNT RSi 5W-40;20001-0040-99;TEBOIL Gold L 5W-30;2459465;TEBOIL Gold L 5W-40;3453956;G-Energy Synthetic Active 5W-30;253142405;G-Energy Synthetic Active 5W-40;253142406;Totachi NIRO LV SP/GF-5 5W-30;1G104;Totachi NIRO Optima PRO 5W-40;1C812
Opel;Mokka A;2012;2019;1.4T (A14NET/B14NET);бензин;NGN PROFI A-LINE 5W-30;V272085301;NGN GOLD A-LINE 5W-40;V272085302;GM Dexos2, ACEA C3, 5W-30;4.2;HU 612/2 x;нет данных;нет данных;C 24 021;нет данных;нет данных;CU 2442;нет данных;нет данных;Заполнено агентом;нет данных;нет данных;нет данных;нет данных;нет данных;55594651;13271184;13271190;нет данных;нет данных;нет данных;нет данных;ROWE HIGHTEC MULTI SYNT DPF 5W-30;20125-0040-99;ROWE HIGHTEC SYNT RSi 5W-40;20001-0040-99;TEBOIL Gold L 5W-30;2459465;TEBOIL Gold L 5W-40;3453956;G-Energy Synthetic Active 5W-30;253142405;G-Energy Synthetic Active 5W-40;253142406;Totachi NIRO LV SP/GF-5 5W-30;1G104;Totachi NIRO Optima PRO 5W-40;1C812
Renault;Kaptur;2016;2023;1.6 (H4M);бензин;NGN PROFI A-LINE 5W-30;V272085301;NGN GOLD A-LINE 5W-40;V272085302;Renault RN0710, API SN/SP, 5W-30/5W-40;4.5;W 6025;нет данных;нет данных;C 2433/1;нет данных;нет данных;CU 22 011;нет данных;нет данных;Заполнено агентом;нет данных;нет данных;нет данных;нет данных;нет данных;152085758R;165460509R;272773016R;нет данных;нет данных;нет данных;нет данных;ROWE HIGHTEC MULTI SYNT DPF 5W-30;20125-0040-99;ROWE HIGHTEC SYNT RSi 5W-40;20001-0040-99;TEBOIL Gold L 5W-30;2459465;TEBOIL Gold L 5W-40;3453956;G-Energy Synthetic Active 5W-30;253142405;G-Energy Synthetic Active 5W-40;253142406;Totachi NIRO LV SP/GF-5 5W-30;1G104;Totachi NIRO Optima PRO 5W-40;1C812
Hyundai;Tucson II (JM);2004;2010;2.0 (G4GC);бензин;NGN PROFI A-LINE 5W-30;V272085301;NGN GOLD A-LINE 5W-40;V272085302;API SL/SM, ILSAC GF-3/GF-4, 5W-30/5W-40;4.2;W 811/80;нет данных;нет данных;C 26 005;нет данных;нет данных;CU 21 008;нет данных;нет данных;Заполнено агентом;нет данных;нет данных;нет данных;нет данных;нет данных;26300-35500;28113-2E000;97133-2E210;нет данных;нет данных;нет данных;нет данных;ROWE HIGHTEC MULTI SYNT DPF 5W-30;20125-0040-99;ROWE HIGHTEC SYNT RSi 5W-40;20001-0040-99;TEBOIL Gold L 5W-30;2459465;TEBOIL Gold L 5W-40;3453956;G-Energy Synthetic Active 5W-30;253142405;G-Energy Synthetic Active 5W-40;253142406;Totachi NIRO LV SP/GF-5 5W-30;1G104;Totachi NIRO Optima PRO 5W-40;1C812
Subaru;Outback V (BS);2014;2020;2.5 (FB25);бензин;NGN PROFI A-LINE 5W-30;V272085301;NGN GOLD A-LINE 5W-40;V272085302;API SM/SN, ILSAC GF-4/GF-5, 0W-20/5W-30;5.0;W 940/26;нет данных;нет данных;C 35 008;нет данных;нет данных;CU 2882;нет данных;нет данных;Заполнено агентом;нет данных;нет данных;нет данных;нет данных;нет данных;15208-AA100;16546-AA090;72880-AL000;нет данных;нет данных;нет данных;нет данных;ROWE HIGHTEC MULTI SYNT DPF 5W-30;20125-0040-99;ROWE HIGHTEC SYNT RSi 5W-40;20001-0040-99;TEBOIL Gold L 5W-30;2459465;TEBOIL Gold L 5W-40;3453956;G-Energy Synthetic Active 5W-30;253142405;G-Energy Synthetic Active 5W-40;253142406;Totachi NIRO LV SP/GF-5 5W-30;1G104;Totachi NIRO Optima PRO 5W-40;1C812
Land Rover;Freelander 2 (L359);2006;2014;2.0 (20 4ed/Si4);бензин;NGN PROFI A-LINE 5W-30;V272085301;NGN GOLD A-LINE 5W-40;V272085302;Land Rover STJLR.03.5004, API SN, 5W-30;5.5;W 712/94;нет данных;нет данных;C 2697;нет данных;нет данных;CU 2539;нет данных;нет данных;Заполнено агентом;нет данных;нет данных;нет данных;нет данных;нет данных;LR004459;LR006073;LR003023;нет данных;нет данных;нет данных;нет данных;ROWE HIGHTEC MULTI SYNT DPF 5W-30;20125-0040-99;ROWE HIGHTEC SYNT RSi 5W-40;20001-0040-99;TEBOIL Gold L 5W-30;2459465;TEBOIL Gold L 5W-40;3453956;G-Energy Synthetic Active 5W-30;253142405;G-Energy Synthetic Active 5W-40;253142406;Totachi NIRO LV SP/GF-5 5W-30;1G104;Totachi NIRO Optima PRO 5W-40;1C812
Jeep;Grand Cherokee IV (WK2);2010;2022;3.6 V6 (ERB);бензин;NGN PROFI A-LINE 5W-30;V272085301;NGN GOLD A-LINE 5W-40;V272085302;Chrysler MS-6395, API SN, 5W-20;5.9;W 6018;нет данных;нет данных;C 3236/3;нет данных;нет данных;CU 2882;нет данных;нет данных;Заполнено агентом;нет данных;нет данных;нет данных;нет данных;нет данных;68191349AB;68200777AB;68079487AA;нет данных;нет данных;нет данных;нет данных;ROWE HIGHTEC MULTI SYNT DPF 5W-30;20125-0040-99;ROWE HIGHTEC SYNT RSi 5W-40;20001-0040-99;TEBOIL Gold L 5W-30;2459465;TEBOIL Gold L 5W-40;3453956;G-Energy Synthetic Active 5W-30;253142405;G-Energy Synthetic Active 5W-40;253142406;Totachi NIRO LV SP/GF-5 5W-30;1G104;Totachi NIRO Optima PRO 5W-40;1C812
Mazda;3 (BM);2013;2018;1.5/2.0 (P5/PE);бензин;NGN PROFI A-LINE 5W-30;V272085301;NGN GOLD A-LINE 5W-40;V272085302;API SN, ILSAC GF-5, 0W-20/5W-30;4.0;W 6018;нет данных;нет данных;C 27 019;нет данных;нет данных;CU 20 017;нет данных;нет данных;Заполнено агентом;нет данных;нет данных;нет данных;нет данных;нет данных;PE01-14-302B;SH01-13-3A0A;BBP2-61-J6X;нет данных;нет данных;нет данных;нет данных;ROWE HIGHTEC MULTI SYNT DPF 5W-30;20125-0040-99;ROWE HIGHTEC SYNT RSi 5W-40;20001-0040-99;TEBOIL Gold L 5W-30;2459465;TEBOIL Gold L 5W-40;3453956;G-Energy Synthetic Active 5W-30;253142405;G-Energy Synthetic Active 5W-40;253142406;Totachi NIRO LV SP/GF-5 5W-30;1G104;Totachi NIRO Optima PRO 5W-40;1C812
Volkswagen;Tiguan II (AD1);2016;2030;2.0 TSI (CZPB/DKZA);бензин;NGN PROFI A-LINE 5W-30;V272085301;NGN GOLD A-LINE 5W-40;V272085302;VW 502.00/504.00, API SN/SP, 5W-30;5.7;HU 711/51 x;нет данных;нет данных;C 30 005;нет данных;нет данных;CUK 26 009;нет данных;нет данных;Заполнено агентом;нет данных;нет данных;нет данных;нет данных;нет данных;06K115561B;5Q0129620D;5Q0819653;нет данных;нет данных;нет данных;нет данных;ROWE HIGHTEC MULTI SYNT DPF 5W-30;20125-0040-99;ROWE HIGHTEC SYNT RSi 5W-40;20001-0040-99;TEBOIL Gold L 5W-30;2459465;TEBOIL Gold L 5W-40;3453956;G-Energy Synthetic Active 5W-30;253142405;G-Energy Synthetic Active 5W-40;253142406;Totachi NIRO LV SP/GF-5 5W-30;1G104;Totachi NIRO Optima PRO 5W-40;1C812
Nissan;Murano III (Z52);2015;2030;3.5 V6 (VQ35DE);бензин;NGN PROFI A-LINE 5W-30;V272085301;NGN GOLD A-LINE 5W-40;V272085302;API SN/SP, ILSAC GF-5, 5W-30/0W-20;5.2;W 712/83;нет данных;нет данных;C 27 019;нет данных;нет данных;CU 2882;нет данных;нет данных;Заполнено агентом;нет данных;нет данных;нет данных;нет данных;нет данных;15208-65F0A;16546-3TA0A;27277-3JA0A;нет данных;нет данных;нет данных;нет данных;ROWE HIGHTEC MULTI SYNT DPF 5W-30;20125-0040-99;ROWE HIGHTEC SYNT RSi 5W-40;20001-0040-99;TEBOIL Gold L 5W-30;2459465;TEBOIL Gold L 5W-40;3453956;G-Energy Synthetic Active 5W-30;253142405;G-Energy Synthetic Active 5W-40;253142406;Totachi NIRO LV SP/GF-5 5W-30;1G104;Totachi NIRO Optima PRO 5W-40;1C812
Hyundai;Santa Fe III (DM);2012;2018;2.4 (G4KE);бензин;NGN PROFI A-LINE 5W-30;V272085301;NGN GOLD A-LINE 5W-40;V272085302;API SN, ILSAC GF-5, 5W-30/5W-40;4.8;W 811/80;нет данных;нет данных;C 26 019;нет данных;нет данных;CU 2842;нет данных;нет данных;Заполнено агентом;нет данных;нет данных;нет данных;нет данных;нет данных;26300-3C250;28113-B8000;97133-2W000;нет данных;нет данных;нет данных;нет данных;ROWE HIGHTEC MULTI SYNT DPF 5W-30;20125-0040-99;ROWE HIGHTEC SYNT RSi 5W-40;20001-0040-99;TEBOIL Gold L 5W-30;2459465;TEBOIL Gold L 5W-40;3453956;G-Energy Synthetic Active 5W-30;253142405;G-Energy Synthetic Active 5W-40;253142406;Totachi NIRO LV SP/GF-5 5W-30;1G104;Totachi NIRO Optima PRO 5W-40;1C812
Kia;Cerato III (YD);2012;2018;1.6/2.0 (G4FC/G4NA);бензин;NGN PROFI A-LINE 5W-30;V272085301;NGN GOLD A-LINE 5W-40;V272085302;API SN, ILSAC GF-5, 5W-30/5W-40;3.6;W 811/80;нет данных;нет данных;C 26 022;нет данных;нет данных;CU 24 013;нет данных;нет данных;Заполнено агентом;нет данных;нет данных;нет данных;нет данных;нет данных;26300-35503;28113-A5500;97133-A5000;нет данных;нет данных;нет данных;нет данных;ROWE HIGHTEC MULTI SYNT DPF 5W-30;20125-0040-99;ROWE HIGHTEC SYNT RSi 5W-40;20001-0040-99;TEBOIL Gold L 5W-30;2459465;TEBOIL Gold L 5W-40;3453956;G-Energy Synthetic Active 5W-30;253142405;G-Energy Synthetic Active 5W-40;253142406;Totachi NIRO LV SP/GF-5 5W-30;1G104;Totachi NIRO Optima PRO 5W-40;1C812
Lada (ВАЗ);Granta (2190);2011;2018;1.6 (VAZ 11183/21127);бензин;NGN PROFI A-LINE 5W-30;V272085301;NGN GOLD A-LINE 5W-40;V272085302;API SL/SM/SN, 5W-30/5W-40;3.5;W 914/2;нет данных;нет данных;C 22 117;нет данных;нет данных;CU 26 004;нет данных;нет данных;Заполнено агентом;нет данных;нет данных;нет данных;нет данных;нет данных;2108-1012005;2112-1109080;2110-8122010;нет данных;нет данных;нет данных;нет данных;ROWE HIGHTEC MULTI SYNT DPF 5W-30;20125-0040-99;ROWE HIGHTEC SYNT RSi 5W-40;20001-0040-99;TEBOIL Gold L 5W-30;2459465;TEBOIL Gold L 5W-40;3453956;G-Energy Synthetic Active 5W-30;253142405;G-Energy Synthetic Active 5W-40;253142406;Totachi NIRO LV SP/GF-5 5W-30;1G104;Totachi NIRO Optima PRO 5W-40;1C812
Honda;CR-V IV (RM);2012;2017;2.0 (R20A);бензин;NGN PROFI A-LINE 5W-30;V272085301;NGN GOLD A-LINE 5W-40;V272085302;Honda HTO-06, API SN, 0W-20/5W-30;4.2;W 610/6;нет данных;нет данных;C 29 004;нет данных;нет данных;CU 29 002;нет данных;нет данных;Заполнено агентом;нет данных;нет данных;нет данных;нет данных;нет данных;15400-RTA-003;17220-R5A-A00;80292-T5R-A01;нет данных;нет данных;нет данных;нет данных;ROWE HIGHTEC MULTI SYNT DPF 5W-30;20125-0040-99;ROWE HIGHTEC SYNT RSi 5W-40;20001-0040-99;TEBOIL Gold L 5W-30;2459465;TEBOIL Gold L 5W-40;3453956;G-Energy Synthetic Active 5W-30;253142405;G-Energy Synthetic Active 5W-40;253142406;Totachi NIRO LV SP/GF-5 5W-30;1G104;Totachi NIRO Optima PRO 5W-40;1C812
Kia;Ceed III (CD);2018;2030;1.6 (G4LC MPI);бензин;NGN PROFI A-LINE 5W-30;V272085301;NGN GOLD A-LINE 5W-40;V272085302;API SN/SP, ILSAC GF-5, 5W-30;3.3;W 811/80;нет данных;нет данных;C 26 033;нет данных;нет данных;CU 24 013;нет данных;нет данных;Заполнено агентом;нет данных;нет данных;нет данных;нет данных;нет данных;26300-35504;28113-G3100;97133-G3000;нет данных;нет данных;нет данных;нет данных;ROWE HIGHTEC MULTI SYNT DPF 5W-30;20125-0040-99;ROWE HIGHTEC SYNT RSi 5W-40;20001-0040-99;TEBOIL Gold L 5W-30;2459465;TEBOIL Gold L 5W-40;3453956;G-Energy Synthetic Active 5W-30;253142405;G-Energy Synthetic Active 5W-40;253142406;Totachi NIRO LV SP/GF-5 5W-30;1G104;Totachi NIRO Optima PRO 5W-40;1C812
Hyundai;Tucson IV (NX4);2021;2030;2.0 (G4NL);бензин;NGN PROFI A-LINE 5W-30;V272085301;NGN GOLD A-LINE 5W-40;V272085302;API SN/SP, ILSAC GF-5, 5W-30;4.8;HU 7027 z;нет данных;нет данных;C 26 033;нет данных;нет данных;CU 24 013;нет данных;нет данных;Заполнено агентом;нет данных;нет данных;нет данных;нет данных;нет данных;26300-3CAA0;28113-N9100;97133-N9000;нет данных;нет данных;нет данных;нет данных;ROWE HIGHTEC MULTI SYNT DPF 5W-30;20125-0040-99;ROWE HIGHTEC SYNT RSi 5W-40;20001-0040-99;TEBOIL Gold L 5W-30;2459465;TEBOIL Gold L 5W-40;3453956;G-Energy Synthetic Active 5W-30;253142405;G-Energy Synthetic Active 5W-40;253142406;Totachi NIRO LV SP/GF-5 5W-30;1G104;Totachi NIRO Optima PRO 5W-40;1C812
Toyota;Hilux VIII (AN120);2015;2030;2.7 (2TR-FE);бензин;NGN PROFI A-LINE 5W-30;V272085301;NGN GOLD A-LINE 5W-40;V272085302;API SN/SP, ILSAC GF-5, 5W-30;5.5;W 712/83;нет данных;нет данных;C 3236/3;нет данных;нет данных;CU 2959;нет данных;нет данных;Заполнено агентом;нет данных;нет данных;нет данных;нет данных;нет данных;90915-YZZD4;17801-0C010;87139-0N010;нет данных;нет данных;нет данных;нет данных;ROWE HIGHTEC MULTI SYNT DPF 5W-30;20125-0040-99;ROWE HIGHTEC SYNT RSi 5W-40;20001-0040-99;TEBOIL Gold L 5W-30;2459465;TEBOIL Gold L 5W-40;3453956;G-Energy Synthetic Active 5W-30;253142405;G-Energy Synthetic Active 5W-40;253142406;Totachi NIRO LV SP/GF-5 5W-30;1G104;Totachi NIRO Optima PRO 5W-40;1C812
Volkswagen;Polo IV (9N);2001;2009;1.4/1.6 (BBY/BGU);бензин;NGN PROFI A-LINE 5W-30;V272085301;NGN GOLD A-LINE 5W-40;V272085302;VW 502.00, API SL/SM, 5W-40;3.5;W 712/95;нет данных;нет данных;C 2633;нет данных;нет данных;CU 2939;нет данных;нет данных;Заполнено агентом;нет данных;нет данных;нет данных;нет данных;нет данных;03C115561H;6Q0129620;6Q0819653;нет данных;нет данных;нет данных;нет данных;ROWE HIGHTEC MULTI SYNT DPF 5W-30;20125-0040-99;ROWE HIGHTEC SYNT RSi 5W-40;20001-0040-99;TEBOIL Gold L 5W-30;2459465;TEBOIL Gold L 5W-40;3453956;G-Energy Synthetic Active 5W-30;253142405;G-Energy Synthetic Active 5W-40;253142406;Totachi NIRO LV SP/GF-5 5W-30;1G104;Totachi NIRO Optima PRO 5W-40;1C812
Chery;Arrizo 5;2015;2023;1.5T (SQRE4T15B);бензин;NGN PROFI A-LINE 5W-30;V272085301;NGN GOLD A-LINE 5W-40;V272085302;API SN/SP, 5W-30/5W-40;4.0;W 712/83;нет данных;нет данных;нет данных;нет данных;нет данных;нет данных;нет данных;нет данных;Заполнено агентом;нет данных;нет данных;нет данных;нет данных;нет данных;4801012010;A11-1109111;A11-8107023;нет данных;нет данных;нет данных;нет данных;ROWE HIGHTEC MULTI SYNT DPF 5W-30;20125-0040-99;ROWE HIGHTEC SYNT RSi 5W-40;20001-0040-99;TEBOIL Gold L 5W-30;2459465;TEBOIL Gold L 5W-40;3453956;G-Energy Synthetic Active 5W-30;253142405;G-Energy Synthetic Active 5W-40;253142406;Totachi NIRO LV SP/GF-5 5W-30;1G104;Totachi NIRO Optima PRO 5W-40;1C812
Kia;Sportage II (KM);2004;2010;2.0 (G4GC);бензин;NGN PROFI A-LINE 5W-30;V272085301;NGN GOLD A-LINE 5W-40;V272085302;API SL/SM, ILSAC GF-3/GF-4, 5W-30/5W-40;4.2;W 811/80;нет данных;нет данных;C 26 005;нет данных;нет данных;CU 21 008;нет данных;нет данных;Заполнено агентом;нет данных;нет данных;нет данных;нет данных;нет данных;26300-35500;28113-1F100;97133-2E210;нет данных;нет данных;нет данных;нет данных;ROWE HIGHTEC MULTI SYNT DPF 5W-30;20125-0040-99;ROWE HIGHTEC SYNT RSi 5W-40;20001-0040-99;TEBOIL Gold L 5W-30;2459465;TEBOIL Gold L 5W-40;3453956;G-Energy Synthetic Active 5W-30;253142405;G-Energy Synthetic Active 5W-40;253142406;Totachi NIRO LV SP/GF-5 5W-30;1G104;Totachi NIRO Optima PRO 5W-40;1C812
Lada (ВАЗ);Kalina 2 Cross (2194);2014;2019;1.6 (VAZ 21127);бензин;NGN PROFI A-LINE 5W-30;V272085301;NGN GOLD A-LINE 5W-40;V272085302;API SL/SM/SN, 5W-30/5W-40;3.5;W 914/2;нет данных;нет данных;C 22 117;нет данных;нет данных;CU 26 004;нет данных;нет данных;Заполнено агентом;нет данных;нет данных;нет данных;нет данных;нет данных;2108-1012005;2112-1109080;2110-8122010;нет данных;нет данных;нет данных;нет данных;ROWE HIGHTEC MULTI SYNT DPF 5W-30;20125-0040-99;ROWE HIGHTEC SYNT RSi 5W-40;20001-0040-99;TEBOIL Gold L 5W-30;2459465;TEBOIL Gold L 5W-40;3453956;G-Energy Synthetic Active 5W-30;253142405;G-Energy Synthetic Active 5W-40;253142406;Totachi NIRO LV SP/GF-5 5W-30;1G104;Totachi NIRO Optima PRO 5W-40;1C812
Skoda;Octavia III (A7);2013;2020;1.6 MPI (CWVA);бензин;NGN PROFI A-LINE 5W-30;V272085301;NGN GOLD A-LINE 5W-40;V272085302;VW 502.00, API SN/SP, 5W-40;3.6;W 712/95;нет данных;нет данных;C 26 020;нет данных;нет данных;CU 2939;нет данных;нет данных;Заполнено агентом;нет данных;нет данных;нет данных;нет данных;нет данных;04E115561H;5Q0129620;5Q0819653;нет данных;нет данных;нет данных;нет данных;ROWE HIGHTEC MULTI SYNT DPF 5W-30;20125-0040-99;ROWE HIGHTEC SYNT RSi 5W-40;20001-0040-99;TEBOIL Gold L 5W-30;2459465;TEBOIL Gold L 5W-40;3453956;G-Energy Synthetic Active 5W-30;253142405;G-Energy Synthetic Active 5W-40;253142406;Totachi NIRO LV SP/GF-5 5W-30;1G104;Totachi NIRO Optima PRO 5W-40;1C812
Volkswagen;Golf VI/VII;2008;2020;1.6 MPI (CCSA/CWVA);бензин;NGN PROFI A-LINE 5W-30;V272085301;NGN GOLD A-LINE 5W-40;V272085302;VW 502.00, API SN, 5W-40;3.6;W 712/95;нет данных;нет данных;C 26 020;нет данных;нет данных;CU 2939;нет данных;нет данных;Заполнено агентом;нет данных;нет данных;нет данных;нет данных;нет данных;04E115561H;6Q0129620;5K0819653;нет данных;нет данных;нет данных;нет данных;ROWE HIGHTEC MULTI SYNT DPF 5W-30;20125-0040-99;ROWE HIGHTEC SYNT RSi 5W-40;20001-0040-99;TEBOIL Gold L 5W-30;2459465;TEBOIL Gold L 5W-40;3453956;G-Energy Synthetic Active 5W-30;253142405;G-Energy Synthetic Active 5W-40;253142406;Totachi NIRO LV SP/GF-5 5W-30;1G104;Totachi NIRO Optima PRO 5W-40;1C812
Renault;Megane III;2008;2016;1.6 (K4M/H4M);бензин;NGN PROFI A-LINE 5W-30;V272085301;NGN GOLD A-LINE 5W-40;V272085302;Renault RN0700/RN0710, API SN, 5W-30/5W-40;4.8;W 6025;нет данных;нет данных;C 2433/1;нет данных;нет данных;CU 22 011;нет данных;нет данных;Заполнено агентом;нет данных;нет данных;нет данных;нет данных;нет данных;7700274177;8200431051;272773016R;нет данных;нет данных;нет данных;нет данных;ROWE HIGHTEC MULTI SYNT DPF 5W-30;20125-0040-99;ROWE HIGHTEC SYNT RSi 5W-40;20001-0040-99;TEBOIL Gold L 5W-30;2459465;TEBOIL Gold L 5W-40;3453956;G-Energy Synthetic Active 5W-30;253142405;G-Energy Synthetic Active 5W-40;253142406;Totachi NIRO LV SP/GF-5 5W-30;1G104;Totachi NIRO Optima PRO 5W-40;1C812
BMW;1 (F20/F21);2011;2019;1.6T (N13B16);бензин;NGN PROFI A-LINE 5W-30;V272085301;NGN GOLD A-LINE 5W-40;V272085302;BMW LL-01, API SN, 5W-30;4.25;HU 711/51 x;нет данных;нет данных;C 40 107;нет данных;нет данных;CU 29 005;нет данных;нет данных;Заполнено агентом;нет данных;нет данных;нет данных;нет данных;нет данных;11428637820;13717582908;64119272646;нет данных;нет данных;нет данных;нет данных;ROWE HIGHTEC MULTI SYNT DPF 5W-30;20125-0040-99;ROWE HIGHTEC SYNT RSi 5W-40;20001-0040-99;TEBOIL Gold L 5W-30;2459465;TEBOIL Gold L 5W-40;3453956;G-Energy Synthetic Active 5W-30;253142405;G-Energy Synthetic Active 5W-40;253142406;Totachi NIRO LV SP/GF-5 5W-30;1G104;Totachi NIRO Optima PRO 5W-40;1C812
Mazda;CX-9 II (TC);2016;2030;2.5T (SKYACTIV);бензин;NGN PROFI A-LINE 5W-30;V272085301;NGN GOLD A-LINE 5W-40;V272085302;API SN/SP, ILSAC GF-5, 0W-20/5W-30;5.1;W 6018;нет данных;нет данных;C 27 019;нет данных;нет данных;CU 20 017;нет данных;нет данных;Заполнено агентом;нет данных;нет данных;нет данных;нет данных;нет данных;PY8W-14-302A;SH01-13-3A0A;TK48-61-J6X;нет данных;нет данных;нет данных;нет данных;ROWE HIGHTEC MULTI SYNT DPF 5W-30;20125-0040-99;ROWE HIGHTEC SYNT RSi 5W-40;20001-0040-99;TEBOIL Gold L 5W-30;2459465;TEBOIL Gold L 5W-40;3453956;G-Energy Synthetic Active 5W-30;253142405;G-Energy Synthetic Active 5W-40;253142406;Totachi NIRO LV SP/GF-5 5W-30;1G104;Totachi NIRO Optima PRO 5W-40;1C812
Hyundai;Palisade (LX2);2018;2030;3.8 V6 (G6DQ);бензин;NGN PROFI A-LINE 5W-30;V272085301;NGN GOLD A-LINE 5W-40;V272085302;API SN/SP, ILSAC GF-5, 5W-30;6.6;HU 7027 z;нет данных;нет данных;C 26 033;нет данных;нет данных;CU 24 013;нет данных;нет данных;Заполнено агентом;нет данных;нет данных;нет данных;нет данных;нет данных;26300-3LTA0;28113-S8100;97133-S8000;нет данных;нет данных;нет данных;нет данных;ROWE HIGHTEC MULTI SYNT DPF 5W-30;20125-0040-99;ROWE HIGHTEC SYNT RSi 5W-40;20001-0040-99;TEBOIL Gold L 5W-30;2459465;TEBOIL Gold L 5W-40;3453956;G-Energy Synthetic Active 5W-30;253142405;G-Energy Synthetic Active 5W-40;253142406;Totachi NIRO LV SP/GF-5 5W-30;1G104;Totachi NIRO Optima PRO 5W-40;1C812
Toyota;Venza I (AV10);2008;2017;2.7 (1AR-FE);бензин;NGN PROFI A-LINE 5W-30;V272085301;NGN GOLD A-LINE 5W-40;V272085302;API SL/SM/SN, ILSAC GF-4/GF-5, 5W-30;5.8;HU 7019 z;нет данных;нет данных;C 27 030;нет данных;нет данных;CU 26 014;нет данных;нет данных;Заполнено агентом;нет данных;нет данных;нет данных;нет данных;нет данных;04152-31090;17801-0V010;87139-0N020;нет данных;нет данных;нет данных;нет данных;ROWE HIGHTEC MULTI SYNT DPF 5W-30;20125-0040-99;ROWE HIGHTEC SYNT RSi 5W-40;20001-0040-99;TEBOIL Gold L 5W-30;2459465;TEBOIL Gold L 5W-40;3453956;G-Energy Synthetic Active 5W-30;253142405;G-Energy Synthetic Active 5W-40;253142406;Totachi NIRO LV SP/GF-5 5W-30;1G104;Totachi NIRO Optima PRO 5W-40;1C812
Nissan;Juke I (F15);2010;2019;1.6 (HR16DE);бензин;NGN PROFI A-LINE 5W-30;V272085301;NGN GOLD A-LINE 5W-40;V272085302;API SM/SN, ILSAC GF-4/GF-5, 5W-30;4.3;W 67/1;нет данных;нет данных;C 24 005;нет данных;нет данных;CU 1936;нет данных;нет данных;Заполнено агентом;нет данных;нет данных;нет данных;нет данных;нет данных;15208-65F0A;16546-ED500;27277-EN000;нет данных;нет данных;нет данных;нет данных;ROWE HIGHTEC MULTI SYNT DPF 5W-30;20125-0040-99;ROWE HIGHTEC SYNT RSi 5W-40;20001-0040-99;TEBOIL Gold L 5W-30;2459465;TEBOIL Gold L 5W-40;3453956;G-Energy Synthetic Active 5W-30;253142405;G-Energy Synthetic Active 5W-40;253142406;Totachi NIRO LV SP/GF-5 5W-30;1G104;Totachi NIRO Optima PRO 5W-40;1C812
Hyundai;Elantra VI (AD);2016;2020;1.6 (G4FG);бензин;NGN PROFI A-LINE 5W-30;V272085301;NGN GOLD A-LINE 5W-40;V272085302;API SN/SP, ILSAC GF-5, 5W-30;3.6;W 811/80;нет данных;нет данных;C 26 033;нет данных;нет данных;CU 24 013;нет данных;нет данных;Заполнено агентом;нет данных;нет данных;нет данных;нет данных;нет данных;26300-35504;28113-F2100;97133-F2000;нет данных;нет данных;нет данных;нет данных;ROWE HIGHTEC MULTI SYNT DPF 5W-30;20125-0040-99;ROWE HIGHTEC SYNT RSi 5W-40;20001-0040-99;TEBOIL Gold L 5W-30;2459465;TEBOIL Gold L 5W-40;3453956;G-Energy Synthetic Active 5W-30;253142405;G-Energy Synthetic Active 5W-40;253142406;Totachi NIRO LV SP/GF-5 5W-30;1G104;Totachi NIRO Optima PRO 5W-40;1C812
Audi;Q5 I (8R);2008;2017;2.0 TFSI (CDNB/CNCD);бензин;NGN PROFI A-LINE 5W-30;V272085301;NGN GOLD A-LINE 5W-40;V272085302;VW 502.00/504.00, ACEA A3/B4, 5W-30;4.5;W 712/94;нет данных;нет данных;C 35 154;нет данных;нет данных;CU 2442;нет данных;нет данных;Заполнено агентом;нет данных;нет данных;нет данных;нет данных;нет данных;06H115561;8K0133843;8K0819439A;нет данных;нет данных;нет данных;нет данных;ROWE HIGHTEC MULTI SYNT DPF 5W-30;20125-0040-99;ROWE HIGHTEC SYNT RSi 5W-40;20001-0040-99;TEBOIL Gold L 5W-30;2459465;TEBOIL Gold L 5W-40;3453956;G-Energy Synthetic Active 5W-30;253142405;G-Energy Synthetic Active 5W-40;253142406;Totachi NIRO LV SP/GF-5 5W-30;1G104;Totachi NIRO Optima PRO 5W-40;1C812
Lada (ВАЗ);Priora 2172 (универсал);2008;2018;1.6 (VAZ 21126/21127);бензин;NGN PROFI A-LINE 5W-30;V272085301;NGN GOLD A-LINE 5W-40;V272085302;API SL/SM/SN, 5W-30/5W-40;3.5;W 914/2;нет данных;нет данных;C 28 136/1;нет данных;нет данных;CU 21 006;нет данных;нет данных;Заполнено агентом;нет данных;нет данных;нет данных;нет данных;нет данных;2108-1012005;2112-1109080;21110-8122020-00;нет данных;нет данных;нет данных;нет данных;ROWE HIGHTEC MULTI SYNT DPF 5W-30;20125-0040-99;ROWE HIGHTEC SYNT RSi 5W-40;20001-0040-99;TEBOIL Gold L 5W-30;2459465;TEBOIL Gold L 5W-40;3453956;G-Energy Synthetic Active 5W-30;253142405;G-Energy Synthetic Active 5W-40;253142406;Totachi NIRO LV SP/GF-5 5W-30;1G104;Totachi NIRO Optima PRO 5W-40;1C812
ГАЗ;Газель Next / Бизнес;2010;2030;2.7 (UMZ-A274/EvoTech);бензин;NGN PROFI A-LINE 5W-30;V272085301;NGN GOLD A-LINE 5W-40;V272085302;API SL/SM/SN, 5W-30/5W-40/10W-40;5.6;W 914/2;нет данных;нет данных;нет данных;нет данных;нет данных;нет данных;нет данных;нет данных;Заполнено агентом;нет данных;нет данных;нет данных;нет данных;нет данных;2108-1012005;4026.1109080;нет данных;нет данных;нет данных;нет данных;нет данных;ROWE HIGHTEC MULTI SYNT DPF 5W-30;20125-0040-99;ROWE HIGHTEC SYNT RSi 5W-40;20001-0040-99;TEBOIL Gold L 5W-30;2459465;TEBOIL Gold L 5W-40;3453956;G-Energy Synthetic Active 5W-30;253142405;G-Energy Synthetic Active 5W-40;253142406;Totachi NIRO LV SP/GF-5 5W-30;1G104;Totachi NIRO Optima PRO 5W-40;1C812
Ford;EcoSport II;2013;2020;1.0 EcoBoost / 1.6 Ti-VCT;бензин;NGN PROFI A-LINE 5W-30;V272085301;NGN GOLD A-LINE 5W-40;V272085302;Ford WSS-M2C913-D, ACEA A5/B5, 5W-30;2.7;W 7008;нет данных;нет данных;C 28 122;нет данных;нет данных;CU 2440;нет данных;нет данных;Заполнено агентом;нет данных;нет данных;нет данных;нет данных;нет данных;1883037;1232496;1354953;нет данных;нет данных;нет данных;нет данных;ROWE HIGHTEC MULTI SYNT DPF 5W-30;20125-0040-99;ROWE HIGHTEC SYNT RSi 5W-40;20001-0040-99;TEBOIL Gold L 5W-30;2459465;TEBOIL Gold L 5W-40;3453956;G-Energy Synthetic Active 5W-30;253142405;G-Energy Synthetic Active 5W-40;253142406;Totachi NIRO LV SP/GF-5 5W-30;1G104;Totachi NIRO Optima PRO 5W-40;1C812
Toyota;Highlander III (U50);2013;2019;3.5 V6 (2GR-FE);бензин;NGN PROFI A-LINE 5W-30;V272085301;NGN GOLD A-LINE 5W-40;V272085302;API SN/SP, ILSAC GF-5, 0W-20/5W-30;6.4;HU 7019 z;нет данных;нет данных;C 27 030;нет данных;нет данных;CU 26 014;нет данных;нет данных;Заполнено агентом;нет данных;нет данных;нет данных;нет данных;нет данных;90915-10009;17801-0P030;87139-0N020;нет данных;нет данных;нет данных;нет данных;ROWE HIGHTEC MULTI SYNT DPF 5W-30;20125-0040-99;ROWE HIGHTEC SYNT RSi 5W-40;20001-0040-99;TEBOIL Gold L 5W-30;2459465;TEBOIL Gold L 5W-40;3453956;G-Energy Synthetic Active 5W-30;253142405;G-Energy Synthetic Active 5W-40;253142406;Totachi NIRO LV SP/GF-5 5W-30;1G104;Totachi NIRO Optima PRO 5W-40;1C812
Hyundai;Accent III (MC);2005;2011;1.4/1.6 (G4EE/G4ED);бензин;NGN PROFI A-LINE 5W-30;V272085301;NGN GOLD A-LINE 5W-40;V272085302;API SL/SM, ILSAC GF-3/GF-4, 5W-30/5W-40;3.5;W 811/80;нет данных;нет данных;C 24 004;нет данных;нет данных;CU 21 008;нет данных;нет данных;Заполнено агентом;нет данных;нет данных;нет данных;нет данных;нет данных;26300-35500;28113-1E100;97133-1E000;нет данных;нет данных;нет данных;нет данных;ROWE HIGHTEC MULTI SYNT DPF 5W-30;20125-0040-99;ROWE HIGHTEC SYNT RSi 5W-40;20001-0040-99;TEBOIL Gold L 5W-30;2459465;TEBOIL Gold L 5W-40;3453956;G-Energy Synthetic Active 5W-30;253142405;G-Energy Synthetic Active 5W-40;253142406;Totachi NIRO LV SP/GF-5 5W-30;1G104;Totachi NIRO Optima PRO 5W-40;1C812
Mercedes-Benz;C-класс (W204);2007;2014;1.8/2.0 (M271 CGI);бензин;NGN PROFI A-LINE 5W-30;V272085301;NGN GOLD A-LINE 5W-40;V272085302;MB 229.5, API SN, 5W-40;6.5;HU 514 y;нет данных;нет данных;C 2362;нет данных;нет данных;CUK 26 000;нет данных;нет данных;Заполнено агентом;нет данных;нет данных;нет данных;нет данных;нет данных;A2711800009;A2710940004;A2038300318;нет данных;нет данных;нет данных;нет данных;ROWE HIGHTEC MULTI SYNT DPF 5W-30;20125-0040-99;ROWE HIGHTEC SYNT RSi 5W-40;20001-0040-99;TEBOIL Gold L 5W-30;2459465;TEBOIL Gold L 5W-40;3453956;G-Energy Synthetic Active 5W-30;253142405;G-Energy Synthetic Active 5W-40;253142406;Totachi NIRO LV SP/GF-5 5W-30;1G104;Totachi NIRO Optima PRO 5W-40;1C812
Toyota;Camry VII (XV40);2006;2011;2.4 (2AZ-FE);бензин;NGN PROFI A-LINE 5W-30;V272085301;NGN GOLD A-LINE 5W-40;V272085302;API SM/SN, ILSAC GF-4/GF-5, 5W-30;4.4;W 712/83;нет данных;нет данных;C 27 006;нет данных;нет данных;CU 1919;нет данных;нет данных;Заполнено агентом;нет данных;нет данных;нет данных;нет данных;нет данных;90915-YZZE2;17801-0H010;87139-02020;нет данных;нет данных;нет данных;нет данных;ROWE HIGHTEC MULTI SYNT DPF 5W-30;20125-0040-99;ROWE HIGHTEC SYNT RSi 5W-40;20001-0040-99;TEBOIL Gold L 5W-30;2459465;TEBOIL Gold L 5W-40;3453956;G-Energy Synthetic Active 5W-30;253142405;G-Energy Synthetic Active 5W-40;253142406;Totachi NIRO LV SP/GF-5 5W-30;1G104;Totachi NIRO Optima PRO 5W-40;1C812
Toyota;Camry VII (XV40);2006;2011;3.5 V6 (2GR-FE);бензин;NGN PROFI A-LINE 5W-30;V272085301;NGN GOLD A-LINE 5W-40;V272085302;API SM/SN, ILSAC GF-4/GF-5, 5W-30;6.4;HU 7019 z;нет данных;нет данных;C 27 006;нет данных;нет данных;CU 1919;нет данных;нет данных;Заполнено агентом;нет данных;нет данных;нет данных;нет данных;нет данных;90915-10009;17801-0H010;87139-02020;нет данных;нет данных;нет данных;нет данных;ROWE HIGHTEC MULTI SYNT DPF 5W-30;20125-0040-99;ROWE HIGHTEC SYNT RSi 5W-40;20001-0040-99;TEBOIL Gold L 5W-30;2459465;TEBOIL Gold L 5W-40;3453956;G-Energy Synthetic Active 5W-30;253142405;G-Energy Synthetic Active 5W-40;253142406;Totachi NIRO LV SP/GF-5 5W-30;1G104;Totachi NIRO Optima PRO 5W-40;1C812
Kia;Sorento III (UM);2014;2020;2.4 GDI (G4KE);бензин;NGN PROFI A-LINE 5W-30;V272085301;NGN GOLD A-LINE 5W-40;V272085302;API SN/SP, ILSAC GF-5, 5W-30;5.1;HU 7027 z;нет данных;нет данных;C 26 033;нет данных;нет данных;CU 24 013;нет данных;нет данных;Заполнено агентом;нет данных;нет данных;нет данных;нет данных;нет данных;26300-3CAA0;28113-C5300;97133-C5000;нет данных;нет данных;нет данных;нет данных;ROWE HIGHTEC MULTI SYNT DPF 5W-30;20125-0040-99;ROWE HIGHTEC SYNT RSi 5W-40;20001-0040-99;TEBOIL Gold L 5W-30;2459465;TEBOIL Gold L 5W-40;3453956;G-Energy Synthetic Active 5W-30;253142405;G-Energy Synthetic Active 5W-40;253142406;Totachi NIRO LV SP/GF-5 5W-30;1G104;Totachi NIRO Optima PRO 5W-40;1C812
Hyundai;Accent IV (RB);2010;2017;1.4 (G4FA);бензин;NGN PROFI A-LINE 5W-30;V272085301;NGN GOLD A-LINE 5W-40;V272085302;API SM/SN, ILSAC GF-4/GF-5, 5W-30;3.3;W 811/80;нет данных;нет данных;C 26 033;нет данных;нет данных;CU 21 008;нет данных;нет данных;Заполнено агентом;нет данных;нет данных;нет данных;нет данных;нет данных;26300-35503;28113-1R100;97133-1R000;нет данных;нет данных;нет данных;нет данных;ROWE HIGHTEC MULTI SYNT DPF 5W-30;20125-0040-99;ROWE HIGHTEC SYNT RSi 5W-40;20001-0040-99;TEBOIL Gold L 5W-30;2459465;TEBOIL Gold L 5W-40;3453956;G-Energy Synthetic Active 5W-30;253142405;G-Energy Synthetic Active 5W-40;253142406;Totachi NIRO LV SP/GF-5 5W-30;1G104;Totachi NIRO Optima PRO 5W-40;1C812
Ford;Mondeo IV;2007;2014;2.0 (AOBA/AODB);бензин;NGN PROFI A-LINE 5W-30;V272085301;NGN GOLD A-LINE 5W-40;V272085302;Ford WSS-M2C913-C, ACEA A5/B5, 5W-30;4.5;W 7008;нет данных;нет данных;C 2440;нет данных;нет данных;CU 2440;нет данных;нет данных;Заполнено агентом;нет данных;нет данных;нет данных;нет данных;нет данных;1340389;1327340;1406301;нет данных;нет данных;нет данных;нет данных;ROWE HIGHTEC MULTI SYNT DPF 5W-30;20125-0040-99;ROWE HIGHTEC SYNT RSi 5W-40;20001-0040-99;TEBOIL Gold L 5W-30;2459465;TEBOIL Gold L 5W-40;3453956;G-Energy Synthetic Active 5W-30;253142405;G-Energy Synthetic Active 5W-40;253142406;Totachi NIRO LV SP/GF-5 5W-30;1G104;Totachi NIRO Optima PRO 5W-40;1C812
Opel;Insignia A;2008;2017;2.0T (A20NHT);бензин;NGN PROFI A-LINE 5W-30;V272085301;NGN GOLD A-LINE 5W-40;V272085302;GM Dexos2, ACEA C3, 5W-30;5.5;HU 612/2 x;нет данных;нет данных;C 3236;нет данных;нет данных;CUK 2233;нет данных;нет данных;Заполнено агентом;нет данных;нет данных;нет данных;нет данных;нет данных;55562900;13227649;13271190;нет данных;нет данных;нет данных;нет данных;ROWE HIGHTEC MULTI SYNT DPF 5W-30;20125-0040-99;ROWE HIGHTEC SYNT RSi 5W-40;20001-0040-99;TEBOIL Gold L 5W-30;2459465;TEBOIL Gold L 5W-40;3453956;G-Energy Synthetic Active 5W-30;253142405;G-Energy Synthetic Active 5W-40;253142406;Totachi NIRO LV SP/GF-5 5W-30;1G104;Totachi NIRO Optima PRO 5W-40;1C812
Renault;Fluence (L30);2009;2017;1.6 (K4M/H4M);бензин;NGN PROFI A-LINE 5W-30;V272085301;NGN GOLD A-LINE 5W-40;V272085302;Renault RN0700/RN0710, API SN, 5W-30/5W-40;4.5;W 6025;нет данных;нет данных;C 2433/1;нет данных;нет данных;CU 22 011;нет данных;нет данных;Заполнено агентом;нет данных;нет данных;нет данных;нет данных;нет данных;7700274177;8200431051;272773016R;нет данных;нет данных;нет данных;нет данных;ROWE HIGHTEC MULTI SYNT DPF 5W-30;20125-0040-99;ROWE HIGHTEC SYNT RSi 5W-40;20001-0040-99;TEBOIL Gold L 5W-30;2459465;TEBOIL Gold L 5W-40;3453956;G-Energy Synthetic Active 5W-30;253142405;G-Energy Synthetic Active 5W-40;253142406;Totachi NIRO LV SP/GF-5 5W-30;1G104;Totachi NIRO Optima PRO 5W-40;1C812
Hyundai;Sonata VII (LF);2014;2019;2.0 (G4NC);бензин;NGN PROFI A-LINE 5W-30;V272085301;NGN GOLD A-LINE 5W-40;V272085302;API SN/SP, ILSAC GF-5, 5W-30;4.8;HU 7027 z;нет данных;нет данных;C 26 033;нет данных;нет данных;CU 24 013;нет данных;нет данных;Заполнено агентом;нет данных;нет данных;нет данных;нет данных;нет данных;26300-3CAA0;28113-C1000;97133-C1000;нет данных;нет данных;нет данных;нет данных;ROWE HIGHTEC MULTI SYNT DPF 5W-30;20125-0040-99;ROWE HIGHTEC SYNT RSi 5W-40;20001-0040-99;TEBOIL Gold L 5W-30;2459465;TEBOIL Gold L 5W-40;3453956;G-Energy Synthetic Active 5W-30;253142405;G-Energy Synthetic Active 5W-40;253142406;Totachi NIRO LV SP/GF-5 5W-30;1G104;Totachi NIRO Optima PRO 5W-40;1C812
Lada (ВАЗ);Vesta 1.8;2018;2030;1.8 (VAZ 21179);бензин;NGN PROFI A-LINE 5W-30;V272085301;NGN GOLD A-LINE 5W-40;V272085302;API SL/SM/SN, 5W-30/5W-40;4.4;W 914/2;нет данных;нет данных;C 27 030;нет данных;нет данных;CU 22 011;нет данных;нет данных;Заполнено агентом;нет данных;нет данных;нет данных;нет данных;нет данных;2108-1012005;165460509R;272773016R;нет данных;нет данных;нет данных;нет данных;ROWE HIGHTEC MULTI SYNT DPF 5W-30;20125-0040-99;ROWE HIGHTEC SYNT RSi 5W-40;20001-0040-99;TEBOIL Gold L 5W-30;2459465;TEBOIL Gold L 5W-40;3453956;G-Energy Synthetic Active 5W-30;253142405;G-Energy Synthetic Active 5W-40;253142406;Totachi NIRO LV SP/GF-5 5W-30;1G104;Totachi NIRO Optima PRO 5W-40;1C812
BMW;X3 (F25);2010;2017;2.0T (N20B20);бензин;NGN PROFI A-LINE 5W-30;V272085301;NGN GOLD A-LINE 5W-40;V272085302;BMW LL-01, API SN, 5W-30;4.75;HU 711/51 x;нет данных;нет данных;C 40 107;нет данных;нет данных;CU 29 005;нет данных;нет данных;Заполнено агентом;нет данных;нет данных;нет данных;нет данных;нет данных;11428637820;13717582908;64119272646;нет данных;нет данных;нет данных;нет данных;ROWE HIGHTEC MULTI SYNT DPF 5W-30;20125-0040-99;ROWE HIGHTEC SYNT RSi 5W-40;20001-0040-99;TEBOIL Gold L 5W-30;2459465;TEBOIL Gold L 5W-40;3453956;G-Energy Synthetic Active 5W-30;253142405;G-Energy Synthetic Active 5W-40;253142406;Totachi NIRO LV SP/GF-5 5W-30;1G104;Totachi NIRO Optima PRO 5W-40;1C812
Mitsubishi;Eclipse Cross (GK);2017;2030;1.5T (4B40);бензин;NGN PROFI A-LINE 5W-30;V272085301;NGN GOLD A-LINE 5W-40;V272085302;API SN/SP, 5W-30;3.5;W 610/3;нет данных;нет данных;C 27 003/1;нет данных;нет данных;CU 24 006;нет данных;нет данных;Заполнено агентом;нет данных;нет данных;нет данных;нет данных;нет данных;MN980159;1500B095;7803A183;нет данных;нет данных;нет данных;нет данных;ROWE HIGHTEC MULTI SYNT DPF 5W-30;20125-0040-99;ROWE HIGHTEC SYNT RSi 5W-40;20001-0040-99;TEBOIL Gold L 5W-30;2459465;TEBOIL Gold L 5W-40;3453956;G-Energy Synthetic Active 5W-30;253142405;G-Energy Synthetic Active 5W-40;253142406;Totachi NIRO LV SP/GF-5 5W-30;1G104;Totachi NIRO Optima PRO 5W-40;1C812
Skoda;Superb III (3V);2015;2030;1.4 TSI (CZCA/CZEA);бензин;NGN PROFI A-LINE 5W-30;V272085301;NGN GOLD A-LINE 5W-40;V272085302;VW 502.00/504.00, API SN/SP, 5W-30;4.0;W 712/95;нет данных;нет данных;C 27 009;нет данных;нет данных;CUK 26 009;нет данных;нет данных;Заполнено агентом;нет данных;нет данных;нет данных;нет данных;нет данных;04E115561H;5Q0129620;3Q0819653;нет данных;нет данных;нет данных;нет данных;ROWE HIGHTEC MULTI SYNT DPF 5W-30;20125-0040-99;ROWE HIGHTEC SYNT RSi 5W-40;20001-0040-99;TEBOIL Gold L 5W-30;2459465;TEBOIL Gold L 5W-40;3453956;G-Energy Synthetic Active 5W-30;253142405;G-Energy Synthetic Active 5W-40;253142406;Totachi NIRO LV SP/GF-5 5W-30;1G104;Totachi NIRO Optima PRO 5W-40;1C812
Skoda;Superb III (3V);2015;2030;2.0 TSI (CHHB/CJXA/DKZA);бензин;NGN PROFI A-LINE 5W-30;V272085301;NGN GOLD A-LINE 5W-40;V272085302;VW 502.00/504.00, API SN/SP, 5W-30;5.7;HU 711/51 x;нет данных;нет данных;C 30 005;нет данных;нет данных;CUK 26 009;нет данных;нет данных;Заполнено агентом;нет данных;нет данных;нет данных;нет данных;нет данных;06K115561B;5Q0129620D;3Q0819653;нет данных;нет данных;нет данных;нет данных;ROWE HIGHTEC MULTI SYNT DPF 5W-30;20125-0040-99;ROWE HIGHTEC SYNT RSi 5W-40;20001-0040-99;TEBOIL Gold L 5W-30;2459465;TEBOIL Gold L 5W-40;3453956;G-Energy Synthetic Active 5W-30;253142405;G-Energy Synthetic Active 5W-40;253142406;Totachi NIRO LV SP/GF-5 5W-30;1G104;Totachi NIRO Optima PRO 5W-40;1C812
Peugeot;308 II (T9);2013;2021;1.6 (EB2/EP6);бензин;NGN PROFI A-LINE 5W-30;V272085301;NGN GOLD A-LINE 5W-40;V272085302;PSA B71 2290, ACEA A5/B5, 5W-30;3.5;W 6010;нет данных;нет данных;C 30 019;нет данных;нет данных;CU 29 013;нет данных;нет данных;Заполнено агентом;нет данных;нет данных;нет данных;нет данных;нет данных;1109Y4;1444TX;6447XH;нет данных;нет данных;нет данных;нет данных;ROWE HIGHTEC MULTI SYNT DPF 5W-30;20125-0040-99;ROWE HIGHTEC SYNT RSi 5W-40;20001-0040-99;TEBOIL Gold L 5W-30;2459465;TEBOIL Gold L 5W-40;3453956;G-Energy Synthetic Active 5W-30;253142405;G-Energy Synthetic Active 5W-40;253142406;Totachi NIRO LV SP/GF-5 5W-30;1G104;Totachi NIRO Optima PRO 5W-40;1C812
Changan;CS75;2014;2025;1.5T/2.0 (JL4G15/JL4G20);бензин;NGN PROFI A-LINE 5W-30;V272085301;NGN GOLD A-LINE 5W-40;V272085302;API SN/SP, 5W-30/5W-40;4.3;нет данных;нет данных;нет данных;нет данных;нет данных;нет данных;нет данных;нет данных;нет данных;Заполнено агентом;нет данных;нет данных;нет данных;нет данных;нет данных;S101307500CA;S101070010CA;S101620010CA;нет данных;нет данных;нет данных;нет данных;ROWE HIGHTEC MULTI SYNT DPF 5W-30;20125-0040-99;ROWE HIGHTEC SYNT RSi 5W-40;20001-0040-99;TEBOIL Gold L 5W-30;2459465;TEBOIL Gold L 5W-40;3453956;G-Energy Synthetic Active 5W-30;253142405;G-Energy Synthetic Active 5W-40;253142406;Totachi NIRO LV SP/GF-5 5W-30;1G104;Totachi NIRO Optima PRO 5W-40;1C812
Hyundai;ix35 (LM);2010;2015;2.0 (G4NA);бензин;NGN PROFI A-LINE 5W-30;V272085301;NGN GOLD A-LINE 5W-40;V272085302;API SM/SN, ILSAC GF-4/GF-5, 5W-30;5.0;W 811/80;нет данных;нет данных;C 26 022;нет данных;нет данных;CU 24 013;нет данных;нет данных;Заполнено агентом;нет данных;нет данных;нет данных;нет данных;нет данных;26300-35503;28113-2S000;97133-2Y000;нет данных;нет данных;нет данных;нет данных;ROWE HIGHTEC MULTI SYNT DPF 5W-30;20125-0040-99;ROWE HIGHTEC SYNT RSi 5W-40;20001-0040-99;TEBOIL Gold L 5W-30;2459465;TEBOIL Gold L 5W-40;3453956;G-Energy Synthetic Active 5W-30;253142405;G-Energy Synthetic Active 5W-40;253142406;Totachi NIRO LV SP/GF-5 5W-30;1G104;Totachi NIRO Optima PRO 5W-40;1C812
Volkswagen;Touareg I (7L);2002;2010;3.2/3.6 V6 (BMX/BHK);бензин;NGN PROFI A-LINE 5W-30;V272085301;NGN GOLD A-LINE 5W-40;V272085302;VW 502.00/504.00, ACEA A3/B4, 5W-30/5W-40;7.5;HU 715/5 x;нет данных;нет данных;C 3698;нет данных;нет данных;CU 2939;нет данных;нет данных;Заполнено агентом;нет данных;нет данных;нет данных;нет данных;нет данных;022115561J;7L6129620;7L0819631;нет данных;нет данных;нет данных;нет данных;ROWE HIGHTEC MULTI SYNT DPF 5W-30;20125-0040-99;ROWE HIGHTEC SYNT RSi 5W-40;20001-0040-99;TEBOIL Gold L 5W-30;2459465;TEBOIL Gold L 5W-40;3453956;G-Energy Synthetic Active 5W-30;253142405;G-Energy Synthetic Active 5W-40;253142406;Totachi NIRO LV SP/GF-5 5W-30;1G104;Totachi NIRO Optima PRO 5W-40;1C812
Lifan;X60;2011;2019;1.8 (LFB479Q);бензин;NGN PROFI A-LINE 5W-30;V272085301;NGN GOLD A-LINE 5W-40;V272085302;API SJ/SL/SM/SN, 5W-30/5W-40;3.8;W 610/3;нет данных;нет данных;нет данных;нет данных;нет данных;нет данных;нет данных;нет данных;Заполнено агентом;нет данных;нет данных;нет данных;нет данных;нет данных;LBA1012010A2;LBA1109100A1;S8107200;нет данных;нет данных;нет данных;нет данных;ROWE HIGHTEC MULTI SYNT DPF 5W-30;20125-0040-99;ROWE HIGHTEC SYNT RSi 5W-40;20001-0040-99;TEBOIL Gold L 5W-30;2459465;TEBOIL Gold L 5W-40;3453956;G-Energy Synthetic Active 5W-30;253142405;G-Energy Synthetic Active 5W-40;253142406;Totachi NIRO LV SP/GF-5 5W-30;1G104;Totachi NIRO Optima PRO 5W-40;1C812
Lexus;RX IV (AL20);2015;2022;3.5 V6 (2GR-FKS);бензин;NGN PROFI A-LINE 5W-30;V272085301;NGN GOLD A-LINE 5W-40;V272085302;API SN/SP, ILSAC GF-5, 0W-20;6.4;HU 7019 z;нет данных;нет данных;C 22 039;нет данных;нет данных;CU 26 014;нет данных;нет данных;Заполнено агентом;нет данных;нет данных;нет данных;нет данных;нет данных;90915-10010;17801-F0010;87139-0N020;нет данных;нет данных;нет данных;нет данных;ROWE HIGHTEC MULTI SYNT DPF 5W-30;20125-0040-99;ROWE HIGHTEC SYNT RSi 5W-40;20001-0040-99;TEBOIL Gold L 5W-30;2459465;TEBOIL Gold L 5W-40;3453956;G-Energy Synthetic Active 5W-30;253142405;G-Energy Synthetic Active 5W-40;253142406;Totachi NIRO LV SP/GF-5 5W-30;1G104;Totachi NIRO Optima PRO 5W-40;1C812
Nissan;Sentra (B17);2012;2019;1.6 (HR16DE);бензин;NGN PROFI A-LINE 5W-30;V272085301;NGN GOLD A-LINE 5W-40;V272085302;API SM/SN, ILSAC GF-4/GF-5, 5W-30;3.6;W 67/1;нет данных;нет данных;C 24 005;нет данных;нет данных;CU 1936;нет данных;нет данных;Заполнено агентом;нет данных;нет данных;нет данных;нет данных;нет данных;15208-65F0A;16546-ED500;27277-ET00A;нет данных;нет данных;нет данных;нет данных;ROWE HIGHTEC MULTI SYNT DPF 5W-30;20125-0040-99;ROWE HIGHTEC SYNT RSi 5W-40;20001-0040-99;TEBOIL Gold L 5W-30;2459465;TEBOIL Gold L 5W-40;3453956;G-Energy Synthetic Active 5W-30;253142405;G-Energy Synthetic Active 5W-40;253142406;Totachi NIRO LV SP/GF-5 5W-30;1G104;Totachi NIRO Optima PRO 5W-40;1C812
Kia;Carnival III (YP);2014;2021;3.3 V6 (G6DH);бензин;NGN PROFI A-LINE 5W-30;V272085301;NGN GOLD A-LINE 5W-40;V272085302;API SN/SP, ILSAC GF-5, 5W-30;5.1;HU 7027 z;нет данных;нет данных;C 26 033;нет данных;нет данных;CU 29 020;нет данных;нет данных;Заполнено агентом;нет данных;нет данных;нет данных;нет данных;нет данных;26300-3CAA0;28113-3L100;97133-4J000;нет данных;нет данных;нет данных;нет данных;ROWE HIGHTEC MULTI SYNT DPF 5W-30;20125-0040-99;ROWE HIGHTEC SYNT RSi 5W-40;20001-0040-99;TEBOIL Gold L 5W-30;2459465;TEBOIL Gold L 5W-40;3453956;G-Energy Synthetic Active 5W-30;253142405;G-Energy Synthetic Active 5W-40;253142406;Totachi NIRO LV SP/GF-5 5W-30;1G104;Totachi NIRO Optima PRO 5W-40;1C812
Lada (ВАЗ);2106;1976;2006;1.3/1.5/1.6 (VAZ 2103/2106);бензин;NGN PROFI A-LINE 5W-30;V272085301;NGN GOLD A-LINE 5W-40;V272085302;API SG/SJ, 5W-30/5W-40/10W-40;3.75;W 914/2;нет данных;нет данных;нет данных;нет данных;нет данных;нет данных;нет данных;нет данных;Заполнено агентом;нет данных;нет данных;нет данных;нет данных;нет данных;2101-1012005;2101-1109080;нет данных;нет данных;нет данных;нет данных;нет данных;ROWE HIGHTEC MULTI SYNT DPF 5W-30;20125-0040-99;ROWE HIGHTEC SYNT RSi 5W-40;20001-0040-99;TEBOIL Gold L 5W-30;2459465;TEBOIL Gold L 5W-40;3453956;G-Energy Synthetic Active 5W-30;253142405;G-Energy Synthetic Active 5W-40;253142406;Totachi NIRO LV SP/GF-5 5W-30;1G104;Totachi NIRO Optima PRO 5W-40;1C812
Audi;A3 (8V);2012;2020;1.4 TFSI (CZCA/CZEA);бензин;NGN PROFI A-LINE 5W-30;V272085301;NGN GOLD A-LINE 5W-40;V272085302;VW 502.00/504.00, API SN/SP, 5W-30;4.0;W 712/95;нет данных;нет данных;C 27 009;нет данных;нет данных;CUK 26 009;нет данных;нет данных;Заполнено агентом;нет данных;нет данных;нет данных;нет данных;нет данных;04E115561H;5Q0129620;5Q0819653;нет данных;нет данных;нет данных;нет данных;ROWE HIGHTEC MULTI SYNT DPF 5W-30;20125-0040-99;ROWE HIGHTEC SYNT RSi 5W-40;20001-0040-99;TEBOIL Gold L 5W-30;2459465;TEBOIL Gold L 5W-40;3453956;G-Energy Synthetic Active 5W-30;253142405;G-Energy Synthetic Active 5W-40;253142406;Totachi NIRO LV SP/GF-5 5W-30;1G104;Totachi NIRO Optima PRO 5W-40;1C812
Audi;A3 (8V);2012;2020;1.8/2.0 TFSI (CJSA/CHHB);бензин;NGN PROFI A-LINE 5W-30;V272085301;NGN GOLD A-LINE 5W-40;V272085302;VW 502.00/504.00, API SN/SP, 5W-30;5.7;HU 711/51 x;нет данных;нет данных;C 30 005;нет данных;нет данных;CUK 26 009;нет данных;нет данных;Заполнено агентом;нет данных;нет данных;нет данных;нет данных;нет данных;06K115561B;5Q0129620D;5Q0819653;нет данных;нет данных;нет данных;нет данных;ROWE HIGHTEC MULTI SYNT DPF 5W-30;20125-0040-99;ROWE HIGHTEC SYNT RSi 5W-40;20001-0040-99;TEBOIL Gold L 5W-30;2459465;TEBOIL Gold L 5W-40;3453956;G-Energy Synthetic Active 5W-30;253142405;G-Energy Synthetic Active 5W-40;253142406;Totachi NIRO LV SP/GF-5 5W-30;1G104;Totachi NIRO Optima PRO 5W-40;1C812
Haval;H6 (2-е пок.) 2.0T;2021;2030;2.0T (GW4C-20);бензин;NGN PROFI A-LINE 5W-30;V272085301;NGN GOLD A-LINE 5W-40;V272085302;API SN/SP, 5W-30;5.5;W 7058 M;нет данных;нет данных;нет данных;нет данных;нет данных;нет данных;нет данных;нет данных;Заполнено агентом;нет данных;нет данных;нет данных;нет данных;нет данных;1017100XEB08;1109110XKZ1DA;8107100XKZ57A;нет данных;нет данных;нет данных;нет данных;ROWE HIGHTEC MULTI SYNT DPF 5W-30;20125-0040-99;ROWE HIGHTEC SYNT RSi 5W-40;20001-0040-99;TEBOIL Gold L 5W-30;2459465;TEBOIL Gold L 5W-40;3453956;G-Energy Synthetic Active 5W-30;253142405;G-Energy Synthetic Active 5W-40;253142406;Totachi NIRO LV SP/GF-5 5W-30;1G104;Totachi NIRO Optima PRO 5W-40;1C812
Hyundai;Elantra VII (CN7);2020;2030;1.6 (G4FG);бензин;NGN PROFI A-LINE 5W-30;V272085301;NGN GOLD A-LINE 5W-40;V272085302;API SN/SP, ILSAC GF-5, 5W-30;3.6;W 811/80;нет данных;нет данных;C 26 033;нет данных;нет данных;CU 24 013;нет данных;нет данных;Заполнено агентом;нет данных;нет данных;нет данных;нет данных;нет данных;26300-35504;28113-AA101;97133-AA000;нет данных;нет данных;нет данных;нет данных;ROWE HIGHTEC MULTI SYNT DPF 5W-30;20125-0040-99;ROWE HIGHTEC SYNT RSi 5W-40;20001-0040-99;TEBOIL Gold L 5W-30;2459465;TEBOIL Gold L 5W-40;3453956;G-Energy Synthetic Active 5W-30;253142405;G-Energy Synthetic Active 5W-40;253142406;Totachi NIRO LV SP/GF-5 5W-30;1G104;Totachi NIRO Optima PRO 5W-40;1C812
Mazda;6 (GH);2007;2013;1.8/2.0 (L8/LF);бензин;NGN PROFI A-LINE 5W-30;V272085301;NGN GOLD A-LINE 5W-40;V272085302;API SL/SM/SN, ILSAC GF-4/GF-5, 5W-30;4.0;W 67/1;нет данных;нет данных;C 27 019;нет данных;нет данных;CU 20 017;нет данных;нет данных;Заполнено агентом;нет данных;нет данных;нет данных;нет данных;нет данных;LFG4-14-302;L331-13-3A0;GJ6A-61-J6X;нет данных;нет данных;нет данных;нет данных;ROWE HIGHTEC MULTI SYNT DPF 5W-30;20125-0040-99;ROWE HIGHTEC SYNT RSi 5W-40;20001-0040-99;TEBOIL Gold L 5W-30;2459465;TEBOIL Gold L 5W-40;3453956;G-Energy Synthetic Active 5W-30;253142405;G-Energy Synthetic Active 5W-40;253142406;Totachi NIRO LV SP/GF-5 5W-30;1G104;Totachi NIRO Optima PRO 5W-40;1C812
Suzuki;Vitara IV;2015;2030;1.6 (M16A);бензин;NGN PROFI A-LINE 5W-30;V272085301;NGN GOLD A-LINE 5W-40;V272085302;API SN/SP, 5W-30/5W-40;4.0;W 712/83;нет данных;нет данных;C 24 004;нет данных;нет данных;нет данных;нет данных;нет данных;Заполнено агентом;нет данных;нет данных;нет данных;нет данных;нет данных;16510-61A31;13780-54P00;95860-66J10;нет данных;нет данных;нет данных;нет данных;ROWE HIGHTEC MULTI SYNT DPF 5W-30;20125-0040-99;ROWE HIGHTEC SYNT RSi 5W-40;20001-0040-99;TEBOIL Gold L 5W-30;2459465;TEBOIL Gold L 5W-40;3453956;G-Energy Synthetic Active 5W-30;253142405;G-Energy Synthetic Active 5W-40;253142406;Totachi NIRO LV SP/GF-5 5W-30;1G104;Totachi NIRO Optima PRO 5W-40;1C812
Mazda;CX-30 (DM);2019;2030;2.0 SKYACTIV-G (PE);бензин;NGN PROFI A-LINE 5W-30;V272085301;NGN GOLD A-LINE 5W-40;V272085302;API SN/SP, ILSAC GF-5, 0W-20/5W-30;4.4;W 6018;нет данных;нет данных;C 27 019;нет данных;нет данных;CU 20 017;нет данных;нет данных;Заполнено агентом;нет данных;нет данных;нет данных;нет данных;нет данных;PE01-14-302B;PE07-13-3A0A;KD45-61-J6X;нет данных;нет данных;нет данных;нет данных;ROWE HIGHTEC MULTI SYNT DPF 5W-30;20125-0040-99;ROWE HIGHTEC SYNT RSi 5W-40;20001-0040-99;TEBOIL Gold L 5W-30;2459465;TEBOIL Gold L 5W-40;3453956;G-Energy Synthetic Active 5W-30;253142405;G-Energy Synthetic Active 5W-40;253142406;Totachi NIRO LV SP/GF-5 5W-30;1G104;Totachi NIRO Optima PRO 5W-40;1C812
Honda;Jazz / Fit III (GK);2013;2020;1.3/1.5 (L13B/L15B);бензин;NGN PROFI A-LINE 5W-30;V272085301;NGN GOLD A-LINE 5W-40;V272085302;Honda HTO-06, API SN, 0W-20;3.2;W 610/6;нет данных;нет данных;C 2240;нет данных;нет данных;CU 1719;нет данных;нет данных;Заполнено агентом;нет данных;нет данных;нет данных;нет данных;нет данных;15400-RTA-003;17220-5R0-008;80292-T5R-A01;нет данных;нет данных;нет данных;нет данных;ROWE HIGHTEC MULTI SYNT DPF 5W-30;20125-0040-99;ROWE HIGHTEC SYNT RSi 5W-40;20001-0040-99;TEBOIL Gold L 5W-30;2459465;TEBOIL Gold L 5W-40;3453956;G-Energy Synthetic Active 5W-30;253142405;G-Energy Synthetic Active 5W-40;253142406;Totachi NIRO LV SP/GF-5 5W-30;1G104;Totachi NIRO Optima PRO 5W-40;1C812
Volkswagen;Touareg II (7P);2010;2018;3.6 V6 (CGRA);бензин;NGN PROFI A-LINE 5W-30;V272085301;NGN GOLD A-LINE 5W-40;V272085302;VW 502.00/504.00, ACEA A3/B4, 5W-30/5W-40;8.5;HU 715/5 x;нет данных;нет данных;C 3698;нет данных;нет данных;CU 2939;нет данных;нет данных;Заполнено агентом;нет данных;нет данных;нет данных;нет данных;нет данных;022115561J;7P0129620B;7P0819631;нет данных;нет данных;нет данных;нет данных;ROWE HIGHTEC MULTI SYNT DPF 5W-30;20125-0040-99;ROWE HIGHTEC SYNT RSi 5W-40;20001-0040-99;TEBOIL Gold L 5W-30;2459465;TEBOIL Gold L 5W-40;3453956;G-Energy Synthetic Active 5W-30;253142405;G-Energy Synthetic Active 5W-40;253142406;Totachi NIRO LV SP/GF-5 5W-30;1G104;Totachi NIRO Optima PRO 5W-40;1C812
Lexus;ES VI (XV60);2012;2018;3.5 V6 (2GR-FKS);бензин;NGN PROFI A-LINE 5W-30;V272085301;NGN GOLD A-LINE 5W-40;V272085302;API SN/SP, ILSAC GF-5, 0W-20;6.4;HU 7019 z;нет данных;нет данных;C 22 039;нет данных;нет данных;CU 26 014;нет данных;нет данных;Заполнено агентом;нет данных;нет данных;нет данных;нет данных;нет данных;90915-10010;17801-F0010;87139-0N020;нет данных;нет данных;нет данных;нет данных;ROWE HIGHTEC MULTI SYNT DPF 5W-30;20125-0040-99;ROWE HIGHTEC SYNT RSi 5W-40;20001-0040-99;TEBOIL Gold L 5W-30;2459465;TEBOIL Gold L 5W-40;3453956;G-Energy Synthetic Active 5W-30;253142405;G-Energy Synthetic Active 5W-40;253142406;Totachi NIRO LV SP/GF-5 5W-30;1G104;Totachi NIRO Optima PRO 5W-40;1C812
Kia;Stinger (CK);2017;2030;2.0T (G4KH);бензин;NGN PROFI A-LINE 5W-30;V272085301;NGN GOLD A-LINE 5W-40;V272085302;API SN/SP, ILSAC GF-5, 5W-30;4.8;HU 7027 z;нет данных;нет данных;C 26 033;нет данных;нет данных;CU 24 013;нет данных;нет данных;Заполнено агентом;нет данных;нет данных;нет данных;нет данных;нет данных;26300-3CAA0;28113-J5100;97133-J5000;нет данных;нет данных;нет данных;нет данных;ROWE HIGHTEC MULTI SYNT DPF 5W-30;20125-0040-99;ROWE HIGHTEC SYNT RSi 5W-40;20001-0040-99;TEBOIL Gold L 5W-30;2459465;TEBOIL Gold L 5W-40;3453956;G-Energy Synthetic Active 5W-30;253142405;G-Energy Synthetic Active 5W-40;253142406;Totachi NIRO LV SP/GF-5 5W-30;1G104;Totachi NIRO Optima PRO 5W-40;1C812
Mercedes-Benz;GLC (X253);2015;2022;2.0 (M274);бензин;NGN PROFI A-LINE 5W-30;V272085301;NGN GOLD A-LINE 5W-40;V272085302;MB 229.51, API SN/SP, 5W-30;6.0;HU 514 y;нет данных;нет данных;C 35 005;нет данных;нет данных;CUK 29 005;нет данных;нет данных;Заполнено агентом;нет данных;нет данных;нет данных;нет данных;нет данных;A2741800009;A1560940004;A2538350047;нет данных;нет данных;нет данных;нет данных;ROWE HIGHTEC MULTI SYNT DPF 5W-30;20125-0040-99;ROWE HIGHTEC SYNT RSi 5W-40;20001-0040-99;TEBOIL Gold L 5W-30;2459465;TEBOIL Gold L 5W-40;3453956;G-Energy Synthetic Active 5W-30;253142405;G-Energy Synthetic Active 5W-40;253142406;Totachi NIRO LV SP/GF-5 5W-30;1G104;Totachi NIRO Optima PRO 5W-40;1C812
Chery;Tiggo 3x (T11);2017;2024;1.5T (SQRE4T15B);бензин;NGN PROFI A-LINE 5W-30;V272085301;NGN GOLD A-LINE 5W-40;V272085302;API SN/SP, 5W-30/5W-40;4.0;W 712/83;нет данных;нет данных;нет данных;нет данных;нет данных;нет данных;нет данных;нет данных;Заполнено агентом;нет данных;нет данных;нет данных;нет данных;нет данных;4801012010;A13-1109111;A13-8107023;нет данных;нет данных;нет данных;нет данных;ROWE HIGHTEC MULTI SYNT DPF 5W-30;20125-0040-99;ROWE HIGHTEC SYNT RSi 5W-40;20001-0040-99;TEBOIL Gold L 5W-30;2459465;TEBOIL Gold L 5W-40;3453956;G-Energy Synthetic Active 5W-30;253142405;G-Energy Synthetic Active 5W-40;253142406;Totachi NIRO LV SP/GF-5 5W-30;1G104;Totachi NIRO Optima PRO 5W-40;1C812
Toyota;Highlander IV (U70);2019;2030;3.5 V6 (2GR-FKS);бензин;NGN PROFI A-LINE 5W-30;V272085301;NGN GOLD A-LINE 5W-40;V272085302;API SN/SP, ILSAC GF-5, 0W-20;6.2;HU 7019 z;нет данных;нет данных;C 27 030;нет данных;нет данных;CU 26 014;нет данных;нет данных;Заполнено агентом;нет данных;нет данных;нет данных;нет данных;нет данных;90915-10010;17801-F0010;87139-0N020;нет данных;нет данных;нет данных;нет данных;ROWE HIGHTEC MULTI SYNT DPF 5W-30;20125-0040-99;ROWE HIGHTEC SYNT RSi 5W-40;20001-0040-99;TEBOIL Gold L 5W-30;2459465;TEBOIL Gold L 5W-40;3453956;G-Energy Synthetic Active 5W-30;253142405;G-Energy Synthetic Active 5W-40;253142406;Totachi NIRO LV SP/GF-5 5W-30;1G104;Totachi NIRO Optima PRO 5W-40;1C812
BMW;7 (F01/F02);2008;2015;3.0T (N54/N55);бензин;NGN PROFI A-LINE 5W-30;V272085301;NGN GOLD A-LINE 5W-40;V272085302;BMW LL-01, API SN, 5W-30;6.5;HU 721/5 x;нет данных;нет данных;C 3688;нет данных;нет данных;CUK 29 005;нет данных;нет данных;Заполнено агентом;нет данных;нет данных;нет данных;нет данных;нет данных;11427508969;13717521033;64119272646;нет данных;нет данных;нет данных;нет данных;ROWE HIGHTEC MULTI SYNT DPF 5W-30;20125-0040-99;ROWE HIGHTEC SYNT RSi 5W-40;20001-0040-99;TEBOIL Gold L 5W-30;2459465;TEBOIL Gold L 5W-40;3453956;G-Energy Synthetic Active 5W-30;253142405;G-Energy Synthetic Active 5W-40;253142406;Totachi NIRO LV SP/GF-5 5W-30;1G104;Totachi NIRO Optima PRO 5W-40;1C812
Geely;Monjaro (KX11);2022;2030;2.0T (JLH-4G20TDB);бензин;NGN PROFI A-LINE 5W-30;V272085301;NGN GOLD A-LINE 5W-40;V272085302;API SN/SP, 5W-30;5.0;W 712/83;нет данных;нет данных;нет данных;нет данных;нет данных;нет данных;нет данных;нет данных;Заполнено агентом;нет данных;нет данных;нет данных;нет данных;нет данных;1014050103;1014023800004;8104033200001;нет данных;нет данных;нет данных;нет данных;ROWE HIGHTEC MULTI SYNT DPF 5W-30;20125-0040-99;ROWE HIGHTEC SYNT RSi 5W-40;20001-0040-99;TEBOIL Gold L 5W-30;2459465;TEBOIL Gold L 5W-40;3453956;G-Energy Synthetic Active 5W-30;253142405;G-Energy Synthetic Active 5W-40;253142406;Totachi NIRO LV SP/GF-5 5W-30;1G104;Totachi NIRO Optima PRO 5W-40;1C812
Nissan;Almera IV (G15);2012;2018;1.6 (HR16DE);бензин;NGN PROFI A-LINE 5W-30;V272085301;NGN GOLD A-LINE 5W-40;V272085302;API SL/SM/SN, ILSAC GF-4/GF-5, 5W-30;3.2;W 67/1;нет данных;нет данных;C 24 005;нет данных;нет данных;CU 1936;нет данных;нет данных;Заполнено агентом;нет данных;нет данных;нет данных;нет данных;нет данных;15208-65F0A;16546-ED500;27277-ET00A;нет данных;нет данных;нет данных;нет данных;ROWE HIGHTEC MULTI SYNT DPF 5W-30;20125-0040-99;ROWE HIGHTEC SYNT RSi 5W-40;20001-0040-99;TEBOIL Gold L 5W-30;2459465;TEBOIL Gold L 5W-40;3453956;G-Energy Synthetic Active 5W-30;253142405;G-Energy Synthetic Active 5W-40;253142406;Totachi NIRO LV SP/GF-5 5W-30;1G104;Totachi NIRO Optima PRO 5W-40;1C812
Skoda;Yeti (5L);2009;2017;1.2/1.4 TSI (CBZB/CTHD);бензин;NGN PROFI A-LINE 5W-30;V272085301;NGN GOLD A-LINE 5W-40;V272085302;VW 502.00/504.00, API SN, 5W-30/5W-40;3.6;W 712/95;нет данных;нет данных;C 26 020;нет данных;нет данных;CU 2939;нет данных;нет данных;Заполнено агентом;нет данных;нет данных;нет данных;нет данных;нет данных;04E115561H;6Q0129620;5L0819653;нет данных;нет данных;нет данных;нет данных;ROWE HIGHTEC MULTI SYNT DPF 5W-30;20125-0040-99;ROWE HIGHTEC SYNT RSi 5W-40;20001-0040-99;TEBOIL Gold L 5W-30;2459465;TEBOIL Gold L 5W-40;3453956;G-Energy Synthetic Active 5W-30;253142405;G-Energy Synthetic Active 5W-40;253142406;Totachi NIRO LV SP/GF-5 5W-30;1G104;Totachi NIRO Optima PRO 5W-40;1C812
Hyundai;Sonata IX (DN8) 2.5;2021;2030;2.5 (G4KJ);бензин;NGN PROFI A-LINE 5W-30;V272085301;NGN GOLD A-LINE 5W-40;V272085302;API SN/SP, ILSAC GF-5, 5W-30;5.1;HU 7027 z;нет данных;нет данных;C 26 033;нет данных;нет данных;CU 24 013;нет данных;нет данных;Заполнено агентом;нет данных;нет данных;нет данных;нет данных;нет данных;26300-3CAA0;28113-L1100;97133-L1000;нет данных;нет данных;нет данных;нет данных;ROWE HIGHTEC MULTI SYNT DPF 5W-30;20125-0040-99;ROWE HIGHTEC SYNT RSi 5W-40;20001-0040-99;TEBOIL Gold L 5W-30;2459465;TEBOIL Gold L 5W-40;3453956;G-Energy Synthetic Active 5W-30;253142405;G-Energy Synthetic Active 5W-40;253142406;Totachi NIRO LV SP/GF-5 5W-30;1G104;Totachi NIRO Optima PRO 5W-40;1C812
Lada (ВАЗ);2101/2103/2104/2105;1970;2012;1.2/1.3/1.5 (VAZ 2101/2103);бензин;NGN PROFI A-LINE 5W-30;V272085301;NGN GOLD A-LINE 5W-40;V272085302;API SG/SJ, 5W-30/5W-40/10W-40;3.75;W 914/2;нет данных;нет данных;нет данных;нет данных;нет данных;нет данных;нет данных;нет данных;Заполнено агентом;нет данных;нет данных;нет данных;нет данных;нет данных;2101-1012005;2101-1109080;нет данных;нет данных;нет данных;нет данных;нет данных;ROWE HIGHTEC MULTI SYNT DPF 5W-30;20125-0040-99;ROWE HIGHTEC SYNT RSi 5W-40;20001-0040-99;TEBOIL Gold L 5W-30;2459465;TEBOIL Gold L 5W-40;3453956;G-Energy Synthetic Active 5W-30;253142405;G-Energy Synthetic Active 5W-40;253142406;Totachi NIRO LV SP/GF-5 5W-30;1G104;Totachi NIRO Optima PRO 5W-40;1C812
Renault;Symbol I/II;2002;2013;1.4/1.6 (K7J/K7M);бензин;NGN PROFI A-LINE 5W-30;V272085301;NGN GOLD A-LINE 5W-40;V272085302;Renault RN0700, API SL/SM, 5W-30/5W-40;3.3;W 75/3;нет данных;нет данных;C 30 002;нет данных;нет данных;CU 22 011;нет данных;нет данных;Заполнено агентом;нет данных;нет данных;нет данных;нет данных;нет данных;7700274177;8200431051;272773016R;нет данных;нет данных;нет данных;нет данных;ROWE HIGHTEC MULTI SYNT DPF 5W-30;20125-0040-99;ROWE HIGHTEC SYNT RSi 5W-40;20001-0040-99;TEBOIL Gold L 5W-30;2459465;TEBOIL Gold L 5W-40;3453956;G-Energy Synthetic Active 5W-30;253142405;G-Energy Synthetic Active 5W-40;253142406;Totachi NIRO LV SP/GF-5 5W-30;1G104;Totachi NIRO Optima PRO 5W-40;1C812
Toyota;Land Cruiser 200 (дизель);2007;2021;4.5TD (1VD-FTV);дизель;NGN PROFI A-LINE 5W-30;V272085301;NGN GOLD A-LINE 5W-40;V272085302;API CF/CJ-4, ACEA C3, 5W-30;12.0;HU 932/5 n;нет данных;нет данных;C 3236/3;нет данных;нет данных;CU 2959;нет данных;нет данных;Заполнено агентом;нет данных;нет данных;нет данных;нет данных;нет данных;90915-40008;17801-51020;87139-0N010;нет данных;нет данных;нет данных;нет данных;ROWE HIGHTEC MULTI SYNT DPF 5W-30;20125-0040-99;ROWE HIGHTEC SYNT RSi 5W-40;20001-0040-99;TEBOIL Gold L 5W-30;2459465;TEBOIL Gold L 5W-40;3453956;G-Energy Synthetic Active 5W-30;253142405;G-Energy Synthetic Active 5W-40;253142406;Totachi NIRO LV SP/GF-5 5W-30;1G104;Totachi NIRO Optima PRO 5W-40;1C812
Mitsubishi;Outlander III (GF/GG);2012;2021;2.0/2.4 (4B11/4B12);бензин;NGN PROFI A-LINE 5W-30;V272085301;NGN GOLD A-LINE 5W-40;V272085302;API SN/SP, 5W-30/5W-40;4.5;W 610/3;нет данных;нет данных;C 27 003/1;нет данных;нет данных;CU 24 006;нет данных;нет данных;Заполнено агентом;нет данных;нет данных;нет данных;нет данных;нет данных;MN982419;1500B095;7803A183;нет данных;нет данных;нет данных;нет данных;ROWE HIGHTEC MULTI SYNT DPF 5W-30;20125-0040-99;ROWE HIGHTEC SYNT RSi 5W-40;20001-0040-99;TEBOIL Gold L 5W-30;2459465;TEBOIL Gold L 5W-40;3453956;G-Energy Synthetic Active 5W-30;253142405;G-Energy Synthetic Active 5W-40;253142406;Totachi NIRO LV SP/GF-5 5W-30;1G104;Totachi NIRO Optima PRO 5W-40;1C812
Hyundai;Creta II (SU2);2021;2030;2.0 (G4NL);бензин;NGN PROFI A-LINE 5W-30;V272085301;NGN GOLD A-LINE 5W-40;V272085302;API SN/SP, ILSAC GF-5, 5W-30;4.5;HU 7027 z;нет данных;нет данных;C 26 033;нет данных;нет данных;CU 24 013;нет данных;нет данных;Заполнено агентом;нет данных;нет данных;нет данных;нет данных;нет данных;26300-3CAA0;28113-AA101;97133-AA000;нет данных;нет данных;нет данных;нет данных;ROWE HIGHTEC MULTI SYNT DPF 5W-30;20125-0040-99;ROWE HIGHTEC SYNT RSi 5W-40;20001-0040-99;TEBOIL Gold L 5W-30;2459465;TEBOIL Gold L 5W-40;3453956;G-Energy Synthetic Active 5W-30;253142405;G-Energy Synthetic Active 5W-40;253142406;Totachi NIRO LV SP/GF-5 5W-30;1G104;Totachi NIRO Optima PRO 5W-40;1C812
Kia;Sorento IV (MQ4);2020;2030;2.5 (G4KJ);бензин;NGN PROFI A-LINE 5W-30;V272085301;NGN GOLD A-LINE 5W-40;V272085302;API SN/SP, ILSAC GF-5, 5W-30;5.1;HU 7027 z;нет данных;нет данных;C 26 033;нет данных;нет данных;CU 24 013;нет данных;нет данных;Заполнено агентом;нет данных;нет данных;нет данных;нет данных;нет данных;26300-3CAA0;28113-P4100;97133-P4000;нет данных;нет данных;нет данных;нет данных;ROWE HIGHTEC MULTI SYNT DPF 5W-30;20125-0040-99;ROWE HIGHTEC SYNT RSi 5W-40;20001-0040-99;TEBOIL Gold L 5W-30;2459465;TEBOIL Gold L 5W-40;3453956;G-Energy Synthetic Active 5W-30;253142405;G-Energy Synthetic Active 5W-40;253142406;Totachi NIRO LV SP/GF-5 5W-30;1G104;Totachi NIRO Optima PRO 5W-40;1C812
Ford;Explorer V;2011;2019;3.5 V6 (Cyclone);бензин;NGN PROFI A-LINE 5W-30;V272085301;NGN GOLD A-LINE 5W-40;V272085302;Ford WSS-M2C945-B, API SN, 5W-20;6.0;HU 711/51 x;нет данных;нет данных;C 3236;нет данных;нет данных;CU 2882;нет данных;нет данных;Заполнено агентом;нет данных;нет данных;нет данных;нет данных;нет данных;HL3Z-6731-A;BL3Z-9601-B;BB5Z-19N619-A;нет данных;нет данных;нет данных;нет данных;ROWE HIGHTEC MULTI SYNT DPF 5W-30;20125-0040-99;ROWE HIGHTEC SYNT RSi 5W-40;20001-0040-99;TEBOIL Gold L 5W-30;2459465;TEBOIL Gold L 5W-40;3453956;G-Energy Synthetic Active 5W-30;253142405;G-Energy Synthetic Active 5W-40;253142406;Totachi NIRO LV SP/GF-5 5W-30;1G104;Totachi NIRO Optima PRO 5W-40;1C812
Chery;Tiggo 2 Pro;2021;2030;1.5 (SQRF4J15);бензин;NGN PROFI A-LINE 5W-30;V272085301;NGN GOLD A-LINE 5W-40;V272085302;API SN/SP, 5W-30/5W-40;4.0;W 712/83;нет данных;нет данных;нет данных;нет данных;нет данных;нет данных;нет данных;нет данных;Заполнено агентом;нет данных;нет данных;нет данных;нет данных;нет данных;4801012010;T21-1109111BA;T21-8104060;нет данных;нет данных;нет данных;нет данных;ROWE HIGHTEC MULTI SYNT DPF 5W-30;20125-0040-99;ROWE HIGHTEC SYNT RSi 5W-40;20001-0040-99;TEBOIL Gold L 5W-30;2459465;TEBOIL Gold L 5W-40;3453956;G-Energy Synthetic Active 5W-30;253142405;G-Energy Synthetic Active 5W-40;253142406;Totachi NIRO LV SP/GF-5 5W-30;1G104;Totachi NIRO Optima PRO 5W-40;1C812
Nissan;X-Trail III (T32);2014;2022;2.0 (MR20DD);бензин;NGN PROFI A-LINE 5W-30;V272085301;NGN GOLD A-LINE 5W-40;V272085302;API SN/SP, ILSAC GF-5, 0W-20/5W-30;4.5;W 67/1;нет данных;нет данных;C 24 005;нет данных;нет данных;CU 1936;нет данных;нет данных;Заполнено агентом;нет данных;нет данных;нет данных;нет данных;нет данных;15208-65F0E;16546-4EA0B;27277-4EA0A;нет данных;нет данных;нет данных;нет данных;ROWE HIGHTEC MULTI SYNT DPF 5W-30;20125-0040-99;ROWE HIGHTEC SYNT RSi 5W-40;20001-0040-99;TEBOIL Gold L 5W-30;2459465;TEBOIL Gold L 5W-40;3453956;G-Energy Synthetic Active 5W-30;253142405;G-Energy Synthetic Active 5W-40;253142406;Totachi NIRO LV SP/GF-5 5W-30;1G104;Totachi NIRO Optima PRO 5W-40;1C812
Audi;Q7 I (4L);2005;2015;3.6/4.2 V8 (BHK/BHX);бензин;NGN PROFI A-LINE 5W-30;V272085301;NGN GOLD A-LINE 5W-40;V272085302;VW 502.00/504.00, ACEA A3/B4, 5W-30/5W-40;9.0;HU 715/5 x;нет данных;нет данных;C 3698;нет данных;нет данных;CU 2939;нет данных;нет данных;Заполнено агентом;нет данных;нет данных;нет данных;нет данных;нет данных;022115561J;4L0133843;4L0819439;нет данных;нет данных;нет данных;нет данных;ROWE HIGHTEC MULTI SYNT DPF 5W-30;20125-0040-99;ROWE HIGHTEC SYNT RSi 5W-40;20001-0040-99;TEBOIL Gold L 5W-30;2459465;TEBOIL Gold L 5W-40;3453956;G-Energy Synthetic Active 5W-30;253142405;G-Energy Synthetic Active 5W-40;253142406;Totachi NIRO LV SP/GF-5 5W-30;1G104;Totachi NIRO Optima PRO 5W-40;1C812
Haval;H9;2014;2030;2.0T (GW4C-20);бензин;NGN PROFI A-LINE 5W-30;V272085301;NGN GOLD A-LINE 5W-40;V272085302;API SN/SP, 5W-30;5.5;W 7058 M;нет данных;нет данных;нет данных;нет данных;нет данных;нет данных;нет данных;нет данных;Заполнено агентом;нет данных;нет данных;нет данных;нет данных;нет данных;1017100XEB08;1109110XKZ1DA;8107100XKZ57A;нет данных;нет данных;нет данных;нет данных;ROWE HIGHTEC MULTI SYNT DPF 5W-30;20125-0040-99;ROWE HIGHTEC SYNT RSi 5W-40;20001-0040-99;TEBOIL Gold L 5W-30;2459465;TEBOIL Gold L 5W-40;3453956;G-Energy Synthetic Active 5W-30;253142405;G-Energy Synthetic Active 5W-40;253142406;Totachi NIRO LV SP/GF-5 5W-30;1G104;Totachi NIRO Optima PRO 5W-40;1C812
Kia;Rio III (UB);2011;2017;1.4/1.6 (G4FA/G4FC);бензин;NGN PROFI A-LINE 5W-30;V272085301;NGN GOLD A-LINE 5W-40;V272085302;API SM/SN, ILSAC GF-4/GF-5, 5W-30;3.3;W 811/80;нет данных;нет данных;C 26 022;нет данных;нет данных;CU 21 008;нет данных;нет данных;Заполнено агентом;нет данных;нет данных;нет данных;нет данных;нет данных;26300-35503;28113-1W000;97133-1W000;нет данных;нет данных;нет данных;нет данных;ROWE HIGHTEC MULTI SYNT DPF 5W-30;20125-0040-99;ROWE HIGHTEC SYNT RSi 5W-40;20001-0040-99;TEBOIL Gold L 5W-30;2459465;TEBOIL Gold L 5W-40;3453956;G-Energy Synthetic Active 5W-30;253142405;G-Energy Synthetic Active 5W-40;253142406;Totachi NIRO LV SP/GF-5 5W-30;1G104;Totachi NIRO Optima PRO 5W-40;1C812
Toyota;Prius III (ZVW30);2009;2015;1.8 гибрид (2ZR-FXE);гибрид;NGN PROFI A-LINE 5W-30;V272085301;NGN GOLD A-LINE 5W-40;V272085302;API SN/SP, ILSAC GF-5, 0W-20;4.4;W 712/83;нет данных;нет данных;C 27 030;нет данных;нет данных;CU 26 014;нет данных;нет данных;Заполнено агентом;нет данных;нет данных;нет данных;нет данных;нет данных;90915-YZZD4;17801-37021;87139-0N020;нет данных;нет данных;нет данных;нет данных;ROWE HIGHTEC MULTI SYNT DPF 5W-30;20125-0040-99;ROWE HIGHTEC SYNT RSi 5W-40;20001-0040-99;TEBOIL Gold L 5W-30;2459465;TEBOIL Gold L 5W-40;3453956;G-Energy Synthetic Active 5W-30;253142405;G-Energy Synthetic Active 5W-40;253142406;Totachi NIRO LV SP/GF-5 5W-30;1G104;Totachi NIRO Optima PRO 5W-40;1C812
Toyota;Yaris III (XP130);2011;2020;1.3/1.5 (1NR/1NZ);бензин;NGN PROFI A-LINE 5W-30;V272085301;NGN GOLD A-LINE 5W-40;V272085302;API SN/SP, ILSAC GF-5, 0W-20/5W-30;3.4;W 712/83;нет данных;нет данных;C 27 030;нет данных;нет данных;CU 1919;нет данных;нет данных;Заполнено агентом;нет данных;нет данных;нет данных;нет данных;нет данных;90915-YZZD4;17801-21050;87139-02020;нет данных;нет данных;нет данных;нет данных;ROWE HIGHTEC MULTI SYNT DPF 5W-30;20125-0040-99;ROWE HIGHTEC SYNT RSi 5W-40;20001-0040-99;TEBOIL Gold L 5W-30;2459465;TEBOIL Gold L 5W-40;3453956;G-Energy Synthetic Active 5W-30;253142405;G-Energy Synthetic Active 5W-40;253142406;Totachi NIRO LV SP/GF-5 5W-30;1G104;Totachi NIRO Optima PRO 5W-40;1C812
Mazda;3 (BP);2019;2030;2.0 SKYACTIV-G (PE-VPS);бензин;NGN PROFI A-LINE 5W-30;V272085301;NGN GOLD A-LINE 5W-40;V272085302;API SN/SP, ILSAC GF-5, 0W-20/5W-30;4.2;W 6018;нет данных;нет данных;C 27 019;нет данных;нет данных;CU 20 017;нет данных;нет данных;Заполнено агентом;нет данных;нет данных;нет данных;нет данных;нет данных;PE01-14-302B;SH01-13-3A0A;BBP2-61-J6X;нет данных;нет данных;нет данных;нет данных;ROWE HIGHTEC MULTI SYNT DPF 5W-30;20125-0040-99;ROWE HIGHTEC SYNT RSi 5W-40;20001-0040-99;TEBOIL Gold L 5W-30;2459465;TEBOIL Gold L 5W-40;3453956;G-Energy Synthetic Active 5W-30;253142405;G-Energy Synthetic Active 5W-40;253142406;Totachi NIRO LV SP/GF-5 5W-30;1G104;Totachi NIRO Optima PRO 5W-40;1C812
BMW;5 (E60/E61) N52;2003;2010;2.0/2.3/2.5 (N52B20/N52B25);бензин;NGN PROFI A-LINE 5W-30;V272085301;NGN GOLD A-LINE 5W-40;V272085302;BMW LL-01, API SN, 5W-30;6.5;HU 726/2 z;нет данных;нет данных;C 3688;нет данных;нет данных;CU 5366;нет данных;нет данных;Заполнено агентом;нет данных;нет данных;нет данных;нет данных;нет данных;11427512300;13717521033;64316945585;нет данных;нет данных;нет данных;нет данных;ROWE HIGHTEC MULTI SYNT DPF 5W-30;20125-0040-99;ROWE HIGHTEC SYNT RSi 5W-40;20001-0040-99;TEBOIL Gold L 5W-30;2459465;TEBOIL Gold L 5W-40;3453956;G-Energy Synthetic Active 5W-30;253142405;G-Energy Synthetic Active 5W-40;253142406;Totachi NIRO LV SP/GF-5 5W-30;1G104;Totachi NIRO Optima PRO 5W-40;1C812
Honda;HR-V II (RU);2015;2022;1.5 (L15B);бензин;NGN PROFI A-LINE 5W-30;V272085301;NGN GOLD A-LINE 5W-40;V272085302;Honda HTO-06, API SN, 0W-20;3.5;W 610/6;нет данных;нет данных;C 2240;нет данных;нет данных;CU 1719;нет данных;нет данных;Заполнено агентом;нет данных;нет данных;нет данных;нет данных;нет данных;15400-RTA-003;17220-51B-H00;80292-T7A-J01;нет данных;нет данных;нет данных;нет данных;ROWE HIGHTEC MULTI SYNT DPF 5W-30;20125-0040-99;ROWE HIGHTEC SYNT RSi 5W-40;20001-0040-99;TEBOIL Gold L 5W-30;2459465;TEBOIL Gold L 5W-40;3453956;G-Energy Synthetic Active 5W-30;253142405;G-Energy Synthetic Active 5W-40;253142406;Totachi NIRO LV SP/GF-5 5W-30;1G104;Totachi NIRO Optima PRO 5W-40;1C812
Renault;Duster II;2018;2030;2.0 (F4R);бензин;NGN PROFI A-LINE 5W-30;V272085301;NGN GOLD A-LINE 5W-40;V272085302;Renault RN0700/RN0710, API SN, 5W-30/5W-40;4.5;W 6025;нет данных;нет данных;C 2433/1;нет данных;нет данных;CU 22 011;нет данных;нет данных;Заполнено агентом;нет данных;нет данных;нет данных;нет данных;нет данных;152085758R;165460509R;272773016R;нет данных;нет данных;нет данных;нет данных;ROWE HIGHTEC MULTI SYNT DPF 5W-30;20125-0040-99;ROWE HIGHTEC SYNT RSi 5W-40;20001-0040-99;TEBOIL Gold L 5W-30;2459465;TEBOIL Gold L 5W-40;3453956;G-Energy Synthetic Active 5W-30;253142405;G-Energy Synthetic Active 5W-40;253142406;Totachi NIRO LV SP/GF-5 5W-30;1G104;Totachi NIRO Optima PRO 5W-40;1C812
Nissan;Navara (D40);2005;2015;2.5TD (YD25DDTi);дизель;NGN PROFI A-LINE 5W-30;V272085301;NGN GOLD A-LINE 5W-40;V272085302;API CI-4/CJ-4, ACEA B3/B4, 5W-30/5W-40;6.7;W 712/83;нет данных;нет данных;C 2433/2;нет данных;нет данных;CU 1936;нет данных;нет данных;Заполнено агентом;нет данных;нет данных;нет данных;нет данных;нет данных;15208-43G0A;16546-EA00A;27277-EA00A;нет данных;нет данных;нет данных;нет данных;ROWE HIGHTEC MULTI SYNT DPF 5W-30;20125-0040-99;ROWE HIGHTEC SYNT RSi 5W-40;20001-0040-99;TEBOIL Gold L 5W-30;2459465;TEBOIL Gold L 5W-40;3453956;G-Energy Synthetic Active 5W-30;253142405;G-Energy Synthetic Active 5W-40;253142406;Totachi NIRO LV SP/GF-5 5W-30;1G104;Totachi NIRO Optima PRO 5W-40;1C812
Volkswagen;Tiguan II (AD1) 1.4;2016;2030;1.4 TSI (CZCA);бензин;NGN PROFI A-LINE 5W-30;V272085301;NGN GOLD A-LINE 5W-40;V272085302;VW 502.00/504.00, API SN/SP, 5W-30;4.3;W 712/94;нет данных;нет данных;C 27 009;нет данных;нет данных;CU 2939;нет данных;нет данных;Заполнено агентом;нет данных;нет данных;нет данных;нет данных;нет данных;06H115561;5Q0129620B;5Q0819653;нет данных;нет данных;нет данных;нет данных;ROWE HIGHTEC MULTI SYNT DPF 5W-30;20125-0040-99;ROWE HIGHTEC SYNT RSi 5W-40;20001-0040-99;TEBOIL Gold L 5W-30;2459465;TEBOIL Gold L 5W-40;3453956;G-Energy Synthetic Active 5W-30;253142405;G-Energy Synthetic Active 5W-40;253142406;Totachi NIRO LV SP/GF-5 5W-30;1G104;Totachi NIRO Optima PRO 5W-40;1C812
Hyundai;Santa Fe IV (TM);2018;2024;2.4/3.5 (G4KE/G6DK);бензин;NGN PROFI A-LINE 5W-30;V272085301;NGN GOLD A-LINE 5W-40;V272085302;API SN/SP, ILSAC GF-5, 5W-30;4.8;HU 7027 z;нет данных;нет данных;C 26 033;нет данных;нет данных;CU 24 013;нет данных;нет данных;Заполнено агентом;нет данных;нет данных;нет данных;нет данных;нет данных;26300-3CAA0;28113-S1300;97133-S2000;нет данных;нет данных;нет данных;нет данных;ROWE HIGHTEC MULTI SYNT DPF 5W-30;20125-0040-99;ROWE HIGHTEC SYNT RSi 5W-40;20001-0040-99;TEBOIL Gold L 5W-30;2459465;TEBOIL Gold L 5W-40;3453956;G-Energy Synthetic Active 5W-30;253142405;G-Energy Synthetic Active 5W-40;253142406;Totachi NIRO LV SP/GF-5 5W-30;1G104;Totachi NIRO Optima PRO 5W-40;1C812
Toyota;Avensis III (T27);2008;2018;1.8/2.0 (2ZR/3ZR);бензин;NGN PROFI A-LINE 5W-30;V272085301;NGN GOLD A-LINE 5W-40;V272085302;API SN, ILSAC GF-5, 0W-20/5W-30;4.4;W 712/83;нет данных;нет данных;C 27 030;нет данных;нет данных;CU 26 014;нет данных;нет данных;Заполнено агентом;нет данных;нет данных;нет данных;нет данных;нет данных;90915-YZZD4;17801-0T010;87139-0N020;нет данных;нет данных;нет данных;нет данных;ROWE HIGHTEC MULTI SYNT DPF 5W-30;20125-0040-99;ROWE HIGHTEC SYNT RSi 5W-40;20001-0040-99;TEBOIL Gold L 5W-30;2459465;TEBOIL Gold L 5W-40;3453956;G-Energy Synthetic Active 5W-30;253142405;G-Energy Synthetic Active 5W-40;253142406;Totachi NIRO LV SP/GF-5 5W-30;1G104;Totachi NIRO Optima PRO 5W-40;1C812
Subaru;Impreza IV (GJ/GP);2011;2016;2.0 (FB20);бензин;NGN PROFI A-LINE 5W-30;V272085301;NGN GOLD A-LINE 5W-40;V272085302;API SM/SN, ILSAC GF-4/GF-5, 0W-20/5W-30;4.5;W 940/26;нет данных;нет данных;C 35 008;нет данных;нет данных;CU 2882;нет данных;нет данных;Заполнено агентом;нет данных;нет данных;нет данных;нет данных;нет данных;15208-AA100;16546-AA090;72880-FJ000;нет данных;нет данных;нет данных;нет данных;ROWE HIGHTEC MULTI SYNT DPF 5W-30;20125-0040-99;ROWE HIGHTEC SYNT RSi 5W-40;20001-0040-99;TEBOIL Gold L 5W-30;2459465;TEBOIL Gold L 5W-40;3453956;G-Energy Synthetic Active 5W-30;253142405;G-Energy Synthetic Active 5W-40;253142406;Totachi NIRO LV SP/GF-5 5W-30;1G104;Totachi NIRO Optima PRO 5W-40;1C812
Lada (ВАЗ);Largus Cross;2015;2030;1.6 (K7M);бензин;NGN PROFI A-LINE 5W-30;V272085301;NGN GOLD A-LINE 5W-40;V272085302;Renault RN0700, API SL/SM/SN, 5W-30/5W-40;3.3;W 75/3;нет данных;нет данных;C 30 002;нет данных;нет данных;CU 22 011;нет данных;нет данных;Заполнено агентом;нет данных;нет данных;нет данных;нет данных;нет данных;7700274177;8200431051;272773016R;нет данных;нет данных;нет данных;нет данных;ROWE HIGHTEC MULTI SYNT DPF 5W-30;20125-0040-99;ROWE HIGHTEC SYNT RSi 5W-40;20001-0040-99;TEBOIL Gold L 5W-30;2459465;TEBOIL Gold L 5W-40;3453956;G-Energy Synthetic Active 5W-30;253142405;G-Energy Synthetic Active 5W-40;253142406;Totachi NIRO LV SP/GF-5 5W-30;1G104;Totachi NIRO Optima PRO 5W-40;1C812
Mercedes-Benz;GLE (W166);2015;2019;3.5 V6 (M276);бензин;NGN PROFI A-LINE 5W-30;V272085301;NGN GOLD A-LINE 5W-40;V272085302;MB 229.51, API SN/SP, 5W-30;7.5;HU 6001 x;нет данных;нет данных;C 40 188;нет данных;нет данных;CUK 29 005;нет данных;нет данных;Заполнено агентом;нет данных;нет данных;нет данных;нет данных;нет данных;A2761800009;A1660940004;A1668350047;нет данных;нет данных;нет данных;нет данных;ROWE HIGHTEC MULTI SYNT DPF 5W-30;20125-0040-99;ROWE HIGHTEC SYNT RSi 5W-40;20001-0040-99;TEBOIL Gold L 5W-30;2459465;TEBOIL Gold L 5W-40;3453956;G-Energy Synthetic Active 5W-30;253142405;G-Energy Synthetic Active 5W-40;253142406;Totachi NIRO LV SP/GF-5 5W-30;1G104;Totachi NIRO Optima PRO 5W-40;1C812
Audi;A5 (B8);2007;2016;2.0 TFSI (CDNB);бензин;NGN PROFI A-LINE 5W-30;V272085301;NGN GOLD A-LINE 5W-40;V272085302;VW 502.00/504.00, ACEA A3/B4, 5W-30;4.5;W 712/94;нет данных;нет данных;C 35 154;нет данных;нет данных;CU 2442;нет данных;нет данных;Заполнено агентом;нет данных;нет данных;нет данных;нет данных;нет данных;06H115561;8K0133843;8K0819439A;нет данных;нет данных;нет данных;нет данных;ROWE HIGHTEC MULTI SYNT DPF 5W-30;20125-0040-99;ROWE HIGHTEC SYNT RSi 5W-40;20001-0040-99;TEBOIL Gold L 5W-30;2459465;TEBOIL Gold L 5W-40;3453956;G-Energy Synthetic Active 5W-30;253142405;G-Energy Synthetic Active 5W-40;253142406;Totachi NIRO LV SP/GF-5 5W-30;1G104;Totachi NIRO Optima PRO 5W-40;1C812
Volvo;XC60 II (246);2017;2030;2.0T (B4204T27);бензин;NGN PROFI A-LINE 5W-30;V272085301;NGN GOLD A-LINE 5W-40;V272085302;Volvo VCC-RBS0-2AE, ACEA A5/B5, 0W-20;6.2;HU 612/2 x;нет данных;нет данных;C 35 005;нет данных;нет данных;CUK 29 005;нет данных;нет данных;Заполнено агентом;нет данных;нет данных;нет данных;нет данных;нет данных;31372214;31402643;31471461;нет данных;нет данных;нет данных;нет данных;ROWE HIGHTEC MULTI SYNT DPF 5W-30;20125-0040-99;ROWE HIGHTEC SYNT RSi 5W-40;20001-0040-99;TEBOIL Gold L 5W-30;2459465;TEBOIL Gold L 5W-40;3453956;G-Energy Synthetic Active 5W-30;253142405;G-Energy Synthetic Active 5W-40;253142406;Totachi NIRO LV SP/GF-5 5W-30;1G104;Totachi NIRO Optima PRO 5W-40;1C812
Hyundai;Kona (OS);2017;2023;1.6T / 2.0 (G4KH/G4NC);бензин;NGN PROFI A-LINE 5W-30;V272085301;NGN GOLD A-LINE 5W-40;V272085302;API SN/SP, ILSAC GF-5, 5W-30;4.0;W 811/80;нет данных;нет данных;C 26 033;нет данных;нет данных;CU 24 013;нет данных;нет данных;Заполнено агентом;нет данных;нет данных;нет данных;нет данных;нет данных;26300-35504;28113-J9100;97133-J9100;нет данных;нет данных;нет данных;нет данных;ROWE HIGHTEC MULTI SYNT DPF 5W-30;20125-0040-99;ROWE HIGHTEC SYNT RSi 5W-40;20001-0040-99;TEBOIL Gold L 5W-30;2459465;TEBOIL Gold L 5W-40;3453956;G-Energy Synthetic Active 5W-30;253142405;G-Energy Synthetic Active 5W-40;253142406;Totachi NIRO LV SP/GF-5 5W-30;1G104;Totachi NIRO Optima PRO 5W-40;1C812
ГАЗ;3302 (Газель) / Соболь 2217;1994;2010;2.3/2.9 (ZMZ-402/406);бензин;NGN PROFI A-LINE 5W-30;V272085301;NGN GOLD A-LINE 5W-40;V272085302;API SG/SJ/SL, 5W-30/5W-40/10W-40;6.0;W 914/2;нет данных;нет данных;нет данных;нет данных;нет данных;нет данных;нет данных;нет данных;Заполнено агентом;нет данных;нет данных;нет данных;нет данных;нет данных;2401-1012005;402.1109080;нет данных;нет данных;нет данных;нет данных;нет данных;ROWE HIGHTEC MULTI SYNT DPF 5W-30;20125-0040-99;ROWE HIGHTEC SYNT RSi 5W-40;20001-0040-99;TEBOIL Gold L 5W-30;2459465;TEBOIL Gold L 5W-40;3453956;G-Energy Synthetic Active 5W-30;253142405;G-Energy Synthetic Active 5W-40;253142406;Totachi NIRO LV SP/GF-5 5W-30;1G104;Totachi NIRO Optima PRO 5W-40;1C812
BMW;X5 (G05);2018;2030;3.0T (B58B30);бензин;NGN PROFI A-LINE 5W-30;V272085301;NGN GOLD A-LINE 5W-40;V272085302;BMW LL-14 FE+, API SN/SP, 0W-30/0W-40;6.5;HU 6022 z;нет данных;нет данных;C 40 188;нет данных;нет данных;CUK 29 005;нет данных;нет данных;Заполнено агентом;нет данных;нет данных;нет данных;нет данных;нет данных;11428575211;13718577174;64119272646;нет данных;нет данных;нет данных;нет данных;ROWE HIGHTEC MULTI SYNT DPF 5W-30;20125-0040-99;ROWE HIGHTEC SYNT RSi 5W-40;20001-0040-99;TEBOIL Gold L 5W-30;2459465;TEBOIL Gold L 5W-40;3453956;G-Energy Synthetic Active 5W-30;253142405;G-Energy Synthetic Active 5W-40;253142406;Totachi NIRO LV SP/GF-5 5W-30;1G104;Totachi NIRO Optima PRO 5W-40;1C812
Changan;CS35 Plus;2019;2030;1.4T (JL473ZQ4);бензин;NGN PROFI A-LINE 5W-30;V272085301;NGN GOLD A-LINE 5W-40;V272085302;API SN/SP, 5W-30/5W-40;3.7;нет данных;нет данных;нет данных;нет данных;нет данных;нет данных;нет данных;нет данных;нет данных;Заполнено агентом;нет данных;нет данных;нет данных;нет данных;нет данных;S101307500CA;S101070010CA;S101620010CA;нет данных;нет данных;нет данных;нет данных;ROWE HIGHTEC MULTI SYNT DPF 5W-30;20125-0040-99;ROWE HIGHTEC SYNT RSi 5W-40;20001-0040-99;TEBOIL Gold L 5W-30;2459465;TEBOIL Gold L 5W-40;3453956;G-Energy Synthetic Active 5W-30;253142405;G-Energy Synthetic Active 5W-40;253142406;Totachi NIRO LV SP/GF-5 5W-30;1G104;Totachi NIRO Optima PRO 5W-40;1C812
Volkswagen;Passat B8;2014;2023;1.8/2.0 TSI (CJSA/CJSB);бензин;NGN PROFI A-LINE 5W-30;V272085301;NGN GOLD A-LINE 5W-40;V272085302;VW 502.00/504.00, API SN/SP, 5W-30;4.6;HU 711/51 x;нет данных;нет данных;C 30 005;нет данных;нет данных;CUK 26 009;нет данных;нет данных;Заполнено агентом;нет данных;нет данных;нет данных;нет данных;нет данных;06K115561B;5Q0129620D;3Q0819653;нет данных;нет данных;нет данных;нет данных;ROWE HIGHTEC MULTI SYNT DPF 5W-30;20125-0040-99;ROWE HIGHTEC SYNT RSi 5W-40;20001-0040-99;TEBOIL Gold L 5W-30;2459465;TEBOIL Gold L 5W-40;3453956;G-Energy Synthetic Active 5W-30;253142405;G-Energy Synthetic Active 5W-40;253142406;Totachi NIRO LV SP/GF-5 5W-30;1G104;Totachi NIRO Optima PRO 5W-40;1C812
Kia;Telluride (ON);2019;2030;3.8 V6 (G6DQ);бензин;NGN PROFI A-LINE 5W-30;V272085301;NGN GOLD A-LINE 5W-40;V272085302;API SN/SP, ILSAC GF-5, 5W-30;6.6;HU 7027 z;нет данных;нет данных;C 26 033;нет данных;нет данных;CU 29 020;нет данных;нет данных;Заполнено агентом;нет данных;нет данных;нет данных;нет данных;нет данных;26300-3LTA0;28113-S9100;97133-S9000;нет данных;нет данных;нет данных;нет данных;ROWE HIGHTEC MULTI SYNT DPF 5W-30;20125-0040-99;ROWE HIGHTEC SYNT RSi 5W-40;20001-0040-99;TEBOIL Gold L 5W-30;2459465;TEBOIL Gold L 5W-40;3453956;G-Energy Synthetic Active 5W-30;253142405;G-Energy Synthetic Active 5W-40;253142406;Totachi NIRO LV SP/GF-5 5W-30;1G104;Totachi NIRO Optima PRO 5W-40;1C812
Ford;Mondeo V;2014;2022;2.0 EcoBoost (KTBA);бензин;NGN PROFI A-LINE 5W-30;V272085301;NGN GOLD A-LINE 5W-40;V272085302;Ford WSS-M2C945-A, API SN/SP, 5W-20;4.5;HU 612/2 x;нет данных;нет данных;C 2440;нет данных;нет данных;CUK 26 007;нет данных;нет данных;Заполнено агентом;нет данных;нет данных;нет данных;нет данных;нет данных;1940826;1897946;1905162;нет данных;нет данных;нет данных;нет данных;ROWE HIGHTEC MULTI SYNT DPF 5W-30;20125-0040-99;ROWE HIGHTEC SYNT RSi 5W-40;20001-0040-99;TEBOIL Gold L 5W-30;2459465;TEBOIL Gold L 5W-40;3453956;G-Energy Synthetic Active 5W-30;253142405;G-Energy Synthetic Active 5W-40;253142406;Totachi NIRO LV SP/GF-5 5W-30;1G104;Totachi NIRO Optima PRO 5W-40;1C812
Haval;H3;2009;2016;2.0 (4G63S4M);бензин;NGN PROFI A-LINE 5W-30;V272085301;NGN GOLD A-LINE 5W-40;V272085302;API SL/SM/SN, 5W-30/5W-40;4.5;W 610/3;нет данных;нет данных;C 27 003/1;нет данных;нет данных;нет данных;нет данных;нет данных;Заполнено агентом;нет данных;нет данных;нет данных;нет данных;нет данных;MN980159;1109100XY50XA;8107100K80;нет данных;нет данных;нет данных;нет данных;ROWE HIGHTEC MULTI SYNT DPF 5W-30;20125-0040-99;ROWE HIGHTEC SYNT RSi 5W-40;20001-0040-99;TEBOIL Gold L 5W-30;2459465;TEBOIL Gold L 5W-40;3453956;G-Energy Synthetic Active 5W-30;253142405;G-Energy Synthetic Active 5W-40;253142406;Totachi NIRO LV SP/GF-5 5W-30;1G104;Totachi NIRO Optima PRO 5W-40;1C812
Toyota;Land Cruiser Prado 150 (дизель);2009;2030;3.0TD (1KD-FTV);дизель;NGN PROFI A-LINE 5W-30;V272085301;NGN GOLD A-LINE 5W-40;V272085302;API CF/CJ-4, ACEA C3, 5W-30;7.5;W 712/83;нет данных;нет данных;C 3236/3;нет данных;нет данных;CU 2959;нет данных;нет данных;Заполнено агентом;нет данных;нет данных;нет данных;нет данных;нет данных;90915-20006;17801-30040;87139-0N010;нет данных;нет данных;нет данных;нет данных;ROWE HIGHTEC MULTI SYNT DPF 5W-30;20125-0040-99;ROWE HIGHTEC SYNT RSi 5W-40;20001-0040-99;TEBOIL Gold L 5W-30;2459465;TEBOIL Gold L 5W-40;3453956;G-Energy Synthetic Active 5W-30;253142405;G-Energy Synthetic Active 5W-40;253142406;Totachi NIRO LV SP/GF-5 5W-30;1G104;Totachi NIRO Optima PRO 5W-40;1C812
Nissan;Tiida (C11);2004;2014;1.6 (HR16DE);бензин;NGN PROFI A-LINE 5W-30;V272085301;NGN GOLD A-LINE 5W-40;V272085302;API SM/SN, ILSAC GF-4/GF-5, 5W-30;3.6;W 67/1;нет данных;нет данных;C 24 005;нет данных;нет данных;CU 1936;нет данных;нет данных;Заполнено агентом;нет данных;нет данных;нет данных;нет данных;нет данных;15208-65F0A;16546-ED500;27277-EN000;нет данных;нет данных;нет данных;нет данных;ROWE HIGHTEC MULTI SYNT DPF 5W-30;20125-0040-99;ROWE HIGHTEC SYNT RSi 5W-40;20001-0040-99;TEBOIL Gold L 5W-30;2459465;TEBOIL Gold L 5W-40;3453956;G-Energy Synthetic Active 5W-30;253142405;G-Energy Synthetic Active 5W-40;253142406;Totachi NIRO LV SP/GF-5 5W-30;1G104;Totachi NIRO Optima PRO 5W-40;1C812
Kia;Cerato IV (BD);2018;2030;1.6/2.0 (G4FG/G4NA);бензин;NGN PROFI A-LINE 5W-30;V272085301;NGN GOLD A-LINE 5W-40;V272085302;API SN/SP, ILSAC GF-5, 5W-30;3.6;W 811/80;нет данных;нет данных;C 26 033;нет данных;нет данных;CU 24 013;нет данных;нет данных;Заполнено агентом;нет данных;нет данных;нет данных;нет данных;нет данных;26300-35504;28113-AA101;97133-AA000;нет данных;нет данных;нет данных;нет данных;ROWE HIGHTEC MULTI SYNT DPF 5W-30;20125-0040-99;ROWE HIGHTEC SYNT RSi 5W-40;20001-0040-99;TEBOIL Gold L 5W-30;2459465;TEBOIL Gold L 5W-40;3453956;G-Energy Synthetic Active 5W-30;253142405;G-Energy Synthetic Active 5W-40;253142406;Totachi NIRO LV SP/GF-5 5W-30;1G104;Totachi NIRO Optima PRO 5W-40;1C812
Toyota;Sienna III (XL30);2010;2020;3.5 V6 (2GR-FE);бензин;NGN PROFI A-LINE 5W-30;V272085301;NGN GOLD A-LINE 5W-40;V272085302;API SN/SP, ILSAC GF-5, 0W-20/5W-30;6.4;HU 7019 z;нет данных;нет данных;C 27 030;нет данных;нет данных;CU 26 014;нет данных;нет данных;Заполнено агентом;нет данных;нет данных;нет данных;нет данных;нет данных;90915-10009;17801-0P030;87139-0N020;нет данных;нет данных;нет данных;нет данных;ROWE HIGHTEC MULTI SYNT DPF 5W-30;20125-0040-99;ROWE HIGHTEC SYNT RSi 5W-40;20001-0040-99;TEBOIL Gold L 5W-30;2459465;TEBOIL Gold L 5W-40;3453956;G-Energy Synthetic Active 5W-30;253142405;G-Energy Synthetic Active 5W-40;253142406;Totachi NIRO LV SP/GF-5 5W-30;1G104;Totachi NIRO Optima PRO 5W-40;1C812
Hyundai;Starex / H-1 (TQ);2007;2025;2.4 (G4KG);бензин;NGN PROFI A-LINE 5W-30;V272085301;NGN GOLD A-LINE 5W-40;V272085302;API SM/SN, ILSAC GF-4/GF-5, 5W-30;6.5;W 811/80;нет данных;нет данных;C 26 019;нет данных;нет данных;нет данных;нет данных;нет данных;Заполнено агентом;нет данных;нет данных;нет данных;нет данных;нет данных;26300-35503;28113-4H000;97133-4H000;нет данных;нет данных;нет данных;нет данных;ROWE HIGHTEC MULTI SYNT DPF 5W-30;20125-0040-99;ROWE HIGHTEC SYNT RSi 5W-40;20001-0040-99;TEBOIL Gold L 5W-30;2459465;TEBOIL Gold L 5W-40;3453956;G-Energy Synthetic Active 5W-30;253142405;G-Energy Synthetic Active 5W-40;253142406;Totachi NIRO LV SP/GF-5 5W-30;1G104;Totachi NIRO Optima PRO 5W-40;1C812
Volkswagen;Amarok (2H);2010;2022;2.0 TSI (CCZC);бензин;NGN PROFI A-LINE 5W-30;V272085301;NGN GOLD A-LINE 5W-40;V272085302;VW 502.00/504.00, API SN, 5W-30;5.0;W 712/94;нет данных;нет данных;C 31 008;нет данных;нет данных;CU 2939;нет данных;нет данных;Заполнено агентом;нет данных;нет данных;нет данных;нет данных;нет данных;06H115561;2H0129620;2H0819631;нет данных;нет данных;нет данных;нет данных;ROWE HIGHTEC MULTI SYNT DPF 5W-30;20125-0040-99;ROWE HIGHTEC SYNT RSi 5W-40;20001-0040-99;TEBOIL Gold L 5W-30;2459465;TEBOIL Gold L 5W-40;3453956;G-Energy Synthetic Active 5W-30;253142405;G-Energy Synthetic Active 5W-40;253142406;Totachi NIRO LV SP/GF-5 5W-30;1G104;Totachi NIRO Optima PRO 5W-40;1C812
Lexus;ES VII (XV70);2018;2030;2.5 (A25A-FKS);бензин;NGN PROFI A-LINE 5W-30;V272085301;NGN GOLD A-LINE 5W-40;V272085302;API SN/SP, ILSAC GF-5, 0W-16/0W-20;4.8;HU 7019 z;нет данных;нет данных;C 27 030;нет данных;нет данных;CU 26 014;нет данных;нет данных;Заполнено агентом;нет данных;нет данных;нет данных;нет данных;нет данных;90915-10010;17801-F0010;87139-0N020;нет данных;нет данных;нет данных;нет данных;ROWE HIGHTEC MULTI SYNT DPF 5W-30;20125-0040-99;ROWE HIGHTEC SYNT RSi 5W-40;20001-0040-99;TEBOIL Gold L 5W-30;2459465;TEBOIL Gold L 5W-40;3453956;G-Energy Synthetic Active 5W-30;253142405;G-Energy Synthetic Active 5W-40;253142406;Totachi NIRO LV SP/GF-5 5W-30;1G104;Totachi NIRO Optima PRO 5W-40;1C812
BMW;X1 (F48);2015;2022;1.5T/2.0T (B38/B48);бензин;NGN PROFI A-LINE 5W-30;V272085301;NGN GOLD A-LINE 5W-40;V272085302;BMW LL-01/LL-04, API SN, 5W-30;4.25;HU 6022 z;нет данных;нет данных;C 40 188;нет данных;нет данных;CU 29 005;нет данных;нет данных;Заполнено агентом;нет данных;нет данных;нет данных;нет данных;нет данных;11428575211;13718577174;64119272646;нет данных;нет данных;нет данных;нет данных;ROWE HIGHTEC MULTI SYNT DPF 5W-30;20125-0040-99;ROWE HIGHTEC SYNT RSi 5W-40;20001-0040-99;TEBOIL Gold L 5W-30;2459465;TEBOIL Gold L 5W-40;3453956;G-Energy Synthetic Active 5W-30;253142405;G-Energy Synthetic Active 5W-40;253142406;Totachi NIRO LV SP/GF-5 5W-30;1G104;Totachi NIRO Optima PRO 5W-40;1C812
Chery;Tiggo 8 Pro Max;2022;2030;2.0T (SQRF4J20);бензин;NGN PROFI A-LINE 5W-30;V272085301;NGN GOLD A-LINE 5W-40;V272085302;API SN/SP, 5W-30;4.5;W 712/83;нет данных;нет данных;нет данных;нет данных;нет данных;нет данных;нет данных;нет данных;Заполнено агентом;нет данных;нет данных;нет данных;нет данных;нет данных;4801012010;T21-1109111BA;T21-8104060;нет данных;нет данных;нет данных;нет данных;ROWE HIGHTEC MULTI SYNT DPF 5W-30;20125-0040-99;ROWE HIGHTEC SYNT RSi 5W-40;20001-0040-99;TEBOIL Gold L 5W-30;2459465;TEBOIL Gold L 5W-40;3453956;G-Energy Synthetic Active 5W-30;253142405;G-Energy Synthetic Active 5W-40;253142406;Totachi NIRO LV SP/GF-5 5W-30;1G104;Totachi NIRO Optima PRO 5W-40;1C812
Renault;Scenic III (JZ);2009;2016;1.6/2.0 (K4M/F4R);бензин;NGN PROFI A-LINE 5W-30;V272085301;NGN GOLD A-LINE 5W-40;V272085302;Renault RN0700/RN0710, API SN, 5W-30/5W-40;4.8;W 6025;нет данных;нет данных;C 2433/1;нет данных;нет данных;CU 22 011;нет данных;нет данных;Заполнено агентом;нет данных;нет данных;нет данных;нет данных;нет данных;7700274177;8200431051;272773016R;нет данных;нет данных;нет данных;нет данных;ROWE HIGHTEC MULTI SYNT DPF 5W-30;20125-0040-99;ROWE HIGHTEC SYNT RSi 5W-40;20001-0040-99;TEBOIL Gold L 5W-30;2459465;TEBOIL Gold L 5W-40;3453956;G-Energy Synthetic Active 5W-30;253142405;G-Energy Synthetic Active 5W-40;253142406;Totachi NIRO LV SP/GF-5 5W-30;1G104;Totachi NIRO Optima PRO 5W-40;1C812
Toyota;Corolla IX (E140);2007;2013;1.6 (1ZR-FE);бензин;NGN PROFI A-LINE 5W-30;V272085301;NGN GOLD A-LINE 5W-40;V272085302;API SL/SM/SN, ILSAC GF-4/GF-5, 0W-20/5W-30;3.4;W 712/83;нет данных;нет данных;C 27 030;нет данных;нет данных;CU 1919;нет данных;нет данных;Заполнено агентом;нет данных;нет данных;нет данных;нет данных;нет данных;90915-YZZE2;17801-0H010;87139-02020;нет данных;нет данных;нет данных;нет данных;ROWE HIGHTEC MULTI SYNT DPF 5W-30;20125-0040-99;ROWE HIGHTEC SYNT RSi 5W-40;20001-0040-99;TEBOIL Gold L 5W-30;2459465;TEBOIL Gold L 5W-40;3453956;G-Energy Synthetic Active 5W-30;253142405;G-Energy Synthetic Active 5W-40;253142406;Totachi NIRO LV SP/GF-5 5W-30;1G104;Totachi NIRO Optima PRO 5W-40;1C812
Ford;Fusion II;2012;2020;2.0 EcoBoost (GTDI);бензин;NGN PROFI A-LINE 5W-30;V272085301;NGN GOLD A-LINE 5W-40;V272085302;Ford WSS-M2C945-A, API SN, 5W-20;4.0;W 7008;нет данных;нет данных;C 28 122;нет данных;нет данных;CU 2440;нет данных;нет данных;Заполнено агентом;нет данных;нет данных;нет данных;нет данных;нет данных;DS7Z-6731-A;DS7Z-9601-A;DS7Z-19N619-A;нет данных;нет данных;нет данных;нет данных;ROWE HIGHTEC MULTI SYNT DPF 5W-30;20125-0040-99;ROWE HIGHTEC SYNT RSi 5W-40;20001-0040-99;TEBOIL Gold L 5W-30;2459465;TEBOIL Gold L 5W-40;3453956;G-Energy Synthetic Active 5W-30;253142405;G-Energy Synthetic Active 5W-40;253142406;Totachi NIRO LV SP/GF-5 5W-30;1G104;Totachi NIRO Optima PRO 5W-40;1C812
BMW;2 Gran Coupe (F44);2019;2030;1.5T/2.0T (B38/B48);бензин;NGN PROFI A-LINE 5W-30;V272085301;NGN GOLD A-LINE 5W-40;V272085302;BMW LL-01/LL-04, API SN/SP, 5W-30;4.25;HU 6022 z;нет данных;нет данных;C 40 188;нет данных;нет данных;CUK 29 005;нет данных;нет данных;Заполнено агентом;нет данных;нет данных;нет данных;нет данных;нет данных;11428575211;13718577174;64119272646;нет данных;нет данных;нет данных;нет данных;ROWE HIGHTEC MULTI SYNT DPF 5W-30;20125-0040-99;ROWE HIGHTEC SYNT RSi 5W-40;20001-0040-99;TEBOIL Gold L 5W-30;2459465;TEBOIL Gold L 5W-40;3453956;G-Energy Synthetic Active 5W-30;253142405;G-Energy Synthetic Active 5W-40;253142406;Totachi NIRO LV SP/GF-5 5W-30;1G104;Totachi NIRO Optima PRO 5W-40;1C812
Geely;Emgrand EC7;2009;2018;1.5/1.8 (MR479QA/MR481QA);бензин;NGN PROFI A-LINE 5W-30;V272085301;NGN GOLD A-LINE 5W-40;V272085302;API SL/SM/SN, 5W-30/5W-40;3.8;W 712/83;нет данных;нет данных;нет данных;нет данных;нет данных;нет данных;нет данных;нет данных;Заполнено агентом;нет данных;нет данных;нет данных;нет данных;нет данных;1014050103;1014023800004;1014030600014;нет данных;нет данных;нет данных;нет данных;ROWE HIGHTEC MULTI SYNT DPF 5W-30;20125-0040-99;ROWE HIGHTEC SYNT RSi 5W-40;20001-0040-99;TEBOIL Gold L 5W-30;2459465;TEBOIL Gold L 5W-40;3453956;G-Energy Synthetic Active 5W-30;253142405;G-Energy Synthetic Active 5W-40;253142406;Totachi NIRO LV SP/GF-5 5W-30;1G104;Totachi NIRO Optima PRO 5W-40;1C812
Skoda;Karoq (NU7);2017;2030;1.4 TSI (CZCA/CZEA/DJKA);бензин;NGN PROFI A-LINE 5W-30;V272085301;NGN GOLD A-LINE 5W-40;V272085302;VW 502.00/504.00, API SN/SP, 5W-30;3.8;W 712/95;нет данных;нет данных;C 27 009;нет данных;нет данных;CUK 26 009;нет данных;нет данных;Заполнено агентом;нет данных;нет данных;нет данных;нет данных;нет данных;04E115561H;5Q0129620B;3Q0819653;нет данных;нет данных;нет данных;нет данных;ROWE HIGHTEC MULTI SYNT DPF 5W-30;20125-0040-99;ROWE HIGHTEC SYNT RSi 5W-40;20001-0040-99;TEBOIL Gold L 5W-30;2459465;TEBOIL Gold L 5W-40;3453956;G-Energy Synthetic Active 5W-30;253142405;G-Energy Synthetic Active 5W-40;253142406;Totachi NIRO LV SP/GF-5 5W-30;1G104;Totachi NIRO Optima PRO 5W-40;1C812
Skoda;Karoq (NU7);2017;2030;2.0 TSI (DKZA);бензин;NGN PROFI A-LINE 5W-30;V272085301;NGN GOLD A-LINE 5W-40;V272085302;VW 502.00/504.00, API SN/SP, 5W-30;4.3;HU 711/51 x;нет данных;нет данных;C 30 005;нет данных;нет данных;CUK 26 009;нет данных;нет данных;Заполнено агентом;нет данных;нет данных;нет данных;нет данных;нет данных;06K115561B;5Q0129620D;3Q0819653;нет данных;нет данных;нет данных;нет данных;ROWE HIGHTEC MULTI SYNT DPF 5W-30;20125-0040-99;ROWE HIGHTEC SYNT RSi 5W-40;20001-0040-99;TEBOIL Gold L 5W-30;2459465;TEBOIL Gold L 5W-40;3453956;G-Energy Synthetic Active 5W-30;253142405;G-Energy Synthetic Active 5W-40;253142406;Totachi NIRO LV SP/GF-5 5W-30;1G104;Totachi NIRO Optima PRO 5W-40;1C812
Honda;Pilot III (YF);2015;2022;3.5 V6 (J35Y4);бензин;NGN PROFI A-LINE 5W-30;V272085301;NGN GOLD A-LINE 5W-40;V272085302;Honda HTO-06, API SN, 0W-20;5.7;W 610/6;нет данных;нет данных;C 29 004;нет данных;нет данных;CU 29 002;нет данных;нет данных;Заполнено агентом;нет данных;нет данных;нет данных;нет данных;нет данных;15400-RTA-003;17220-RLV-A00;80292-SZA-405;нет данных;нет данных;нет данных;нет данных;ROWE HIGHTEC MULTI SYNT DPF 5W-30;20125-0040-99;ROWE HIGHTEC SYNT RSi 5W-40;20001-0040-99;TEBOIL Gold L 5W-30;2459465;TEBOIL Gold L 5W-40;3453956;G-Energy Synthetic Active 5W-30;253142405;G-Energy Synthetic Active 5W-40;253142406;Totachi NIRO LV SP/GF-5 5W-30;1G104;Totachi NIRO Optima PRO 5W-40;1C812
Audi;Q3 I (8U);2011;2018;1.4/2.0 TFSI (CZEA/CCZB);бензин;NGN PROFI A-LINE 5W-30;V272085301;NGN GOLD A-LINE 5W-40;V272085302;VW 502.00/504.00, API SN/SP, 5W-30;4.5;W 712/94;нет данных;нет данных;C 35 154;нет данных;нет данных;CU 2939;нет данных;нет данных;Заполнено агентом;нет данных;нет данных;нет данных;нет данных;нет данных;06H115561;1K0129620;5Q0819653;нет данных;нет данных;нет данных;нет данных;ROWE HIGHTEC MULTI SYNT DPF 5W-30;20125-0040-99;ROWE HIGHTEC SYNT RSi 5W-40;20001-0040-99;TEBOIL Gold L 5W-30;2459465;TEBOIL Gold L 5W-40;3453956;G-Energy Synthetic Active 5W-30;253142405;G-Energy Synthetic Active 5W-40;253142406;Totachi NIRO LV SP/GF-5 5W-30;1G104;Totachi NIRO Optima PRO 5W-40;1C812
Lada (ВАЗ);Vesta SW Cross;2017;2030;1.6/1.8 (VAZ 21129/21179);бензин;NGN PROFI A-LINE 5W-30;V272085301;NGN GOLD A-LINE 5W-40;V272085302;API SL/SM/SN, 5W-30/5W-40;3.5;W 914/2;нет данных;нет данных;C 27 030;нет данных;нет данных;CU 22 011;нет данных;нет данных;Заполнено агентом;нет данных;нет данных;нет данных;нет данных;нет данных;2108-1012005;165460509R;272773016R;нет данных;нет данных;нет данных;нет данных;ROWE HIGHTEC MULTI SYNT DPF 5W-30;20125-0040-99;ROWE HIGHTEC SYNT RSi 5W-40;20001-0040-99;TEBOIL Gold L 5W-30;2459465;TEBOIL Gold L 5W-40;3453956;G-Energy Synthetic Active 5W-30;253142405;G-Energy Synthetic Active 5W-40;253142406;Totachi NIRO LV SP/GF-5 5W-30;1G104;Totachi NIRO Optima PRO 5W-40;1C812
Mazda;CX-5 (KE) 2.5;2012;2017;2.5 (PY-VPS);бензин;NGN PROFI A-LINE 5W-30;V272085301;NGN GOLD A-LINE 5W-40;V272085302;API SN, ILSAC GF-5, 0W-20/5W-30;4.5;W 6018;нет данных;нет данных;C 27 019;нет данных;нет данных;CU 20 017;нет данных;нет данных;Заполнено агентом;нет данных;нет данных;нет данных;нет данных;нет данных;PE01-14-302B;KE01-13-3A0A;KD45-61-J6X;нет данных;нет данных;нет данных;нет данных;ROWE HIGHTEC MULTI SYNT DPF 5W-30;20125-0040-99;ROWE HIGHTEC SYNT RSi 5W-40;20001-0040-99;TEBOIL Gold L 5W-30;2459465;TEBOIL Gold L 5W-40;3453956;G-Energy Synthetic Active 5W-30;253142405;G-Energy Synthetic Active 5W-40;253142406;Totachi NIRO LV SP/GF-5 5W-30;1G104;Totachi NIRO Optima PRO 5W-40;1C812
Mercedes-Benz;E-класс V (W213);2016;2023;2.0T (M264);бензин;NGN PROFI A-LINE 5W-30;V272085301;NGN GOLD A-LINE 5W-40;V272085302;MB 229.51/229.61, API SN/SP, 0W-20/5W-30;6.5;HU 514 y;нет данных;нет данных;C 35 005;нет данных;нет данных;CUK 29 005;нет данных;нет данных;Заполнено агентом;нет данных;нет данных;нет данных;нет данных;нет данных;A2741800009;A2740940004;A2138350047;нет данных;нет данных;нет данных;нет данных;ROWE HIGHTEC MULTI SYNT DPF 5W-30;20125-0040-99;ROWE HIGHTEC SYNT RSi 5W-40;20001-0040-99;TEBOIL Gold L 5W-30;2459465;TEBOIL Gold L 5W-40;3453956;G-Energy Synthetic Active 5W-30;253142405;G-Energy Synthetic Active 5W-40;253142406;Totachi NIRO LV SP/GF-5 5W-30;1G104;Totachi NIRO Optima PRO 5W-40;1C812
Toyota;Camry VIII (XV55) рест.;2015;2018;2.0/2.5 (6AR/2AR-FE);бензин;NGN PROFI A-LINE 5W-30;V272085301;NGN GOLD A-LINE 5W-40;V272085302;API SN, ILSAC GF-5, 0W-20/5W-30;4.5;HU 7019 z;нет данных;нет данных;C 27 030;нет данных;нет данных;CU 26 014;нет данных;нет данных;Заполнено агентом;нет данных;нет данных;нет данных;нет данных;нет данных;04152-31090;17801-0V010;87139-0N020;нет данных;нет данных;нет данных;нет данных;ROWE HIGHTEC MULTI SYNT DPF 5W-30;20125-0040-99;ROWE HIGHTEC SYNT RSi 5W-40;20001-0040-99;TEBOIL Gold L 5W-30;2459465;TEBOIL Gold L 5W-40;3453956;G-Energy Synthetic Active 5W-30;253142405;G-Energy Synthetic Active 5W-40;253142406;Totachi NIRO LV SP/GF-5 5W-30;1G104;Totachi NIRO Optima PRO 5W-40;1C812
Volkswagen;Polo VI (AW) RU;2020;2030;1.6 MPI (CWVA);бензин;NGN PROFI A-LINE 5W-30;V272085301;NGN GOLD A-LINE 5W-40;V272085302;VW 502.00, API SN/SP, 5W-40;3.6;W 712/95;нет данных;нет данных;C 26 020;нет данных;нет данных;CU 2939;нет данных;нет данных;Заполнено агентом;нет данных;нет данных;нет данных;нет данных;нет данных;04E115561H;6Q0129620;AW0819631;нет данных;нет данных;нет данных;нет данных;ROWE HIGHTEC MULTI SYNT DPF 5W-30;20125-0040-99;ROWE HIGHTEC SYNT RSi 5W-40;20001-0040-99;TEBOIL Gold L 5W-30;2459465;TEBOIL Gold L 5W-40;3453956;G-Energy Synthetic Active 5W-30;253142405;G-Energy Synthetic Active 5W-40;253142406;Totachi NIRO LV SP/GF-5 5W-30;1G104;Totachi NIRO Optima PRO 5W-40;1C812
Hyundai;Ioniq (AE) гибрид;2016;2022;1.6 гибрид (G4LE);гибрид;NGN PROFI A-LINE 5W-30;V272085301;NGN GOLD A-LINE 5W-40;V272085302;API SN/SP, ILSAC GF-5, 0W-20/5W-30;3.5;W 811/80;нет данных;нет данных;C 26 033;нет данных;нет данных;CU 24 013;нет данных;нет данных;Заполнено агентом;нет данных;нет данных;нет данных;нет данных;нет данных;26300-35504;28113-G2100;97133-G2000;нет данных;нет данных;нет данных;нет данных;ROWE HIGHTEC MULTI SYNT DPF 5W-30;20125-0040-99;ROWE HIGHTEC SYNT RSi 5W-40;20001-0040-99;TEBOIL Gold L 5W-30;2459465;TEBOIL Gold L 5W-40;3453956;G-Energy Synthetic Active 5W-30;253142405;G-Energy Synthetic Active 5W-40;253142406;Totachi NIRO LV SP/GF-5 5W-30;1G104;Totachi NIRO Optima PRO 5W-40;1C812
Kia;Seltos (SP2);2019;2030;1.6T / 2.0 (G4FP/G4NA);бензин;NGN PROFI A-LINE 5W-30;V272085301;NGN GOLD A-LINE 5W-40;V272085302;API SN/SP, ILSAC GF-5, 5W-30;4.0;HU 7027 z;нет данных;нет данных;C 26 033;нет данных;нет данных;CU 24 013;нет данных;нет данных;Заполнено агентом;нет данных;нет данных;нет данных;нет данных;нет данных;26300-3CAA0;28113-J9100;97133-Q5000;нет данных;нет данных;нет данных;нет данных;ROWE HIGHTEC MULTI SYNT DPF 5W-30;20125-0040-99;ROWE HIGHTEC SYNT RSi 5W-40;20001-0040-99;TEBOIL Gold L 5W-30;2459465;TEBOIL Gold L 5W-40;3453956;G-Energy Synthetic Active 5W-30;253142405;G-Energy Synthetic Active 5W-40;253142406;Totachi NIRO LV SP/GF-5 5W-30;1G104;Totachi NIRO Optima PRO 5W-40;1C812
Changan;Uni-T;2020;2030;1.5T (JL473ZQ5);бензин;NGN PROFI A-LINE 5W-30;V272085301;NGN GOLD A-LINE 5W-40;V272085302;API SN/SP, 5W-30/5W-40;4.3;нет данных;нет данных;нет данных;нет данных;нет данных;нет данных;нет данных;нет данных;нет данных;Заполнено агентом;нет данных;нет данных;нет данных;нет данных;нет данных;S101307500CA;S101070010CA;S101620010CA;нет данных;нет данных;нет данных;нет данных;ROWE HIGHTEC MULTI SYNT DPF 5W-30;20125-0040-99;ROWE HIGHTEC SYNT RSi 5W-40;20001-0040-99;TEBOIL Gold L 5W-30;2459465;TEBOIL Gold L 5W-40;3453956;G-Energy Synthetic Active 5W-30;253142405;G-Energy Synthetic Active 5W-40;253142406;Totachi NIRO LV SP/GF-5 5W-30;1G104;Totachi NIRO Optima PRO 5W-40;1C812
Toyota;Land Cruiser Prado 120 4.0;2002;2009;4.0 V6 (1GR-FE);бензин;NGN PROFI A-LINE 5W-30;V272085301;NGN GOLD A-LINE 5W-40;V272085302;API SL/SM/SN, ILSAC GF-3/GF-4, 5W-30;6.7;W 712/83;нет данных;нет данных;C 3236/3;нет данных;нет данных;CU 2959;нет данных;нет данных;Заполнено агентом;нет данных;нет данных;нет данных;нет данных;нет данных;90915-20006;17801-60040;87139-60060;нет данных;нет данных;нет данных;нет данных;ROWE HIGHTEC MULTI SYNT DPF 5W-30;20125-0040-99;ROWE HIGHTEC SYNT RSi 5W-40;20001-0040-99;TEBOIL Gold L 5W-30;2459465;TEBOIL Gold L 5W-40;3453956;G-Energy Synthetic Active 5W-30;253142405;G-Energy Synthetic Active 5W-40;253142406;Totachi NIRO LV SP/GF-5 5W-30;1G104;Totachi NIRO Optima PRO 5W-40;1C812
Nissan;Qashqai I (J10) 1.5dCi;2007;2014;1.5dCi (K9K);дизель;NGN PROFI A-LINE 5W-30;V272085301;NGN GOLD A-LINE 5W-40;V272085302;API CF/CG-4, ACEA B3/B4, 5W-30/5W-40;3.8;W 67/1;нет данных;нет данных;C 2433/2;нет данных;нет данных;CU 1936;нет данных;нет данных;Заполнено агентом;нет данных;нет данных;нет данных;нет данных;нет данных;15208-65F0A;16546-JD20A;27277-ET00A;нет данных;нет данных;нет данных;нет данных;ROWE HIGHTEC MULTI SYNT DPF 5W-30;20125-0040-99;ROWE HIGHTEC SYNT RSi 5W-40;20001-0040-99;TEBOIL Gold L 5W-30;2459465;TEBOIL Gold L 5W-40;3453956;G-Energy Synthetic Active 5W-30;253142405;G-Energy Synthetic Active 5W-40;253142406;Totachi NIRO LV SP/GF-5 5W-30;1G104;Totachi NIRO Optima PRO 5W-40;1C812
Hyundai;H100 / Porter II;2004;2025;2.5TD (D4CB);дизель;NGN PROFI A-LINE 5W-30;V272085301;NGN GOLD A-LINE 5W-40;V272085302;API CI-4/CJ-4, ACEA B4, 5W-30/10W-40;7.0;W 811/80;нет данных;нет данных;C 26 019;нет данных;нет данных;нет данных;нет данных;нет данных;Заполнено агентом;нет данных;нет данных;нет данных;нет данных;нет данных;26300-4A201;28113-4F100;97133-4F200;нет данных;нет данных;нет данных;нет данных;ROWE HIGHTEC MULTI SYNT DPF 5W-30;20125-0040-99;ROWE HIGHTEC SYNT RSi 5W-40;20001-0040-99;TEBOIL Gold L 5W-30;2459465;TEBOIL Gold L 5W-40;3453956;G-Energy Synthetic Active 5W-30;253142405;G-Energy Synthetic Active 5W-40;253142406;Totachi NIRO LV SP/GF-5 5W-30;1G104;Totachi NIRO Optima PRO 5W-40;1C812
Volkswagen;Crafter I (2E);2006;2016;2.0 TDI (CKTB/CKUB);дизель;NGN PROFI A-LINE 5W-30;V272085301;NGN GOLD A-LINE 5W-40;V272085302;VW 507.00, ACEA C3, 5W-30;8.0;HU 7003 x;нет данных;нет данных;C 43 12/1;нет данных;нет данных;CU 2939;нет данных;нет данных;Заполнено агентом;нет данных;нет данных;нет данных;нет данных;нет данных;059115561A;2E0129620;2E0820053;нет данных;нет данных;нет данных;нет данных;ROWE HIGHTEC MULTI SYNT DPF 5W-30;20125-0040-99;ROWE HIGHTEC SYNT RSi 5W-40;20001-0040-99;TEBOIL Gold L 5W-30;2459465;TEBOIL Gold L 5W-40;3453956;G-Energy Synthetic Active 5W-30;253142405;G-Energy Synthetic Active 5W-40;253142406;Totachi NIRO LV SP/GF-5 5W-30;1G104;Totachi NIRO Optima PRO 5W-40;1C812
Kia;Sportage IV (QL) 1.6T;2015;2021;1.6T (G4KH);бензин;NGN PROFI A-LINE 5W-30;V272085301;NGN GOLD A-LINE 5W-40;V272085302;API SN/SP, ILSAC GF-5, 5W-30;4.2;W 811/80;нет данных;нет данных;C 26 033;нет данных;нет данных;CU 24 013;нет данных;нет данных;Заполнено агентом;нет данных;нет данных;нет данных;нет данных;нет данных;26300-35504;28113-D3000;97133-D3000;нет данных;нет данных;нет данных;нет данных;ROWE HIGHTEC MULTI SYNT DPF 5W-30;20125-0040-99;ROWE HIGHTEC SYNT RSi 5W-40;20001-0040-99;TEBOIL Gold L 5W-30;2459465;TEBOIL Gold L 5W-40;3453956;G-Energy Synthetic Active 5W-30;253142405;G-Energy Synthetic Active 5W-40;253142406;Totachi NIRO LV SP/GF-5 5W-30;1G104;Totachi NIRO Optima PRO 5W-40;1C812
Exeed (Chery);TXL;2020;2030;2.0T (SQRF4J20);бензин;NGN PROFI A-LINE 5W-30;V272085301;NGN GOLD A-LINE 5W-40;V272085302;API SN/SP, 5W-30/5W-40;5.0;W 712/83;нет данных;нет данных;нет данных;нет данных;нет данных;нет данных;нет данных;нет данных;Заполнено агентом;нет данных;нет данных;нет данных;нет данных;нет данных;4801012010;T21-1109111BA;T21-8104060;нет данных;нет данных;нет данных;нет данных;ROWE HIGHTEC MULTI SYNT DPF 5W-30;20125-0040-99;ROWE HIGHTEC SYNT RSi 5W-40;20001-0040-99;TEBOIL Gold L 5W-30;2459465;TEBOIL Gold L 5W-40;3453956;G-Energy Synthetic Active 5W-30;253142405;G-Energy Synthetic Active 5W-40;253142406;Totachi NIRO LV SP/GF-5 5W-30;1G104;Totachi NIRO Optima PRO 5W-40;1C812
Lexus;NX I (AZ10);2014;2021;2.0T (8AR-FTS);бензин;NGN PROFI A-LINE 5W-30;V272085301;NGN GOLD A-LINE 5W-40;V272085302;API SN/SP, ILSAC GF-5, 0W-20/5W-30;5.1;HU 7019 z;нет данных;нет данных;C 27 030;нет данных;нет данных;CU 26 014;нет данных;нет данных;Заполнено агентом;нет данных;нет данных;нет данных;нет данных;нет данных;04152-31090;17801-36030;87139-0N020;нет данных;нет данных;нет данных;нет данных;ROWE HIGHTEC MULTI SYNT DPF 5W-30;20125-0040-99;ROWE HIGHTEC SYNT RSi 5W-40;20001-0040-99;TEBOIL Gold L 5W-30;2459465;TEBOIL Gold L 5W-40;3453956;G-Energy Synthetic Active 5W-30;253142405;G-Energy Synthetic Active 5W-40;253142406;Totachi NIRO LV SP/GF-5 5W-30;1G104;Totachi NIRO Optima PRO 5W-40;1C812
Toyota;Land Cruiser 80 (FJ80);1990;1998;4.5 (1FZ-FE);бензин;NGN PROFI A-LINE 5W-30;V272085301;NGN GOLD A-LINE 5W-40;V272085302;API SL/SM, 5W-30/5W-40/10W-40;8.0;HU 932/5 n;нет данных;нет данных;C 3236/3;нет данных;нет данных;нет данных;нет данных;нет данных;Заполнено агентом;нет данных;нет данных;нет данных;нет данных;нет данных;90915-20003;17801-60040;нет данных;нет данных;нет данных;нет данных;нет данных;ROWE HIGHTEC MULTI SYNT DPF 5W-30;20125-0040-99;ROWE HIGHTEC SYNT RSi 5W-40;20001-0040-99;TEBOIL Gold L 5W-30;2459465;TEBOIL Gold L 5W-40;3453956;G-Energy Synthetic Active 5W-30;253142405;G-Energy Synthetic Active 5W-40;253142406;Totachi NIRO LV SP/GF-5 5W-30;1G104;Totachi NIRO Optima PRO 5W-40;1C812
Chevrolet;Malibu IX;2016;2023;1.5T/2.0T (LFV/LTG);бензин;NGN PROFI A-LINE 5W-30;V272085301;NGN GOLD A-LINE 5W-40;V272085302;GM Dexos1 Gen2, API SN/SP, 5W-30;4.7;HU 612/2 x;нет данных;нет данных;C 3236;нет данных;нет данных;CU 2442;нет данных;нет данных;Заполнено агентом;нет данных;нет данных;нет данных;нет данных;нет данных;55592254;84219776;84175789;нет данных;нет данных;нет данных;нет данных;ROWE HIGHTEC MULTI SYNT DPF 5W-30;20125-0040-99;ROWE HIGHTEC SYNT RSi 5W-40;20001-0040-99;TEBOIL Gold L 5W-30;2459465;TEBOIL Gold L 5W-40;3453956;G-Energy Synthetic Active 5W-30;253142405;G-Energy Synthetic Active 5W-40;253142406;Totachi NIRO LV SP/GF-5 5W-30;1G104;Totachi NIRO Optima PRO 5W-40;1C812
Kia;Cerato II (TD);2008;2013;1.6/2.0 (G4FC/G4GC);бензин;NGN PROFI A-LINE 5W-30;V272085301;NGN GOLD A-LINE 5W-40;V272085302;API SM/SN, ILSAC GF-4/GF-5, 5W-30;3.6;W 811/80;нет данных;нет данных;C 26 022;нет данных;нет данных;CU 21 008;нет данных;нет данных;Заполнено агентом;нет данных;нет данных;нет данных;нет данных;нет данных;26300-35503;28113-2H000;97133-2H000;нет данных;нет данных;нет данных;нет данных;ROWE HIGHTEC MULTI SYNT DPF 5W-30;20125-0040-99;ROWE HIGHTEC SYNT RSi 5W-40;20001-0040-99;TEBOIL Gold L 5W-30;2459465;TEBOIL Gold L 5W-40;3453956;G-Energy Synthetic Active 5W-30;253142405;G-Energy Synthetic Active 5W-40;253142406;Totachi NIRO LV SP/GF-5 5W-30;1G104;Totachi NIRO Optima PRO 5W-40;1C812
Volvo;S60/V60 II (224);2018;2024;2.0T (B4204T27);бензин;NGN PROFI A-LINE 5W-30;V272085301;NGN GOLD A-LINE 5W-40;V272085302;Volvo VCC-RBS0-2AE, ACEA A5/B5, 0W-20;6.0;HU 612/2 x;нет данных;нет данных;C 35 005;нет данных;нет данных;CUK 29 005;нет данных;нет данных;Заполнено агентом;нет данных;нет данных;нет данных;нет данных;нет данных;31372214;31402643;31471461;нет данных;нет данных;нет данных;нет данных;ROWE HIGHTEC MULTI SYNT DPF 5W-30;20125-0040-99;ROWE HIGHTEC SYNT RSi 5W-40;20001-0040-99;TEBOIL Gold L 5W-30;2459465;TEBOIL Gold L 5W-40;3453956;G-Energy Synthetic Active 5W-30;253142405;G-Energy Synthetic Active 5W-40;253142406;Totachi NIRO LV SP/GF-5 5W-30;1G104;Totachi NIRO Optima PRO 5W-40;1C812
Dodge;Charger / Challenger 3.6 V6;2011;2023;3.6 V6 (ERB Pentastar);бензин;NGN PROFI A-LINE 5W-30;V272085301;NGN GOLD A-LINE 5W-40;V272085302;Chrysler MS-6395, API SN, 5W-20;5.9;W 6018;нет данных;нет данных;C 3236/3;нет данных;нет данных;CU 2882;нет данных;нет данных;Заполнено агентом;нет данных;нет данных;нет данных;нет данных;нет данных;68191349AB;68200777AB;68079487AA;нет данных;нет данных;нет данных;нет данных;ROWE HIGHTEC MULTI SYNT DPF 5W-30;20125-0040-99;ROWE HIGHTEC SYNT RSi 5W-40;20001-0040-99;TEBOIL Gold L 5W-30;2459465;TEBOIL Gold L 5W-40;3453956;G-Energy Synthetic Active 5W-30;253142405;G-Energy Synthetic Active 5W-40;253142406;Totachi NIRO LV SP/GF-5 5W-30;1G104;Totachi NIRO Optima PRO 5W-40;1C812
Renault;Talisman (LFD);2015;2023;1.6T (M5MT/H5H);бензин;NGN PROFI A-LINE 5W-30;V272085301;NGN GOLD A-LINE 5W-40;V272085302;Renault RN0700/RN0710, API SN/SP, 5W-30;5.5;W 6025;нет данных;нет данных;C 2433/1;нет данных;нет данных;CU 22 011;нет данных;нет данных;Заполнено агентом;нет данных;нет данных;нет данных;нет данных;нет данных;152085758R;165460509R;272773016R;нет данных;нет данных;нет данных;нет данных;ROWE HIGHTEC MULTI SYNT DPF 5W-30;20125-0040-99;ROWE HIGHTEC SYNT RSi 5W-40;20001-0040-99;TEBOIL Gold L 5W-30;2459465;TEBOIL Gold L 5W-40;3453956;G-Energy Synthetic Active 5W-30;253142405;G-Energy Synthetic Active 5W-40;253142406;Totachi NIRO LV SP/GF-5 5W-30;1G104;Totachi NIRO Optima PRO 5W-40;1C812
Subaru;Legacy VI (BN/BS);2014;2020;2.5 (FB25);бензин;NGN PROFI A-LINE 5W-30;V272085301;NGN GOLD A-LINE 5W-40;V272085302;API SN/SP, ILSAC GF-5, 0W-20/5W-30;5.0;W 940/26;нет данных;нет данных;C 35 008;нет данных;нет данных;CU 2882;нет данных;нет данных;Заполнено агентом;нет данных;нет данных;нет данных;нет данных;нет данных;15208-AA100;16546-AA090;72880-AL000;нет данных;нет данных;нет данных;нет данных;ROWE HIGHTEC MULTI SYNT DPF 5W-30;20125-0040-99;ROWE HIGHTEC SYNT RSi 5W-40;20001-0040-99;TEBOIL Gold L 5W-30;2459465;TEBOIL Gold L 5W-40;3453956;G-Energy Synthetic Active 5W-30;253142405;G-Energy Synthetic Active 5W-40;253142406;Totachi NIRO LV SP/GF-5 5W-30;1G104;Totachi NIRO Optima PRO 5W-40;1C812
Haval;H6 (1-е пок.);2014;2020;2.0T (GW4C-20B);бензин;NGN PROFI A-LINE 5W-30;V272085301;NGN GOLD A-LINE 5W-40;V272085302;API SN/SP, 5W-30/5W-40;5.5;W 7058 M;нет данных;нет данных;нет данных;нет данных;нет данных;нет данных;нет данных;нет данных;Заполнено агентом;нет данных;нет данных;нет данных;нет данных;нет данных;1017100XEB08;1109110XKZ1DA;8107100XKZ57A;нет данных;нет данных;нет данных;нет данных;ROWE HIGHTEC MULTI SYNT DPF 5W-30;20125-0040-99;ROWE HIGHTEC SYNT RSi 5W-40;20001-0040-99;TEBOIL Gold L 5W-30;2459465;TEBOIL Gold L 5W-40;3453956;G-Energy Synthetic Active 5W-30;253142405;G-Energy Synthetic Active 5W-40;253142406;Totachi NIRO LV SP/GF-5 5W-30;1G104;Totachi NIRO Optima PRO 5W-40;1C812
Toyota;Alphard / Vellfire III (H30);2015;2023;2.5 (2AR-FE);бензин;NGN PROFI A-LINE 5W-30;V272085301;NGN GOLD A-LINE 5W-40;V272085302;API SN/SP, ILSAC GF-5, 0W-20/5W-30;4.7;HU 7019 z;нет данных;нет данных;C 27 030;нет данных;нет данных;CU 26 014;нет данных;нет данных;Заполнено агентом;нет данных;нет данных;нет данных;нет данных;нет данных;04152-31090;17801-0V010;87139-0N020;нет данных;нет данных;нет данных;нет данных;ROWE HIGHTEC MULTI SYNT DPF 5W-30;20125-0040-99;ROWE HIGHTEC SYNT RSi 5W-40;20001-0040-99;TEBOIL Gold L 5W-30;2459465;TEBOIL Gold L 5W-40;3453956;G-Energy Synthetic Active 5W-30;253142405;G-Energy Synthetic Active 5W-40;253142406;Totachi NIRO LV SP/GF-5 5W-30;1G104;Totachi NIRO Optima PRO 5W-40;1C812
ГАЗ;Газель NN (Cummins 2.8);2021;2030;2.8 Cummins ISF2.8s5154;дизель;NGN PROFI A-LINE 5W-30;V272085301;NGN GOLD A-LINE 5W-40;V272085302;API CI-4+/CJ-4, ACEA E7, 5W-30/10W-40;7.0;W 11 023;нет данных;нет данных;нет данных;нет данных;нет данных;нет данных;нет данных;нет данных;Заполнено агентом;нет данных;нет данных;нет данных;нет данных;нет данных;5310143;5310146;нет данных;нет данных;нет данных;нет данных;нет данных;ROWE HIGHTEC MULTI SYNT DPF 5W-30;20125-0040-99;ROWE HIGHTEC SYNT RSi 5W-40;20001-0040-99;TEBOIL Gold L 5W-30;2459465;TEBOIL Gold L 5W-40;3453956;G-Energy Synthetic Active 5W-30;253142405;G-Energy Synthetic Active 5W-40;253142406;Totachi NIRO LV SP/GF-5 5W-30;1G104;Totachi NIRO Optima PRO 5W-40;1C812
Kia;Sorento IV (MQ4) дизель;2020;2030;2.2TD (D4HB);дизель;NGN PROFI A-LINE 5W-30;V272085301;NGN GOLD A-LINE 5W-40;V272085302;API CJ-4/CK-4, ACEA C3, 5W-30;6.0;HU 7027 z;нет данных;нет данных;C 26 033;нет данных;нет данных;CU 24 013;нет данных;нет данных;Заполнено агентом;нет данных;нет данных;нет данных;нет данных;нет данных;26320-3LTA0;28113-P4100;97133-P4000;нет данных;нет данных;нет данных;нет данных;ROWE HIGHTEC MULTI SYNT DPF 5W-30;20125-0040-99;ROWE HIGHTEC SYNT RSi 5W-40;20001-0040-99;TEBOIL Gold L 5W-30;2459465;TEBOIL Gold L 5W-40;3453956;G-Energy Synthetic Active 5W-30;253142405;G-Energy Synthetic Active 5W-40;253142406;Totachi NIRO LV SP/GF-5 5W-30;1G104;Totachi NIRO Optima PRO 5W-40;1C812
Mazda;CX-5 (KF) 2.5;2017;2030;2.5 SKYACTIV-G (PY-VPS);бензин;NGN PROFI A-LINE 5W-30;V272085301;NGN GOLD A-LINE 5W-40;V272085302;API SN/SP, ILSAC GF-5, 0W-20/5W-30;4.5;W 6018;нет данных;нет данных;C 27 019;нет данных;нет данных;CU 20 017;нет данных;нет данных;Заполнено агентом;нет данных;нет данных;нет данных;нет данных;нет данных;PE01-14-302B;PE07-13-3A0A;KD45-61-J6X;нет данных;нет данных;нет данных;нет данных;ROWE HIGHTEC MULTI SYNT DPF 5W-30;20125-0040-99;ROWE HIGHTEC SYNT RSi 5W-40;20001-0040-99;TEBOIL Gold L 5W-30;2459465;TEBOIL Gold L 5W-40;3453956;G-Energy Synthetic Active 5W-30;253142405;G-Energy Synthetic Active 5W-40;253142406;Totachi NIRO LV SP/GF-5 5W-30;1G104;Totachi NIRO Optima PRO 5W-40;1C812
Hyundai;Elantra VII (CN7) 1.5T;2020;2030;1.5T (G4LH);бензин;NGN PROFI A-LINE 5W-30;V272085301;NGN GOLD A-LINE 5W-40;V272085302;API SN/SP, ILSAC GF-5, 0W-30/5W-30;3.8;W 811/80;нет данных;нет данных;C 26 033;нет данных;нет данных;CU 24 013;нет данных;нет данных;Заполнено агентом;нет данных;нет данных;нет данных;нет данных;нет данных;26300-35504;28113-AA101;97133-AA000;нет данных;нет данных;нет данных;нет данных;ROWE HIGHTEC MULTI SYNT DPF 5W-30;20125-0040-99;ROWE HIGHTEC SYNT RSi 5W-40;20001-0040-99;TEBOIL Gold L 5W-30;2459465;TEBOIL Gold L 5W-40;3453956;G-Energy Synthetic Active 5W-30;253142405;G-Energy Synthetic Active 5W-40;253142406;Totachi NIRO LV SP/GF-5 5W-30;1G104;Totachi NIRO Optima PRO 5W-40;1C812
Audi;Q8 (4M);2018;2030;3.0T (DBUA);бензин;NGN PROFI A-LINE 5W-30;V272085301;NGN GOLD A-LINE 5W-40;V272085302;VW 502.00/504.00, API SN/SP, 5W-30;7.0;HU 711/51 x;нет данных;нет данных;C 35 154;нет данных;нет данных;CUK 31 003;нет данных;нет данных;Заполнено агентом;нет данных;нет данных;нет данных;нет данных;нет данных;06K115561B;4M0133843;4M0819439;нет данных;нет данных;нет данных;нет данных;ROWE HIGHTEC MULTI SYNT DPF 5W-30;20125-0040-99;ROWE HIGHTEC SYNT RSi 5W-40;20001-0040-99;TEBOIL Gold L 5W-30;2459465;TEBOIL Gold L 5W-40;3453956;G-Energy Synthetic Active 5W-30;253142405;G-Energy Synthetic Active 5W-40;253142406;Totachi NIRO LV SP/GF-5 5W-30;1G104;Totachi NIRO Optima PRO 5W-40;1C812
Renault;Arkana 1.3T (H5H);2021;2030;1.3T (H5H);бензин;NGN PROFI A-LINE 5W-30;V272085301;NGN GOLD A-LINE 5W-40;V272085302;Renault RN0710, API SN/SP, 5W-30;4.5;W 712/94;нет данных;нет данных;C 2433/1;нет данных;нет данных;CU 22 011;нет данных;нет данных;Заполнено агентом;нет данных;нет данных;нет данных;нет данных;нет данных;152085758R;165460509R;272773016R;нет данных;нет данных;нет данных;нет данных;ROWE HIGHTEC MULTI SYNT DPF 5W-30;20125-0040-99;ROWE HIGHTEC SYNT RSi 5W-40;20001-0040-99;TEBOIL Gold L 5W-30;2459465;TEBOIL Gold L 5W-40;3453956;G-Energy Synthetic Active 5W-30;253142405;G-Energy Synthetic Active 5W-40;253142406;Totachi NIRO LV SP/GF-5 5W-30;1G104;Totachi NIRO Optima PRO 5W-40;1C812
Lada (ВАЗ);Vesta Sport;2018;2025;1.8 (VAZ 21179);бензин;NGN PROFI A-LINE 5W-30;V272085301;NGN GOLD A-LINE 5W-40;V272085302;API SL/SM/SN, 5W-30/5W-40;4.4;W 914/2;нет данных;нет данных;C 27 030;нет данных;нет данных;CU 22 011;нет данных;нет данных;Заполнено агентом;нет данных;нет данных;нет данных;нет данных;нет данных;2108-1012005;165460509R;272773016R;нет данных;нет данных;нет данных;нет данных;ROWE HIGHTEC MULTI SYNT DPF 5W-30;20125-0040-99;ROWE HIGHTEC SYNT RSi 5W-40;20001-0040-99;TEBOIL Gold L 5W-30;2459465;TEBOIL Gold L 5W-40;3453956;G-Energy Synthetic Active 5W-30;253142405;G-Energy Synthetic Active 5W-40;253142406;Totachi NIRO LV SP/GF-5 5W-30;1G104;Totachi NIRO Optima PRO 5W-40;1C812
BYD;Han EV;2020;2030;Электро 380/517 л.с.;электро;NGN PROFI A-LINE 5W-30;V272085301;NGN GOLD A-LINE 5W-40;V272085302;нет данных (электромотор);нет данных;нет данных;нет данных;нет данных;нет данных;нет данных;нет данных;нет данных;нет данных;нет данных;Заполнено агентом;нет данных;нет данных;нет данных;нет данных;нет данных;нет данных;нет данных;нет данных;нет данных;нет данных;нет данных;нет данных;ROWE HIGHTEC MULTI SYNT DPF 5W-30;20125-0040-99;ROWE HIGHTEC SYNT RSi 5W-40;20001-0040-99;TEBOIL Gold L 5W-30;2459465;TEBOIL Gold L 5W-40;3453956;G-Energy Synthetic Active 5W-30;253142405;G-Energy Synthetic Active 5W-40;253142406;Totachi NIRO LV SP/GF-5 5W-30;1G104;Totachi NIRO Optima PRO 5W-40;1C812
Mercedes-Benz;Sprinter W907 2.0 CDI;2018;2030;2.0 CDI (OM 654);дизель;NGN PROFI A-LINE 5W-30;V272085301;NGN GOLD A-LINE 5W-40;V272085302;MB 228.51/229.51, API CK-4, 5W-30;8.0;HU 6009 z;нет данных;нет данных;C 35 005;нет данных;нет данных;CU 29 005;нет данных;нет данных;Заполнено агентом;нет данных;нет данных;нет данных;нет данных;нет данных;A6541800009;A9060940004;A9108350047;нет данных;нет данных;нет данных;нет данных;ROWE HIGHTEC MULTI SYNT DPF 5W-30;20125-0040-99;ROWE HIGHTEC SYNT RSi 5W-40;20001-0040-99;TEBOIL Gold L 5W-30;2459465;TEBOIL Gold L 5W-40;3453956;G-Energy Synthetic Active 5W-30;253142405;G-Energy Synthetic Active 5W-40;253142406;Totachi NIRO LV SP/GF-5 5W-30;1G104;Totachi NIRO Optima PRO 5W-40;1C812
Lada (ВАЗ);Niva Travel (2123);2021;2030;1.7 (VAZ 21214);бензин;NGN PROFI A-LINE 5W-30;V272085301;NGN GOLD A-LINE 5W-40;V272085302;API SL/SM/SN, 5W-30/5W-40;3.75;W 914/2;нет данных;нет данных;C 22 117;нет данных;нет данных;нет данных;нет данных;нет данных;Заполнено агентом;нет данных;нет данных;нет данных;нет данных;нет данных;2105-1012005;2121-1109080;нет данных;нет данных;нет данных;нет данных;нет данных;ROWE HIGHTEC MULTI SYNT DPF 5W-30;20125-0040-99;ROWE HIGHTEC SYNT RSi 5W-40;20001-0040-99;TEBOIL Gold L 5W-30;2459465;TEBOIL Gold L 5W-40;3453956;G-Energy Synthetic Active 5W-30;253142405;G-Energy Synthetic Active 5W-40;253142406;Totachi NIRO LV SP/GF-5 5W-30;1G104;Totachi NIRO Optima PRO 5W-40;1C812
Hyundai;Tucson V (NX4) 1.6T;2021;2030;1.6T (G4FP);бензин;NGN PROFI A-LINE 5W-30;V272085301;NGN GOLD A-LINE 5W-40;V272085302;API SN/SP, ILSAC GF-5, 5W-30;4.2;W 811/80;нет данных;нет данных;C 26 033;нет данных;нет данных;CU 24 013;нет данных;нет данных;Заполнено агентом;нет данных;нет данных;нет данных;нет данных;нет данных;26300-35504;28113-N9100;97133-N9000;нет данных;нет данных;нет данных;нет данных;ROWE HIGHTEC MULTI SYNT DPF 5W-30;20125-0040-99;ROWE HIGHTEC SYNT RSi 5W-40;20001-0040-99;TEBOIL Gold L 5W-30;2459465;TEBOIL Gold L 5W-40;3453956;G-Energy Synthetic Active 5W-30;253142405;G-Energy Synthetic Active 5W-40;253142406;Totachi NIRO LV SP/GF-5 5W-30;1G104;Totachi NIRO Optima PRO 5W-40;1C812
Kia;Sportage V (NQ5);2021;2030;1.6T (G4FP);бензин;NGN PROFI A-LINE 5W-30;V272085301;NGN GOLD A-LINE 5W-40;V272085302;API SN/SP, ILSAC GF-5, 5W-30;4.2;W 811/80;нет данных;нет данных;C 26 033;нет данных;нет данных;CU 24 013;нет данных;нет данных;Заполнено агентом;нет данных;нет данных;нет данных;нет данных;нет данных;26300-35504;28113-P4000;97133-P4000;нет данных;нет данных;нет данных;нет данных;ROWE HIGHTEC MULTI SYNT DPF 5W-30;20125-0040-99;ROWE HIGHTEC SYNT RSi 5W-40;20001-0040-99;TEBOIL Gold L 5W-30;2459465;TEBOIL Gold L 5W-40;3453956;G-Energy Synthetic Active 5W-30;253142405;G-Energy Synthetic Active 5W-40;253142406;Totachi NIRO LV SP/GF-5 5W-30;1G104;Totachi NIRO Optima PRO 5W-40;1C812
Mercedes-Benz;S-класс (W222);2013;2020;3.0T bi-turbo (M276);бензин;NGN PROFI A-LINE 5W-30;V272085301;NGN GOLD A-LINE 5W-40;V272085302;MB 229.51/229.61, API SN/SP, 0W-30/5W-30;8.5;HU 6001 x;нет данных;нет данных;C 40 188;нет данных;нет данных;CUK 29 005;нет данных;нет данных;Заполнено агентом;нет данных;нет данных;нет данных;нет данных;нет данных;A2761800009;A2760940004;A2228350047;нет данных;нет данных;нет данных;нет данных;ROWE HIGHTEC MULTI SYNT DPF 5W-30;20125-0040-99;ROWE HIGHTEC SYNT RSi 5W-40;20001-0040-99;TEBOIL Gold L 5W-30;2459465;TEBOIL Gold L 5W-40;3453956;G-Energy Synthetic Active 5W-30;253142405;G-Energy Synthetic Active 5W-40;253142406;Totachi NIRO LV SP/GF-5 5W-30;1G104;Totachi NIRO Optima PRO 5W-40;1C812
Toyota;Land Cruiser 300 (J300);2021;2030;3.5T V6 (F33A-FTV);бензин;NGN PROFI A-LINE 5W-30;V272085301;NGN GOLD A-LINE 5W-40;V272085302;API SN/SP, ILSAC GF-5, 0W-20;7.7;HU 7019 z;нет данных;нет данных;C 27 030;нет данных;нет данных;CU 26 014;нет данных;нет данных;Заполнено агентом;нет данных;нет данных;нет данных;нет данных;нет данных;90915-10010;17801-F0010;87139-0N020;нет данных;нет данных;нет данных;нет данных;ROWE HIGHTEC MULTI SYNT DPF 5W-30;20125-0040-99;ROWE HIGHTEC SYNT RSi 5W-40;20001-0040-99;TEBOIL Gold L 5W-30;2459465;TEBOIL Gold L 5W-40;3453956;G-Energy Synthetic Active 5W-30;253142405;G-Energy Synthetic Active 5W-40;253142406;Totachi NIRO LV SP/GF-5 5W-30;1G104;Totachi NIRO Optima PRO 5W-40;1C812
BMW;5 G30 3.0T (530i/540i);2017;2030;3.0T (B58B30);бензин;NGN PROFI A-LINE 5W-30;V272085301;NGN GOLD A-LINE 5W-40;V272085302;BMW LL-14 FE+, API SN/SP, 0W-30/0W-40;6.5;HU 6022 z;нет данных;нет данных;C 40 188;нет данных;нет данных;CUK 29 005;нет данных;нет данных;Заполнено агентом;нет данных;нет данных;нет данных;нет данных;нет данных;11428575211;13718577174;64119272646;нет данных;нет данных;нет данных;нет данных;ROWE HIGHTEC MULTI SYNT DPF 5W-30;20125-0040-99;ROWE HIGHTEC SYNT RSi 5W-40;20001-0040-99;TEBOIL Gold L 5W-30;2459465;TEBOIL Gold L 5W-40;3453956;G-Energy Synthetic Active 5W-30;253142405;G-Energy Synthetic Active 5W-40;253142406;Totachi NIRO LV SP/GF-5 5W-30;1G104;Totachi NIRO Optima PRO 5W-40;1C812
Ford;Kuga II;2013;2020;1.5/2.0 EcoBoost (M8MA/R9DA);бензин;NGN PROFI A-LINE 5W-30;V272085301;NGN GOLD A-LINE 5W-40;V272085302;Ford WSS-M2C945-A, API SN/SP, 5W-20/5W-30;4.5;W 712/94;нет данных;нет данных;C 28 122;нет данных;нет данных;CUK 26 007;нет данных;нет данных;Заполнено агентом;нет данных;нет данных;нет данных;нет данных;нет данных;1879016;1805049;1746034;нет данных;нет данных;нет данных;нет данных;ROWE HIGHTEC MULTI SYNT DPF 5W-30;20125-0040-99;ROWE HIGHTEC SYNT RSi 5W-40;20001-0040-99;TEBOIL Gold L 5W-30;2459465;TEBOIL Gold L 5W-40;3453956;G-Energy Synthetic Active 5W-30;253142405;G-Energy Synthetic Active 5W-40;253142406;Totachi NIRO LV SP/GF-5 5W-30;1G104;Totachi NIRO Optima PRO 5W-40;1C812
Honda;Passport II / MDX 3.5;2019;2030;3.5 V6 (J35Y);бензин;NGN PROFI A-LINE 5W-30;V272085301;NGN GOLD A-LINE 5W-40;V272085302;Honda HTO-06, API SN/SP, 0W-20;5.7;W 610/6;нет данных;нет данных;C 29 004;нет данных;нет данных;CU 29 002;нет данных;нет данных;Заполнено агентом;нет данных;нет данных;нет данных;нет данных;нет данных;15400-RTA-003;17220-RLV-A00;80292-TGG-A01;нет данных;нет данных;нет данных;нет данных;ROWE HIGHTEC MULTI SYNT DPF 5W-30;20125-0040-99;ROWE HIGHTEC SYNT RSi 5W-40;20001-0040-99;TEBOIL Gold L 5W-30;2459465;TEBOIL Gold L 5W-40;3453956;G-Energy Synthetic Active 5W-30;253142405;G-Energy Synthetic Active 5W-40;253142406;Totachi NIRO LV SP/GF-5 5W-30;1G104;Totachi NIRO Optima PRO 5W-40;1C812
Changan;Uni-V / Lamore;2022;2030;1.5T (JL473ZQ5);бензин;NGN PROFI A-LINE 5W-30;V272085301;NGN GOLD A-LINE 5W-40;V272085302;API SN/SP, 5W-30/5W-40;4.3;нет данных;нет данных;нет данных;нет данных;нет данных;нет данных;нет данных;нет данных;нет данных;Заполнено агентом;нет данных;нет данных;нет данных;нет данных;нет данных;S101307500CA;S101070010CA;S101620010CA;нет данных;нет данных;нет данных;нет данных;ROWE HIGHTEC MULTI SYNT DPF 5W-30;20125-0040-99;ROWE HIGHTEC SYNT RSi 5W-40;20001-0040-99;TEBOIL Gold L 5W-30;2459465;TEBOIL Gold L 5W-40;3453956;G-Energy Synthetic Active 5W-30;253142405;G-Energy Synthetic Active 5W-40;253142406;Totachi NIRO LV SP/GF-5 5W-30;1G104;Totachi NIRO Optima PRO 5W-40;1C812
Skoda;Octavia IV (NX);2020;2030;1.5 TSI (DPCA/DADA);бензин;NGN PROFI A-LINE 5W-30;V272085301;NGN GOLD A-LINE 5W-40;V272085302;VW 502.00/504.00, API SN/SP, 5W-30;4.3;HU 711/51 x;нет данных;нет данных;C 27 009;нет данных;нет данных;CUK 26 009;нет данных;нет данных;Заполнено агентом;нет данных;нет данных;нет данных;нет данных;нет данных;06K115561B;5Q0129620B;5Q0819653;нет данных;нет данных;нет данных;нет данных;ROWE HIGHTEC MULTI SYNT DPF 5W-30;20125-0040-99;ROWE HIGHTEC SYNT RSi 5W-40;20001-0040-99;TEBOIL Gold L 5W-30;2459465;TEBOIL Gold L 5W-40;3453956;G-Energy Synthetic Active 5W-30;253142405;G-Energy Synthetic Active 5W-40;253142406;Totachi NIRO LV SP/GF-5 5W-30;1G104;Totachi NIRO Optima PRO 5W-40;1C812
Renault;Sandero II (BS);2014;2023;1.6 (H4M/K4M);бензин;NGN PROFI A-LINE 5W-30;V272085301;NGN GOLD A-LINE 5W-40;V272085302;Renault RN0700/RN0710, API SN, 5W-30/5W-40;3.5;W 6025;нет данных;нет данных;C 2433/1;нет данных;нет данных;CU 22 011;нет данных;нет данных;Заполнено агентом;нет данных;нет данных;нет данных;нет данных;нет данных;152085758R;165460509R;272773016R;нет данных;нет данных;нет данных;нет данных;ROWE HIGHTEC MULTI SYNT DPF 5W-30;20125-0040-99;ROWE HIGHTEC SYNT RSi 5W-40;20001-0040-99;TEBOIL Gold L 5W-30;2459465;TEBOIL Gold L 5W-40;3453956;G-Energy Synthetic Active 5W-30;253142405;G-Energy Synthetic Active 5W-40;253142406;Totachi NIRO LV SP/GF-5 5W-30;1G104;Totachi NIRO Optima PRO 5W-40;1C812
Audi;A6 (C8);2018;2030;2.0 TFSI (DKNA);бензин;NGN PROFI A-LINE 5W-30;V272085301;NGN GOLD A-LINE 5W-40;V272085302;VW 502.00/504.00, API SN/SP, 5W-30;5.7;HU 711/51 x;нет данных;нет данных;C 35 154;нет данных;нет данных;CUK 31 003;нет данных;нет данных;Заполнено агентом;нет данных;нет данных;нет данных;нет данных;нет данных;06K115561B;4K0133843;4K0819439;нет данных;нет данных;нет данных;нет данных;ROWE HIGHTEC MULTI SYNT DPF 5W-30;20125-0040-99;ROWE HIGHTEC SYNT RSi 5W-40;20001-0040-99;TEBOIL Gold L 5W-30;2459465;TEBOIL Gold L 5W-40;3453956;G-Energy Synthetic Active 5W-30;253142405;G-Energy Synthetic Active 5W-40;253142406;Totachi NIRO LV SP/GF-5 5W-30;1G104;Totachi NIRO Optima PRO 5W-40;1C812
Chery;Tiggo 7 Pro Max 1.6T;2022;2030;1.6T (SQRF4J16);бензин;NGN PROFI A-LINE 5W-30;V272085301;NGN GOLD A-LINE 5W-40;V272085302;API SN/SP, 5W-30/5W-40;4.3;W 712/83;нет данных;нет данных;нет данных;нет данных;нет данных;нет данных;нет данных;нет данных;Заполнено агентом;нет данных;нет данных;нет данных;нет данных;нет данных;4801012010;T21-1109111BA;T21-8104060;нет данных;нет данных;нет данных;нет данных;ROWE HIGHTEC MULTI SYNT DPF 5W-30;20125-0040-99;ROWE HIGHTEC SYNT RSi 5W-40;20001-0040-99;TEBOIL Gold L 5W-30;2459465;TEBOIL Gold L 5W-40;3453956;G-Energy Synthetic Active 5W-30;253142405;G-Energy Synthetic Active 5W-40;253142406;Totachi NIRO LV SP/GF-5 5W-30;1G104;Totachi NIRO Optima PRO 5W-40;1C812
Mazda;MX-5 IV (ND);2015;2030;2.0 (PE-VPS);бензин;NGN PROFI A-LINE 5W-30;V272085301;NGN GOLD A-LINE 5W-40;V272085302;API SN/SP, ILSAC GF-5, 0W-20/5W-30;4.0;W 6018;нет данных;нет данных;C 27 019;нет данных;нет данных;нет данных;нет данных;нет данных;Заполнено агентом;нет данных;нет данных;нет данных;нет данных;нет данных;PE01-14-302B;SH01-13-3A0A;N255-61-J6X;нет данных;нет данных;нет данных;нет данных;ROWE HIGHTEC MULTI SYNT DPF 5W-30;20125-0040-99;ROWE HIGHTEC SYNT RSi 5W-40;20001-0040-99;TEBOIL Gold L 5W-30;2459465;TEBOIL Gold L 5W-40;3453956;G-Energy Synthetic Active 5W-30;253142405;G-Energy Synthetic Active 5W-40;253142406;Totachi NIRO LV SP/GF-5 5W-30;1G104;Totachi NIRO Optima PRO 5W-40;1C812
Hyundai;Creta I (GS/IX25);2016;2021;2.0 (G4NA);бензин;NGN PROFI A-LINE 5W-30;V272085301;NGN GOLD A-LINE 5W-40;V272085302;API SN/SP, ILSAC GF-5, 5W-30;4.5;W 811/80;нет данных;нет данных;C 26 033;нет данных;нет данных;CU 24 013;нет данных;нет данных;Заполнено агентом;нет данных;нет данных;нет данных;нет данных;нет данных;26300-35503;28113-B2300;97133-B2000;нет данных;нет данных;нет данных;нет данных;ROWE HIGHTEC MULTI SYNT DPF 5W-30;20125-0040-99;ROWE HIGHTEC SYNT RSi 5W-40;20001-0040-99;TEBOIL Gold L 5W-30;2459465;TEBOIL Gold L 5W-40;3453956;G-Energy Synthetic Active 5W-30;253142405;G-Energy Synthetic Active 5W-40;253142406;Totachi NIRO LV SP/GF-5 5W-30;1G104;Totachi NIRO Optima PRO 5W-40;1C812
Toyota;Prado 150 2.8TD (2015);2015;2030;2.8TD (1GD-FTV);дизель;NGN PROFI A-LINE 5W-30;V272085301;NGN GOLD A-LINE 5W-40;V272085302;API CF/CJ-4/CK-4, ACEA C3, 0W-30/5W-30;7.4;W 712/83;нет данных;нет данных;C 3236/3;нет данных;нет данных;CU 2959;нет данных;нет данных;Заполнено агентом;нет данных;нет данных;нет данных;нет данных;нет данных;90915-20006;17801-30040;87139-0N010;нет данных;нет данных;нет данных;нет данных;ROWE HIGHTEC MULTI SYNT DPF 5W-30;20125-0040-99;ROWE HIGHTEC SYNT RSi 5W-40;20001-0040-99;TEBOIL Gold L 5W-30;2459465;TEBOIL Gold L 5W-40;3453956;G-Energy Synthetic Active 5W-30;253142405;G-Energy Synthetic Active 5W-40;253142406;Totachi NIRO LV SP/GF-5 5W-30;1G104;Totachi NIRO Optima PRO 5W-40;1C812
BMW;3 (E90/E91/E92) 2.0;2005;2013;2.0 (N46B20/N43B20);бензин;NGN PROFI A-LINE 5W-30;V272085301;NGN GOLD A-LINE 5W-40;V272085302;BMW LL-01, API SN, 5W-30;4.75;HU 716/2 x;нет данных;нет данных;C 3688;нет данных;нет данных;CU 5366;нет данных;нет данных;Заполнено агентом;нет данных;нет данных;нет данных;нет данных;нет данных;11427512300;13717521033;64316945585;нет данных;нет данных;нет данных;нет данных;ROWE HIGHTEC MULTI SYNT DPF 5W-30;20125-0040-99;ROWE HIGHTEC SYNT RSi 5W-40;20001-0040-99;TEBOIL Gold L 5W-30;2459465;TEBOIL Gold L 5W-40;3453956;G-Energy Synthetic Active 5W-30;253142405;G-Energy Synthetic Active 5W-40;253142406;Totachi NIRO LV SP/GF-5 5W-30;1G104;Totachi NIRO Optima PRO 5W-40;1C812
Volkswagen;Touareg III (CR);2018;2030;3.0T (DGFA/DCMA);бензин;NGN PROFI A-LINE 5W-30;V272085301;NGN GOLD A-LINE 5W-40;V272085302;VW 502.00/504.00, API SN/SP, 5W-30;7.0;HU 711/51 x;нет данных;нет данных;C 34 005;нет данных;нет данных;CUK 31 003;нет данных;нет данных;Заполнено агентом;нет данных;нет данных;нет данных;нет данных;нет данных;06K115561B;CR5129620;CR0819653;нет данных;нет данных;нет данных;нет данных;ROWE HIGHTEC MULTI SYNT DPF 5W-30;20125-0040-99;ROWE HIGHTEC SYNT RSi 5W-40;20001-0040-99;TEBOIL Gold L 5W-30;2459465;TEBOIL Gold L 5W-40;3453956;G-Energy Synthetic Active 5W-30;253142405;G-Energy Synthetic Active 5W-40;253142406;Totachi NIRO LV SP/GF-5 5W-30;1G104;Totachi NIRO Optima PRO 5W-40;1C812
ГАЗ;Вектор Next / ПАЗ 3205;2015;2030;4.43 ЯМЗ-534 / Cummins ISB (дизель);дизель;NGN PROFI A-LINE 5W-30;V272085301;NGN GOLD A-LINE 5W-40;V272085302;API CJ-4/CK-4, ACEA E7, 5W-30/10W-40;14.5;W 11 023;нет данных;нет данных;нет данных;нет данных;нет данных;нет данных;нет данных;нет данных;Заполнено агентом;нет данных;нет данных;нет данных;нет данных;нет данных;5310143;нет данных;нет данных;нет данных;нет данных;нет данных;нет данных;ROWE HIGHTEC MULTI SYNT DPF 5W-30;20125-0040-99;ROWE HIGHTEC SYNT RSi 5W-40;20001-0040-99;TEBOIL Gold L 5W-30;2459465;TEBOIL Gold L 5W-40;3453956;G-Energy Synthetic Active 5W-30;253142405;G-Energy Synthetic Active 5W-40;253142406;Totachi NIRO LV SP/GF-5 5W-30;1G104;Totachi NIRO Optima PRO 5W-40;1C812
Mitsubishi;L200 V (KK/KL);2015;2030;2.4TD (4N15);дизель;NGN PROFI A-LINE 5W-30;V272085301;NGN GOLD A-LINE 5W-40;V272085302;API CJ-4/CK-4, ACEA C3, 5W-30;7.0;W 610/3;нет данных;нет данных;C 27 003/1;нет данных;нет данных;CU 24 006;нет данных;нет данных;Заполнено агентом;нет данных;нет данных;нет данных;нет данных;нет данных;1230A117;1500B095;7803A383;нет данных;нет данных;нет данных;нет данных;ROWE HIGHTEC MULTI SYNT DPF 5W-30;20125-0040-99;ROWE HIGHTEC SYNT RSi 5W-40;20001-0040-99;TEBOIL Gold L 5W-30;2459465;TEBOIL Gold L 5W-40;3453956;G-Energy Synthetic Active 5W-30;253142405;G-Energy Synthetic Active 5W-40;253142406;Totachi NIRO LV SP/GF-5 5W-30;1G104;Totachi NIRO Optima PRO 5W-40;1C812
Honda;CR-V V (RW);2017;2023;1.5T / 2.0 гибрид (L15B/LDPU);бензин;NGN PROFI A-LINE 5W-30;V272085301;NGN GOLD A-LINE 5W-40;V272085302;Honda HTO-06, API SN/SP, 0W-20;3.9;W 610/6;нет данных;нет данных;C 29 004;нет данных;нет данных;CU 29 002;нет данных;нет данных;Заполнено агентом;нет данных;нет данных;нет данных;нет данных;нет данных;15400-RTA-003;17220-5PA-A00;80292-TLA-A01;нет данных;нет данных;нет данных;нет данных;ROWE HIGHTEC MULTI SYNT DPF 5W-30;20125-0040-99;ROWE HIGHTEC SYNT RSi 5W-40;20001-0040-99;TEBOIL Gold L 5W-30;2459465;TEBOIL Gold L 5W-40;3453956;G-Energy Synthetic Active 5W-30;253142405;G-Energy Synthetic Active 5W-40;253142406;Totachi NIRO LV SP/GF-5 5W-30;1G104;Totachi NIRO Optima PRO 5W-40;1C812
Chery;Tiggo 5x (T19);2019;2030;1.5T (SQRE4T15B);бензин;NGN PROFI A-LINE 5W-30;V272085301;NGN GOLD A-LINE 5W-40;V272085302;API SN/SP, 5W-30/5W-40;4.0;W 712/83;нет данных;нет данных;нет данных;нет данных;нет данных;нет данных;нет данных;нет данных;Заполнено агентом;нет данных;нет данных;нет данных;нет данных;нет данных;4801012010;T21-1109111BA;T21-8104060;нет данных;нет данных;нет данных;нет данных;ROWE HIGHTEC MULTI SYNT DPF 5W-30;20125-0040-99;ROWE HIGHTEC SYNT RSi 5W-40;20001-0040-99;TEBOIL Gold L 5W-30;2459465;TEBOIL Gold L 5W-40;3453956;G-Energy Synthetic Active 5W-30;253142405;G-Energy Synthetic Active 5W-40;253142406;Totachi NIRO LV SP/GF-5 5W-30;1G104;Totachi NIRO Optima PRO 5W-40;1C812
Kia;Ceed I (ED);2006;2012;1.4/1.6 (G4FA/G4FC);бензин;NGN PROFI A-LINE 5W-30;V272085301;NGN GOLD A-LINE 5W-40;V272085302;API SM/SN, ILSAC GF-4/GF-5, 5W-30;3.5;W 811/80;нет данных;нет данных;C 26 022;нет данных;нет данных;CU 21 008;нет данных;нет данных;Заполнено агентом;нет данных;нет данных;нет данных;нет данных;нет данных;26300-35503;28113-1H100;97133-1H200;нет данных;нет данных;нет данных;нет данных;ROWE HIGHTEC MULTI SYNT DPF 5W-30;20125-0040-99;ROWE HIGHTEC SYNT RSi 5W-40;20001-0040-99;TEBOIL Gold L 5W-30;2459465;TEBOIL Gold L 5W-40;3453956;G-Energy Synthetic Active 5W-30;253142405;G-Energy Synthetic Active 5W-40;253142406;Totachi NIRO LV SP/GF-5 5W-30;1G104;Totachi NIRO Optima PRO 5W-40;1C812
Volvo;XC90 II (256);2015;2030;2.0T (B204T27);бензин;NGN PROFI A-LINE 5W-30;V272085301;NGN GOLD A-LINE 5W-40;V272085302;Volvo VCC-RBS0-2AE, ACEA A5, 0W-20;6.5;HU 612/2 x;нет данных;нет данных;C 35 005;нет данных;нет данных;CUK 29 005;нет данных;нет данных;Заполнено агентом;нет данных;нет данных;нет данных;нет данных;нет данных;31372214;31402643;31471461;нет данных;нет данных;нет данных;нет данных;ROWE HIGHTEC MULTI SYNT DPF 5W-30;20125-0040-99;ROWE HIGHTEC SYNT RSi 5W-40;20001-0040-99;TEBOIL Gold L 5W-30;2459465;TEBOIL Gold L 5W-40;3453956;G-Energy Synthetic Active 5W-30;253142405;G-Energy Synthetic Active 5W-40;253142406;Totachi NIRO LV SP/GF-5 5W-30;1G104;Totachi NIRO Optima PRO 5W-40;1C812
Nissan;Patrol VI (Y62);2010;2030;5.6 V8 (VK56VD);бензин;NGN PROFI A-LINE 5W-30;V272085301;NGN GOLD A-LINE 5W-40;V272085302;API SN/SP, ILSAC GF-5, 5W-30/0W-20;6.9;W 712/83;нет данных;нет данных;C 3236/3;нет данных;нет данных;CU 2882;нет данных;нет данных;Заполнено агентом;нет данных;нет данных;нет данных;нет данных;нет данных;15208-65F0A;16546-1LA0A;27277-1LA0A;нет данных;нет данных;нет данных;нет данных;ROWE HIGHTEC MULTI SYNT DPF 5W-30;20125-0040-99;ROWE HIGHTEC SYNT RSi 5W-40;20001-0040-99;TEBOIL Gold L 5W-30;2459465;TEBOIL Gold L 5W-40;3453956;G-Energy Synthetic Active 5W-30;253142405;G-Energy Synthetic Active 5W-40;253142406;Totachi NIRO LV SP/GF-5 5W-30;1G104;Totachi NIRO Optima PRO 5W-40;1C812
Mitsubishi;Pajero Sport III (QE);2016;2030;3.0 V6 (6B31);бензин;NGN PROFI A-LINE 5W-30;V272085301;NGN GOLD A-LINE 5W-40;V272085302;API SN/SP, 5W-30;5.0;W 940/25;нет данных;нет данных;C 28 126;нет данных;нет данных;CU 28 025;нет данных;нет данных;Заполнено агентом;нет данных;нет данных;нет данных;нет данных;нет данных;MZ690072;MR571476;7803A115;нет данных;нет данных;нет данных;нет данных;ROWE HIGHTEC MULTI SYNT DPF 5W-30;20125-0040-99;ROWE HIGHTEC SYNT RSi 5W-40;20001-0040-99;TEBOIL Gold L 5W-30;2459465;TEBOIL Gold L 5W-40;3453956;G-Energy Synthetic Active 5W-30;253142405;G-Energy Synthetic Active 5W-40;253142406;Totachi NIRO LV SP/GF-5 5W-30;1G104;Totachi NIRO Optima PRO 5W-40;1C812
Toyota;Sequoia II (XK60);2008;2022;5.7 V8 (3UR-FE);бензин;NGN PROFI A-LINE 5W-30;V272085301;NGN GOLD A-LINE 5W-40;V272085302;API SN/SP, ILSAC GF-5, 5W-30;9.5;HU 7019 z;нет данных;нет данных;C 3236/3;нет данных;нет данных;CU 2959;нет данных;нет данных;Заполнено агентом;нет данных;нет данных;нет данных;нет данных;нет данных;90915-10009;17801-38030;87139-0N010;нет данных;нет данных;нет данных;нет данных;ROWE HIGHTEC MULTI SYNT DPF 5W-30;20125-0040-99;ROWE HIGHTEC SYNT RSi 5W-40;20001-0040-99;TEBOIL Gold L 5W-30;2459465;TEBOIL Gold L 5W-40;3453956;G-Energy Synthetic Active 5W-30;253142405;G-Energy Synthetic Active 5W-40;253142406;Totachi NIRO LV SP/GF-5 5W-30;1G104;Totachi NIRO Optima PRO 5W-40;1C812
Lexus;GX 460 (URJ150);2009;2030;4.6 V8 (1UR-FE);бензин;NGN PROFI A-LINE 5W-30;V272085301;NGN GOLD A-LINE 5W-40;V272085302;API SN/SP, ILSAC GF-5, 5W-30;9.0;HU 7019 z;нет данных;нет данных;C 3236/3;нет данных;нет данных;CU 2959;нет данных;нет данных;Заполнено агентом;нет данных;нет данных;нет данных;нет данных;нет данных;90915-10009;17801-38030;87139-0N010;нет данных;нет данных;нет данных;нет данных;ROWE HIGHTEC MULTI SYNT DPF 5W-30;20125-0040-99;ROWE HIGHTEC SYNT RSi 5W-40;20001-0040-99;TEBOIL Gold L 5W-30;2459465;TEBOIL Gold L 5W-40;3453956;G-Energy Synthetic Active 5W-30;253142405;G-Energy Synthetic Active 5W-40;253142406;Totachi NIRO LV SP/GF-5 5W-30;1G104;Totachi NIRO Optima PRO 5W-40;1C812
Chevrolet;Equinox III;2017;2024;1.5T/2.0T (LYX/LTG);бензин;NGN PROFI A-LINE 5W-30;V272085301;NGN GOLD A-LINE 5W-40;V272085302;GM Dexos1 Gen2, API SN/SP, 5W-30;4.7;HU 612/2 x;нет данных;нет данных;C 3236;нет данных;нет данных;CU 2442;нет данных;нет данных;Заполнено агентом;нет данных;нет данных;нет данных;нет данных;нет данных;55592254;84219776;84100530;нет данных;нет данных;нет данных;нет данных;ROWE HIGHTEC MULTI SYNT DPF 5W-30;20125-0040-99;ROWE HIGHTEC SYNT RSi 5W-40;20001-0040-99;TEBOIL Gold L 5W-30;2459465;TEBOIL Gold L 5W-40;3453956;G-Energy Synthetic Active 5W-30;253142405;G-Energy Synthetic Active 5W-40;253142406;Totachi NIRO LV SP/GF-5 5W-30;1G104;Totachi NIRO Optima PRO 5W-40;1C812
Ford;Ranger T6/T7 2.2/3.2TD;2011;2022;2.2/3.2 TDCi (GBVAJQJ/GBVAS);дизель;NGN PROFI A-LINE 5W-30;V272085301;NGN GOLD A-LINE 5W-40;V272085302;Ford WSS-M2C934-B1, ACEA C3, 5W-30;8.0;W 7058 M;нет данных;нет данных;C 2697;нет данных;нет данных;CU 2440;нет данных;нет данных;Заполнено агентом;нет данных;нет данных;нет данных;нет данных;нет данных;AB39-6731-AB;AB39-9601-AB;AB39-19G129-AB;нет данных;нет данных;нет данных;нет данных;ROWE HIGHTEC MULTI SYNT DPF 5W-30;20125-0040-99;ROWE HIGHTEC SYNT RSi 5W-40;20001-0040-99;TEBOIL Gold L 5W-30;2459465;TEBOIL Gold L 5W-40;3453956;G-Energy Synthetic Active 5W-30;253142405;G-Energy Synthetic Active 5W-40;253142406;Totachi NIRO LV SP/GF-5 5W-30;1G104;Totachi NIRO Optima PRO 5W-40;1C812
Haval;Dargo 2.0T;2021;2030;2.0T (GW4C-20);бензин;NGN PROFI A-LINE 5W-30;V272085301;NGN GOLD A-LINE 5W-40;V272085302;API SN/SP, 5W-30;5.5;W 7058 M;нет данных;нет данных;нет данных;нет данных;нет данных;нет данных;нет данных;нет данных;Заполнено агентом;нет данных;нет данных;нет данных;нет данных;нет данных;1017100XEB08;1109110XKZ1DA;8107100XKZ57A;нет данных;нет данных;нет данных;нет данных;ROWE HIGHTEC MULTI SYNT DPF 5W-30;20125-0040-99;ROWE HIGHTEC SYNT RSi 5W-40;20001-0040-99;TEBOIL Gold L 5W-30;2459465;TEBOIL Gold L 5W-40;3453956;G-Energy Synthetic Active 5W-30;253142405;G-Energy Synthetic Active 5W-40;253142406;Totachi NIRO LV SP/GF-5 5W-30;1G104;Totachi NIRO Optima PRO 5W-40;1C812
Tank;Tank 300 2.0T;2021;2030;2.0T (GW4C-20);бензин;NGN PROFI A-LINE 5W-30;V272085301;NGN GOLD A-LINE 5W-40;V272085302;API SN/SP, 5W-30;5.5;W 7058 M;нет данных;нет данных;нет данных;нет данных;нет данных;нет данных;нет данных;нет данных;Заполнено агентом;нет данных;нет данных;нет данных;нет данных;нет данных;1017100XEB08;1109110XKZ1DA;8107100XKZ57A;нет данных;нет данных;нет данных;нет данных;ROWE HIGHTEC MULTI SYNT DPF 5W-30;20125-0040-99;ROWE HIGHTEC SYNT RSi 5W-40;20001-0040-99;TEBOIL Gold L 5W-30;2459465;TEBOIL Gold L 5W-40;3453956;G-Energy Synthetic Active 5W-30;253142405;G-Energy Synthetic Active 5W-40;253142406;Totachi NIRO LV SP/GF-5 5W-30;1G104;Totachi NIRO Optima PRO 5W-40;1C812
Omoda (Chery);C5 1.5T;2022;2030;1.5T (SQRE4T15C);бензин;NGN PROFI A-LINE 5W-30;V272085301;NGN GOLD A-LINE 5W-40;V272085302;API SN/SP, 5W-30/5W-40;4.0;W 712/83;нет данных;нет данных;нет данных;нет данных;нет данных;нет данных;нет данных;нет данных;Заполнено агентом;нет данных;нет данных;нет данных;нет данных;нет данных;4801012010;T21-1109111BA;T21-8104060;нет данных;нет данных;нет данных;нет данных;ROWE HIGHTEC MULTI SYNT DPF 5W-30;20125-0040-99;ROWE HIGHTEC SYNT RSi 5W-40;20001-0040-99;TEBOIL Gold L 5W-30;2459465;TEBOIL Gold L 5W-40;3453956;G-Energy Synthetic Active 5W-30;253142405;G-Energy Synthetic Active 5W-40;253142406;Totachi NIRO LV SP/GF-5 5W-30;1G104;Totachi NIRO Optima PRO 5W-40;1C812
Toyota;Prius IV (ZVW50);2015;2023;1.8 гибрид (2ZR-FXE);гибрид;NGN PROFI A-LINE 5W-30;V272085301;NGN GOLD A-LINE 5W-40;V272085302;API SN/SP, ILSAC GF-5, 0W-20;4.4;W 712/83;нет данных;нет данных;C 27 030;нет данных;нет данных;CU 26 014;нет данных;нет данных;Заполнено агентом;нет данных;нет данных;нет данных;нет данных;нет данных;90915-YZZD4;17801-37021;87139-0N020;нет данных;нет данных;нет данных;нет данных;ROWE HIGHTEC MULTI SYNT DPF 5W-30;20125-0040-99;ROWE HIGHTEC SYNT RSi 5W-40;20001-0040-99;TEBOIL Gold L 5W-30;2459465;TEBOIL Gold L 5W-40;3453956;G-Energy Synthetic Active 5W-30;253142405;G-Energy Synthetic Active 5W-40;253142406;Totachi NIRO LV SP/GF-5 5W-30;1G104;Totachi NIRO Optima PRO 5W-40;1C812
Kia;Niro I (DE) гибрид;2016;2022;1.6 гибрид (G4LE);гибрид;NGN PROFI A-LINE 5W-30;V272085301;NGN GOLD A-LINE 5W-40;V272085302;API SN/SP, ILSAC GF-5, 0W-20;3.5;W 811/80;нет данных;нет данных;C 26 033;нет данных;нет данных;CU 24 013;нет данных;нет данных;Заполнено агентом;нет данных;нет данных;нет данных;нет данных;нет данных;26300-35504;28113-G2100;97133-G2000;нет данных;нет данных;нет данных;нет данных;ROWE HIGHTEC MULTI SYNT DPF 5W-30;20125-0040-99;ROWE HIGHTEC SYNT RSi 5W-40;20001-0040-99;TEBOIL Gold L 5W-30;2459465;TEBOIL Gold L 5W-40;3453956;G-Energy Synthetic Active 5W-30;253142405;G-Energy Synthetic Active 5W-40;253142406;Totachi NIRO LV SP/GF-5 5W-30;1G104;Totachi NIRO Optima PRO 5W-40;1C812
Kia;EV6 (CV);2021;2030;Электро 229/325 л.с.;электро;NGN PROFI A-LINE 5W-30;V272085301;NGN GOLD A-LINE 5W-40;V272085302;нет данных (электромотор);нет данных;нет данных;нет данных;нет данных;нет данных;нет данных;нет данных;нет данных;нет данных;нет данных;Заполнено агентом;нет данных;нет данных;нет данных;нет данных;нет данных;нет данных;нет данных;97133-GI000;нет данных;нет данных;нет данных;нет данных;ROWE HIGHTEC MULTI SYNT DPF 5W-30;20125-0040-99;ROWE HIGHTEC SYNT RSi 5W-40;20001-0040-99;TEBOIL Gold L 5W-30;2459465;TEBOIL Gold L 5W-40;3453956;G-Energy Synthetic Active 5W-30;253142405;G-Energy Synthetic Active 5W-40;253142406;Totachi NIRO LV SP/GF-5 5W-30;1G104;Totachi NIRO Optima PRO 5W-40;1C812
Hyundai;Ioniq 5 (NE);2021;2030;Электро 218/305 л.с.;электро;NGN PROFI A-LINE 5W-30;V272085301;NGN GOLD A-LINE 5W-40;V272085302;нет данных (электромотор);нет данных;нет данных;нет данных;нет данных;нет данных;нет данных;нет данных;нет данных;нет данных;нет данных;Заполнено агентом;нет данных;нет данных;нет данных;нет данных;нет данных;нет данных;нет данных;97133-GI000;нет данных;нет данных;нет данных;нет данных;ROWE HIGHTEC MULTI SYNT DPF 5W-30;20125-0040-99;ROWE HIGHTEC SYNT RSi 5W-40;20001-0040-99;TEBOIL Gold L 5W-30;2459465;TEBOIL Gold L 5W-40;3453956;G-Energy Synthetic Active 5W-30;253142405;G-Energy Synthetic Active 5W-40;253142406;Totachi NIRO LV SP/GF-5 5W-30;1G104;Totachi NIRO Optima PRO 5W-40;1C812
Suzuki;Jimny IV (JB74);2018;2030;1.5 (K15B);бензин;NGN PROFI A-LINE 5W-30;V272085301;NGN GOLD A-LINE 5W-40;V272085302;API SN/SP, 5W-30;3.3;W 712/83;нет данных;нет данных;C 24 004;нет данных;нет данных;нет данных;нет данных;нет данных;Заполнено агентом;нет данных;нет данных;нет данных;нет данных;нет данных;16510-61A31;13780-77R00;95861-77R00;нет данных;нет данных;нет данных;нет данных;ROWE HIGHTEC MULTI SYNT DPF 5W-30;20125-0040-99;ROWE HIGHTEC SYNT RSi 5W-40;20001-0040-99;TEBOIL Gold L 5W-30;2459465;TEBOIL Gold L 5W-40;3453956;G-Energy Synthetic Active 5W-30;253142405;G-Energy Synthetic Active 5W-40;253142406;Totachi NIRO LV SP/GF-5 5W-30;1G104;Totachi NIRO Optima PRO 5W-40;1C812
Mitsubishi;Eclipse Cross 2.4 PHEV;2021;2030;2.4 PHEV (4B12);гибрид;NGN PROFI A-LINE 5W-30;V272085301;NGN GOLD A-LINE 5W-40;V272085302;API SN/SP, 5W-30;4.5;W 610/3;нет данных;нет данных;C 27 003/1;нет данных;нет данных;CU 24 006;нет данных;нет данных;Заполнено агентом;нет данных;нет данных;нет данных;нет данных;нет данных;MN982419;1500B095;7803A383;нет данных;нет данных;нет данных;нет данных;ROWE HIGHTEC MULTI SYNT DPF 5W-30;20125-0040-99;ROWE HIGHTEC SYNT RSi 5W-40;20001-0040-99;TEBOIL Gold L 5W-30;2459465;TEBOIL Gold L 5W-40;3453956;G-Energy Synthetic Active 5W-30;253142405;G-Energy Synthetic Active 5W-40;253142406;Totachi NIRO LV SP/GF-5 5W-30;1G104;Totachi NIRO Optima PRO 5W-40;1C812
Volkswagen;ID.4 (E21);2020;2030;Электро 150/204/306 л.с.;электро;NGN PROFI A-LINE 5W-30;V272085301;NGN GOLD A-LINE 5W-40;V272085302;нет данных (электромотор);нет данных;нет данных;нет данных;нет данных;нет данных;нет данных;нет данных;нет данных;нет данных;нет данных;Заполнено агентом;нет данных;нет данных;нет данных;нет данных;нет данных;нет данных;нет данных;нет данных;нет данных;нет данных;нет данных;нет данных;ROWE HIGHTEC MULTI SYNT DPF 5W-30;20125-0040-99;ROWE HIGHTEC SYNT RSi 5W-40;20001-0040-99;TEBOIL Gold L 5W-30;2459465;TEBOIL Gold L 5W-40;3453956;G-Energy Synthetic Active 5W-30;253142405;G-Energy Synthetic Active 5W-40;253142406;Totachi NIRO LV SP/GF-5 5W-30;1G104;Totachi NIRO Optima PRO 5W-40;1C812
Exeed (Chery);LX 1.5T/2.0T;2022;2030;1.5T/2.0T (SQRE4T15/SQRF4J20);бензин;NGN PROFI A-LINE 5W-30;V272085301;NGN GOLD A-LINE 5W-40;V272085302;API SN/SP, 5W-30/5W-40;4.5;W 712/83;нет данных;нет данных;нет данных;нет данных;нет данных;нет данных;нет данных;нет данных;Заполнено агентом;нет данных;нет данных;нет данных;нет данных;нет данных;4801012010;T21-1109111BA;T21-8104060;нет данных;нет данных;нет данных;нет данных;ROWE HIGHTEC MULTI SYNT DPF 5W-30;20125-0040-99;ROWE HIGHTEC SYNT RSi 5W-40;20001-0040-99;TEBOIL Gold L 5W-30;2459465;TEBOIL Gold L 5W-40;3453956;G-Energy Synthetic Active 5W-30;253142405;G-Energy Synthetic Active 5W-40;253142406;Totachi NIRO LV SP/GF-5 5W-30;1G104;Totachi NIRO Optima PRO 5W-40;1C812
Opel;Zafira B 1.6/1.8/2.0T;2005;2014;1.6/1.8 (Z16XEP/Z18XER);бензин;NGN PROFI A-LINE 5W-30;V272085301;NGN GOLD A-LINE 5W-40;V272085302;GM Dexos2, ACEA A3/B4, 5W-30;4.5;W 712/75;нет данных;нет данных;C 26 005;нет данных;нет данных;CU 2939;нет данных;нет данных;Заполнено агентом;нет данных;нет данных;нет данных;нет данных;нет данных;93185674;13271184;1808352;нет данных;нет данных;нет данных;нет данных;ROWE HIGHTEC MULTI SYNT DPF 5W-30;20125-0040-99;ROWE HIGHTEC SYNT RSi 5W-40;20001-0040-99;TEBOIL Gold L 5W-30;2459465;TEBOIL Gold L 5W-40;3453956;G-Energy Synthetic Active 5W-30;253142405;G-Energy Synthetic Active 5W-40;253142406;Totachi NIRO LV SP/GF-5 5W-30;1G104;Totachi NIRO Optima PRO 5W-40;1C812
BYD;Seal / Atto 3;2022;2030;Электро 204/313/390 л.с.;электро;NGN PROFI A-LINE 5W-30;V272085301;NGN GOLD A-LINE 5W-40;V272085302;нет данных (электромотор);нет данных;нет данных;нет данных;нет данных;нет данных;нет данных;нет данных;нет данных;нет данных;нет данных;Заполнено агентом;нет данных;нет данных;нет данных;нет данных;нет данных;нет данных;нет данных;нет данных;нет данных;нет данных;нет данных;нет данных;ROWE HIGHTEC MULTI SYNT DPF 5W-30;20125-0040-99;ROWE HIGHTEC SYNT RSi 5W-40;20001-0040-99;TEBOIL Gold L 5W-30;2459465;TEBOIL Gold L 5W-40;3453956;G-Energy Synthetic Active 5W-30;253142405;G-Energy Synthetic Active 5W-40;253142406;Totachi NIRO LV SP/GF-5 5W-30;1G104;Totachi NIRO Optima PRO 5W-40;1C812
Isuzu;D-Max III;2020;2030;1.9/3.0TD (4JJ3/4HK1);дизель;NGN PROFI A-LINE 5W-30;V272085301;NGN GOLD A-LINE 5W-40;V272085302;API CJ-4/CK-4, ACEA C3, 5W-30;7.5;W 712/83;нет данных;нет данных;C 3236/3;нет данных;нет данных;нет данных;нет данных;нет данных;Заполнено агентом;нет данных;нет данных;нет данных;нет данных;нет данных;8981901771;8971368420;нет данных;нет данных;нет данных;нет данных;нет данных;ROWE HIGHTEC MULTI SYNT DPF 5W-30;20125-0040-99;ROWE HIGHTEC SYNT RSi 5W-40;20001-0040-99;TEBOIL Gold L 5W-30;2459465;TEBOIL Gold L 5W-40;3453956;G-Energy Synthetic Active 5W-30;253142405;G-Energy Synthetic Active 5W-40;253142406;Totachi NIRO LV SP/GF-5 5W-30;1G104;Totachi NIRO Optima PRO 5W-40;1C812
Changan;Deepal S7 / SL03 (электро);2022;2030;Электро/гибрид 218-476 л.с.;электро;NGN PROFI A-LINE 5W-30;V272085301;NGN GOLD A-LINE 5W-40;V272085302;нет данных (электромотор);нет данных;нет данных;нет данных;нет данных;нет данных;нет данных;нет данных;нет данных;нет данных;нет данных;Заполнено агентом;нет данных;нет данных;нет данных;нет данных;нет данных;нет данных;нет данных;нет данных;нет данных;нет данных;нет данных;нет данных;ROWE HIGHTEC MULTI SYNT DPF 5W-30;20125-0040-99;ROWE HIGHTEC SYNT RSi 5W-40;20001-0040-99;TEBOIL Gold L 5W-30;2459465;TEBOIL Gold L 5W-40;3453956;G-Energy Synthetic Active 5W-30;253142405;G-Energy Synthetic Active 5W-40;253142406;Totachi NIRO LV SP/GF-5 5W-30;1G104;Totachi NIRO Optima PRO 5W-40;1C812
Geely;Tugella / Xingyue 2.0T;2020;2030;2.0T (JLH-4G20TDB);бензин;NGN PROFI A-LINE 5W-30;V272085301;NGN GOLD A-LINE 5W-40;V272085302;API SN/SP, 5W-30;5.0;W 712/83;нет данных;нет данных;нет данных;нет данных;нет данных;нет данных;нет данных;нет данных;Заполнено агентом;нет данных;нет данных;нет данных;нет данных;нет данных;1014050103;1014023800004;8104033200001;нет данных;нет данных;нет данных;нет данных;ROWE HIGHTEC MULTI SYNT DPF 5W-30;20125-0040-99;ROWE HIGHTEC SYNT RSi 5W-40;20001-0040-99;TEBOIL Gold L 5W-30;2459465;TEBOIL Gold L 5W-40;3453956;G-Energy Synthetic Active 5W-30;253142405;G-Energy Synthetic Active 5W-40;253142406;Totachi NIRO LV SP/GF-5 5W-30;1G104;Totachi NIRO Optima PRO 5W-40;1C812
Skoda;Enyaq iV (электро);2021;2030;Электро 150/195/265 л.с.;электро;NGN PROFI A-LINE 5W-30;V272085301;NGN GOLD A-LINE 5W-40;V272085302;нет данных (электромотор);нет данных;нет данных;нет данных;нет данных;нет данных;нет данных;нет данных;нет данных;нет данных;нет данных;Заполнено агентом;нет данных;нет данных;нет данных;нет данных;нет данных;нет данных;нет данных;нет данных;нет данных;нет данных;нет данных;нет данных;ROWE HIGHTEC MULTI SYNT DPF 5W-30;20125-0040-99;ROWE HIGHTEC SYNT RSi 5W-40;20001-0040-99;TEBOIL Gold L 5W-30;2459465;TEBOIL Gold L 5W-40;3453956;G-Energy Synthetic Active 5W-30;253142405;G-Energy Synthetic Active 5W-40;253142406;Totachi NIRO LV SP/GF-5 5W-30;1G104;Totachi NIRO Optima PRO 5W-40;1C812
Toyota;bZ4X (электро);2022;2030;Электро 204/218 л.с.;электро;NGN PROFI A-LINE 5W-30;V272085301;NGN GOLD A-LINE 5W-40;V272085302;нет данных (электромотор);нет данных;нет данных;нет данных;нет данных;нет данных;нет данных;нет данных;нет данных;нет данных;нет данных;Заполнено агентом;нет данных;нет данных;нет данных;нет данных;нет данных;нет данных;нет данных;нет данных;нет данных;нет данных;нет данных;нет данных;ROWE HIGHTEC MULTI SYNT DPF 5W-30;20125-0040-99;ROWE HIGHTEC SYNT RSi 5W-40;20001-0040-99;TEBOIL Gold L 5W-30;2459465;TEBOIL Gold L 5W-40;3453956;G-Energy Synthetic Active 5W-30;253142405;G-Energy Synthetic Active 5W-40;253142406;Totachi NIRO LV SP/GF-5 5W-30;1G104;Totachi NIRO Optima PRO 5W-40;1C812
Lada (ВАЗ);Iskra (2024);2024;2030;1.4/1.6 (H4M/K4M);бензин;NGN PROFI A-LINE 5W-30;V272085301;NGN GOLD A-LINE 5W-40;V272085302;Renault RN0710, API SN/SP, 5W-30;3.5;W 6025;нет данных;нет данных;C 2433/1;нет данных;нет данных;CU 22 011;нет данных;нет данных;Заполнено агентом;нет данных;нет данных;нет данных;нет данных;нет данных;152085758R;165460509R;272773016R;нет данных;нет данных;нет данных;нет данных;ROWE HIGHTEC MULTI SYNT DPF 5W-30;20125-0040-99;ROWE HIGHTEC SYNT RSi 5W-40;20001-0040-99;TEBOIL Gold L 5W-30;2459465;TEBOIL Gold L 5W-40;3453956;G-Energy Synthetic Active 5W-30;253142405;G-Energy Synthetic Active 5W-40;253142406;Totachi NIRO LV SP/GF-5 5W-30;1G104;Totachi NIRO Optima PRO 5W-40;1C812
Li Auto;L7/L8/L9 EREV;2022;2030;1.5T EREV (гибрид);гибрид;NGN PROFI A-LINE 5W-30;V272085301;NGN GOLD A-LINE 5W-40;V272085302;API SN/SP, 5W-30;4.0;нет данных;нет данных;нет данных;нет данных;нет данных;нет данных;нет данных;нет данных;нет данных;Заполнено агентом;нет данных;нет данных;нет данных;нет данных;нет данных;нет данных;нет данных;нет данных;нет данных;нет данных;нет данных;нет данных;ROWE HIGHTEC MULTI SYNT DPF 5W-30;20125-0040-99;ROWE HIGHTEC SYNT RSi 5W-40;20001-0040-99;TEBOIL Gold L 5W-30;2459465;TEBOIL Gold L 5W-40;3453956;G-Energy Synthetic Active 5W-30;253142405;G-Energy Synthetic Active 5W-40;253142406;Totachi NIRO LV SP/GF-5 5W-30;1G104;Totachi NIRO Optima PRO 5W-40;1C812
Lada (ВАЗ);Kalina I 1118 (седан);2004;2013;1.6 8V (VAZ 11183);бензин;NGN PROFI A-LINE 5W-30;V272085301;NGN GOLD A-LINE 5W-40;V272085302;API SG/SJ/SL, 5W-30/5W-40;3.5;W 914/2;нет данных;нет данных;C 22 117;нет данных;нет данных;нет данных;нет данных;нет данных;Заполнено агентом;нет данных;нет данных;нет данных;нет данных;нет данных;2108-1012005;2112-1109080;нет данных;нет данных;нет данных;нет данных;нет данных;ROWE HIGHTEC MULTI SYNT DPF 5W-30;20125-0040-99;ROWE HIGHTEC SYNT RSi 5W-40;20001-0040-99;TEBOIL Gold L 5W-30;2459465;TEBOIL Gold L 5W-40;3453956;G-Energy Synthetic Active 5W-30;253142405;G-Energy Synthetic Active 5W-40;253142406;Totachi NIRO LV SP/GF-5 5W-30;1G104;Totachi NIRO Optima PRO 5W-40;1C812
Lada (ВАЗ);Kalina I 1118 (седан) 16V;2007;2013;1.6 16V (VAZ 21126);бензин;NGN PROFI A-LINE 5W-30;V272085301;NGN GOLD A-LINE 5W-40;V272085302;API SL/SM, 5W-30/5W-40;3.5;W 914/2;нет данных;нет данных;C 22 117;нет данных;нет данных;нет данных;нет данных;нет данных;Заполнено агентом;нет данных;нет данных;нет данных;нет данных;нет данных;2108-1012005;2112-1109080;нет данных;нет данных;нет данных;нет данных;нет данных;ROWE HIGHTEC MULTI SYNT DPF 5W-30;20125-0040-99;ROWE HIGHTEC SYNT RSi 5W-40;20001-0040-99;TEBOIL Gold L 5W-30;2459465;TEBOIL Gold L 5W-40;3453956;G-Energy Synthetic Active 5W-30;253142405;G-Energy Synthetic Active 5W-40;253142406;Totachi NIRO LV SP/GF-5 5W-30;1G104;Totachi NIRO Optima PRO 5W-40;1C812
Lada (ВАЗ);Kalina I 1119 (хэтчбек);2004;2013;1.6 8V (VAZ 11183);бензин;NGN PROFI A-LINE 5W-30;V272085301;NGN GOLD A-LINE 5W-40;V272085302;API SG/SJ/SL, 5W-30/5W-40;3.5;W 914/2;нет данных;нет данных;C 22 117;нет данных;нет данных;нет данных;нет данных;нет данных;Заполнено агентом;нет данных;нет данных;нет данных;нет данных;нет данных;2108-1012005;2112-1109080;нет данных;нет данных;нет данных;нет данных;нет данных;ROWE HIGHTEC MULTI SYNT DPF 5W-30;20125-0040-99;ROWE HIGHTEC SYNT RSi 5W-40;20001-0040-99;TEBOIL Gold L 5W-30;2459465;TEBOIL Gold L 5W-40;3453956;G-Energy Synthetic Active 5W-30;253142405;G-Energy Synthetic Active 5W-40;253142406;Totachi NIRO LV SP/GF-5 5W-30;1G104;Totachi NIRO Optima PRO 5W-40;1C812
Lada (ВАЗ);Kalina I 1117 (универсал);2006;2013;1.6 8V (VAZ 11183);бензин;NGN PROFI A-LINE 5W-30;V272085301;NGN GOLD A-LINE 5W-40;V272085302;API SG/SJ/SL, 5W-30/5W-40;3.5;W 914/2;нет данных;нет данных;C 22 117;нет данных;нет данных;нет данных;нет данных;нет данных;Заполнено агентом;нет данных;нет данных;нет данных;нет данных;нет данных;2108-1012005;2112-1109080;нет данных;нет данных;нет данных;нет данных;нет данных;ROWE HIGHTEC MULTI SYNT DPF 5W-30;20125-0040-99;ROWE HIGHTEC SYNT RSi 5W-40;20001-0040-99;TEBOIL Gold L 5W-30;2459465;TEBOIL Gold L 5W-40;3453956;G-Energy Synthetic Active 5W-30;253142405;G-Energy Synthetic Active 5W-40;253142406;Totachi NIRO LV SP/GF-5 5W-30;1G104;Totachi NIRO Optima PRO 5W-40;1C812
Lada (ВАЗ);Kalina II 2192 (хэтчбек);2013;2018;1.6 16V (VAZ 21127);бензин;NGN PROFI A-LINE 5W-30;V272085301;NGN GOLD A-LINE 5W-40;V272085302;API SL/SM/SN, 5W-30/5W-40;3.5;W 914/2;нет данных;нет данных;C 22 117;нет данных;нет данных;CU 26 004;нет данных;нет данных;Заполнено агентом;нет данных;нет данных;нет данных;нет данных;нет данных;2108-1012005;2112-1109080;2110-8122010;нет данных;нет данных;нет данных;нет данных;ROWE HIGHTEC MULTI SYNT DPF 5W-30;20125-0040-99;ROWE HIGHTEC SYNT RSi 5W-40;20001-0040-99;TEBOIL Gold L 5W-30;2459465;TEBOIL Gold L 5W-40;3453956;G-Energy Synthetic Active 5W-30;253142405;G-Energy Synthetic Active 5W-40;253142406;Totachi NIRO LV SP/GF-5 5W-30;1G104;Totachi NIRO Optima PRO 5W-40;1C812
Lada (ВАЗ);Kalina II 2194 (универсал);2013;2018;1.6 16V (VAZ 21127);бензин;NGN PROFI A-LINE 5W-30;V272085301;NGN GOLD A-LINE 5W-40;V272085302;API SL/SM/SN, 5W-30/5W-40;3.5;W 914/2;нет данных;нет данных;C 22 117;нет данных;нет данных;CU 26 004;нет данных;нет данных;Заполнено агентом;нет данных;нет данных;нет данных;нет данных;нет данных;2108-1012005;2112-1109080;2110-8122010;нет данных;нет данных;нет данных;нет данных;ROWE HIGHTEC MULTI SYNT DPF 5W-30;20125-0040-99;ROWE HIGHTEC SYNT RSi 5W-40;20001-0040-99;TEBOIL Gold L 5W-30;2459465;TEBOIL Gold L 5W-40;3453956;G-Energy Synthetic Active 5W-30;253142405;G-Energy Synthetic Active 5W-40;253142406;Totachi NIRO LV SP/GF-5 5W-30;1G104;Totachi NIRO Optima PRO 5W-40;1C812
Lada (ВАЗ);Granta 2190 (седан) 8V;2011;2018;1.6 8V (VAZ 11183);бензин;NGN PROFI A-LINE 5W-30;V272085301;NGN GOLD A-LINE 5W-40;V272085302;API SL/SM/SN, 5W-30/5W-40;3.5;W 914/2;нет данных;нет данных;C 22 117;нет данных;нет данных;CU 26 004;нет данных;нет данных;Заполнено агентом;нет данных;нет данных;нет данных;нет данных;нет данных;2108-1012005;2112-1109080;2110-8122010;нет данных;нет данных;нет данных;нет данных;ROWE HIGHTEC MULTI SYNT DPF 5W-30;20125-0040-99;ROWE HIGHTEC SYNT RSi 5W-40;20001-0040-99;TEBOIL Gold L 5W-30;2459465;TEBOIL Gold L 5W-40;3453956;G-Energy Synthetic Active 5W-30;253142405;G-Energy Synthetic Active 5W-40;253142406;Totachi NIRO LV SP/GF-5 5W-30;1G104;Totachi NIRO Optima PRO 5W-40;1C812
Lada (ВАЗ);Granta 2190 (седан) 16V;2011;2018;1.6 16V (VAZ 21126/21127);бензин;NGN PROFI A-LINE 5W-30;V272085301;NGN GOLD A-LINE 5W-40;V272085302;API SL/SM/SN, 5W-30/5W-40;3.5;W 914/2;нет данных;нет данных;C 22 117;нет данных;нет данных;CU 26 004;нет данных;нет данных;Заполнено агентом;нет данных;нет данных;нет данных;нет данных;нет данных;2108-1012005;2112-1109080;2110-8122010;нет данных;нет данных;нет данных;нет данных;ROWE HIGHTEC MULTI SYNT DPF 5W-30;20125-0040-99;ROWE HIGHTEC SYNT RSi 5W-40;20001-0040-99;TEBOIL Gold L 5W-30;2459465;TEBOIL Gold L 5W-40;3453956;G-Energy Synthetic Active 5W-30;253142405;G-Energy Synthetic Active 5W-40;253142406;Totachi NIRO LV SP/GF-5 5W-30;1G104;Totachi NIRO Optima PRO 5W-40;1C812
Lada (ВАЗ);Granta 2191 (лифтбек) 8V/16V;2013;2018;1.6 8V/16V (VAZ 11183/21127);бензин;NGN PROFI A-LINE 5W-30;V272085301;NGN GOLD A-LINE 5W-40;V272085302;API SL/SM/SN, 5W-30/5W-40;3.5;W 914/2;нет данных;нет данных;C 22 117;нет данных;нет данных;CU 26 004;нет данных;нет данных;Заполнено агентом;нет данных;нет данных;нет данных;нет данных;нет данных;2108-1012005;2112-1109080;2110-8122010;нет данных;нет данных;нет данных;нет данных;ROWE HIGHTEC MULTI SYNT DPF 5W-30;20125-0040-99;ROWE HIGHTEC SYNT RSi 5W-40;20001-0040-99;TEBOIL Gold L 5W-30;2459465;TEBOIL Gold L 5W-40;3453956;G-Energy Synthetic Active 5W-30;253142405;G-Energy Synthetic Active 5W-40;253142406;Totachi NIRO LV SP/GF-5 5W-30;1G104;Totachi NIRO Optima PRO 5W-40;1C812
Lada (ВАЗ);Granta FL 2190 (седан);2018;2030;1.6 16V (VAZ 11189/21127);бензин;NGN PROFI A-LINE 5W-30;V272085301;NGN GOLD A-LINE 5W-40;V272085302;API SL/SM/SN, 5W-30/5W-40;3.5;W 914/2;нет данных;нет данных;C 22 117;нет данных;нет данных;CU 26 004;нет данных;нет данных;Заполнено агентом;нет данных;нет данных;нет данных;нет данных;нет данных;2108-1012005;2112-1109080;2110-8122010;нет данных;нет данных;нет данных;нет данных;ROWE HIGHTEC MULTI SYNT DPF 5W-30;20125-0040-99;ROWE HIGHTEC SYNT RSi 5W-40;20001-0040-99;TEBOIL Gold L 5W-30;2459465;TEBOIL Gold L 5W-40;3453956;G-Energy Synthetic Active 5W-30;253142405;G-Energy Synthetic Active 5W-40;253142406;Totachi NIRO LV SP/GF-5 5W-30;1G104;Totachi NIRO Optima PRO 5W-40;1C812
Lada (ВАЗ);Granta FL 2191 (лифтбек);2018;2030;1.6 16V (VAZ 11189/21127);бензин;NGN PROFI A-LINE 5W-30;V272085301;NGN GOLD A-LINE 5W-40;V272085302;API SL/SM/SN, 5W-30/5W-40;3.5;W 914/2;нет данных;нет данных;C 22 117;нет данных;нет данных;CU 26 004;нет данных;нет данных;Заполнено агентом;нет данных;нет данных;нет данных;нет данных;нет данных;2108-1012005;2112-1109080;2110-8122010;нет данных;нет данных;нет данных;нет данных;ROWE HIGHTEC MULTI SYNT DPF 5W-30;20125-0040-99;ROWE HIGHTEC SYNT RSi 5W-40;20001-0040-99;TEBOIL Gold L 5W-30;2459465;TEBOIL Gold L 5W-40;3453956;G-Energy Synthetic Active 5W-30;253142405;G-Energy Synthetic Active 5W-40;253142406;Totachi NIRO LV SP/GF-5 5W-30;1G104;Totachi NIRO Optima PRO 5W-40;1C812
Lada (ВАЗ);Granta FL 2192 (хэтчбек);2019;2030;1.6 16V (VAZ 11189/21127);бензин;NGN PROFI A-LINE 5W-30;V272085301;NGN GOLD A-LINE 5W-40;V272085302;API SL/SM/SN, 5W-30/5W-40;3.5;W 914/2;нет данных;нет данных;C 22 117;нет данных;нет данных;CU 26 004;нет данных;нет данных;Заполнено агентом;нет данных;нет данных;нет данных;нет данных;нет данных;2108-1012005;2112-1109080;2110-8122010;нет данных;нет данных;нет данных;нет данных;ROWE HIGHTEC MULTI SYNT DPF 5W-30;20125-0040-99;ROWE HIGHTEC SYNT RSi 5W-40;20001-0040-99;TEBOIL Gold L 5W-30;2459465;TEBOIL Gold L 5W-40;3453956;G-Energy Synthetic Active 5W-30;253142405;G-Energy Synthetic Active 5W-40;253142406;Totachi NIRO LV SP/GF-5 5W-30;1G104;Totachi NIRO Optima PRO 5W-40;1C812
Lada (ВАЗ);Granta FL 2194 Cross (универсал);2018;2030;1.6 16V (VAZ 11189/21127);бензин;NGN PROFI A-LINE 5W-30;V272085301;NGN GOLD A-LINE 5W-40;V272085302;API SL/SM/SN, 5W-30/5W-40;3.5;W 914/2;нет данных;нет данных;C 22 117;нет данных;нет данных;CU 26 004;нет данных;нет данных;Заполнено агентом;нет данных;нет данных;нет данных;нет данных;нет данных;2108-1012005;2112-1109080;2110-8122010;нет данных;нет данных;нет данных;нет данных;ROWE HIGHTEC MULTI SYNT DPF 5W-30;20125-0040-99;ROWE HIGHTEC SYNT RSi 5W-40;20001-0040-99;TEBOIL Gold L 5W-30;2459465;TEBOIL Gold L 5W-40;3453956;G-Energy Synthetic Active 5W-30;253142405;G-Energy Synthetic Active 5W-40;253142406;Totachi NIRO LV SP/GF-5 5W-30;1G104;Totachi NIRO Optima PRO 5W-40;1C812
Lada (ВАЗ);Granta FL Sport / Drive Active;2018;2030;1.6 16V (VAZ 21129);бензин;NGN PROFI A-LINE 5W-30;V272085301;NGN GOLD A-LINE 5W-40;V272085302;API SL/SM/SN, 5W-30/5W-40;3.5;W 914/2;нет данных;нет данных;C 22 117;нет данных;нет данных;CU 26 004;нет данных;нет данных;Заполнено агентом;нет данных;нет данных;нет данных;нет данных;нет данных;2108-1012005;2112-1109080;2110-8122010;нет данных;нет данных;нет данных;нет данных;ROWE HIGHTEC MULTI SYNT DPF 5W-30;20125-0040-99;ROWE HIGHTEC SYNT RSi 5W-40;20001-0040-99;TEBOIL Gold L 5W-30;2459465;TEBOIL Gold L 5W-40;3453956;G-Energy Synthetic Active 5W-30;253142405;G-Energy Synthetic Active 5W-40;253142406;Totachi NIRO LV SP/GF-5 5W-30;1G104;Totachi NIRO Optima PRO 5W-40;1C812
Fiat;Albea;2006;2012;1.4 (350A1000);бензин;NGN PROFI A-LINE 5W-30;V272085301;NGN GOLD A-LINE 5W-40;V272085302;API SM/SN, ACEA A3/B4, FIAT 9.55535-M2;2.6;W 610/3;нет данных;нет данных;C 2859;нет данных;нет данных;CU 2629;нет данных;нет данных;Заполнено агентом;нет данных;нет данных;нет данных;нет данных;нет данных;нет данных;нет данных;нет данных;NGN A-LINE 5W-30;V182575117;NGN A-LINE 5W-40;V182575120;ROWE HIGHTEC MULTI SYNT DPF 5W-30;20125-0040-99;ROWE HIGHTEC SYNT RSi 5W-40;20001-0040-99;TEBOIL Gold L 5W-30;2459465;TEBOIL Gold L 5W-40;3453956;G-Energy Synthetic Active 5W-30;253142405;G-Energy Synthetic Active 5W-40;253142406;Totachi NIRO LV SP/GF-5 5W-30;1G104;Totachi NIRO Optima PRO 5W-40;1C812
Fiat;Albea;2002;2009;1.2 (188A4000);бензин;NGN PROFI A-LINE 5W-30;V272085301;NGN GOLD A-LINE 5W-40;V272085302;API SM/SN, ACEA A3/B4, FIAT 9.55535-G2/M2;2.8;W 610/3;нет данных;нет данных;C 2859;нет данных;нет данных;CU 2629;нет данных;нет данных;Заполнено агентом;нет данных;нет данных;нет данных;нет данных;нет данных;нет данных;нет данных;нет данных;NGN A-LINE 5W-30;V182575117;NGN A-LINE 5W-40;V182575120;ROWE HIGHTEC MULTI SYNT DPF 5W-30;20125-0040-99;ROWE HIGHTEC SYNT RSi 5W-40;20001-0040-99;TEBOIL Gold L 5W-30;2459465;TEBOIL Gold L 5W-40;3453956;G-Energy Synthetic Active 5W-30;253142405;G-Energy Synthetic Active 5W-40;253142406;Totachi NIRO LV SP/GF-5 5W-30;1G104;Totachi NIRO Optima PRO 5W-40;1C812
Fiat;Albea;2002;2012;1.6 (182B6.000);бензин;NGN PROFI A-LINE 5W-30;V272085301;NGN GOLD A-LINE 5W-40;V272085302;API SM/SN, ACEA A3/B4, FIAT 9.55535-M2;4.3;W 713/16;нет данных;нет данных;C 2859;нет данных;нет данных;CU 2629;нет данных;нет данных;Заполнено агентом;нет данных;нет данных;нет данных;нет данных;нет данных;нет данных;нет данных;нет данных;NGN A-LINE 5W-30;V182575117;NGN A-LINE 5W-40;V182575120;ROWE HIGHTEC MULTI SYNT DPF 5W-30;20125-0040-99;ROWE HIGHTEC SYNT RSi 5W-40;20001-0040-99;TEBOIL Gold L 5W-30;2459465;TEBOIL Gold L 5W-40;3453956;G-Energy Synthetic Active 5W-30;253142405;G-Energy Synthetic Active 5W-40;253142406;Totachi NIRO LV SP/GF-5 5W-30;1G104;Totachi NIRO Optima PRO 5W-40;1C812
Fiat;Albea;2002;2012;1.3 JTD (188A9000);дизель;NGN PROFI A-LINE 5W-30;V272085301;NGN GOLD A-LINE 5W-40;V272085302;ACEA B4 / C2, FIAT 9.55535-N2/S1;3.2;HU 713/1 x;нет данных;нет данных;C 2569;нет данных;нет данных;CU 2629;нет данных;нет данных;Заполнено агентом;нет данных;нет данных;нет данных;нет данных;нет данных;нет данных;нет данных;нет данных;NGN A-LINE 5W-30;V182575117;NGN A-LINE 5W-40;V182575120;ROWE HIGHTEC MULTI SYNT DPF 5W-30;20125-0040-99;ROWE HIGHTEC SYNT RSi 5W-40;20001-0040-99;TEBOIL Gold L 5W-30;2459465;TEBOIL Gold L 5W-40;3453956;G-Energy Synthetic Active 5W-30;253142405;G-Energy Synthetic Active 5W-40;253142406;Totachi NIRO LV SP/GF-5 5W-30;1G104;Totachi NIRO Optima PRO 5W-40;1C812
Lada;Granta;2011;2025;1.6 (8 кл);бензин;NGN PROFI A-LINE 5W-30;V272085301;NGN GOLD A-LINE 5W-40;V272085302;API SL/SM/SN;3.2;W 914/2;LC-1030;нет данных;C 22 117;LA-1505;нет данных;CU 26 004;LAC-1906;нет данных;Заполнено агентом;нет данных;нет данных;нет данных;нет данных;нет данных;нет данных;нет данных;нет данных;NGN A-LINE 5W-30;V182575117;NGN A-LINE 5W-40;V182575120;ROWE HIGHTEC MULTI SYNT DPF 5W-30;20125-0040-99;ROWE HIGHTEC SYNT RSi 5W-40;20001-0040-99;TEBOIL Gold L 5W-30;2459465;TEBOIL Gold L 5W-40;3453956;G-Energy Synthetic Active 5W-30;253142405;G-Energy Synthetic Active 5W-40;253142406;Totachi NIRO LV SP/GF-5 5W-30;1G104;Totachi NIRO Optima PRO 5W-40;1C812
Haval;Jolion;2021;2024;1.5T;бензин;NGN PROFI A-LINE 5W-30;V272085301;NGN GOLD A-LINE 5W-40;V272085302;API SN;3.8;W 610/3;нет данных;нет данных;нет данных;нет данных;нет данных;CUK 25041;нет данных;нет данных;Заполнено агентом;нет данных;нет данных;нет данных;нет данных;нет данных;1017100EG01;нет данных;нет данных;NGN A-LINE 5W-30;V182575117;NGN A-LINE 5W-40;V182575120;ROWE HIGHTEC MULTI SYNT DPF 5W-30;20125-0040-99;ROWE HIGHTEC SYNT RSi 5W-40;20001-0040-99;TEBOIL Gold L 5W-30;2459465;TEBOIL Gold L 5W-40;3453956;G-Energy Synthetic Active 5W-30;253142405;G-Energy Synthetic Active 5W-40;253142406;Totachi NIRO LV SP/GF-5 5W-30;1G104;Totachi NIRO Optima PRO 5W-40;1C812
Haval;F7;2019;2024;1.5T;бензин;NGN PROFI A-LINE 5W-30;V272085301;NGN GOLD A-LINE 5W-40;V272085302;API SN;4.0;W 7063;нет данных;нет данных;нет данных;нет данных;нет данных;CUK 25041;нет данных;нет данных;Заполнено агентом;нет данных;нет данных;нет данных;нет данных;нет данных;1017100XEB02;нет данных;нет данных;NGN A-LINE 5W-30;V182575117;NGN A-LINE 5W-40;V182575120;ROWE HIGHTEC MULTI SYNT DPF 5W-30;20125-0040-99;ROWE HIGHTEC SYNT RSi 5W-40;20001-0040-99;TEBOIL Gold L 5W-30;2459465;TEBOIL Gold L 5W-40;3453956;G-Energy Synthetic Active 5W-30;253142405;G-Energy Synthetic Active 5W-40;253142406;Totachi NIRO LV SP/GF-5 5W-30;1G104;Totachi NIRO Optima PRO 5W-40;1C812
Haval;F7;2019;2024;2.0T;бензин;NGN PROFI A-LINE 5W-30;V272085301;NGN GOLD A-LINE 5W-40;V272085302;API SN;5.5;нет данных;нет данных;нет данных;нет данных;нет данных;нет данных;CUK 25041;нет данных;нет данных;Заполнено агентом;нет данных;нет данных;нет данных;нет данных;нет данных;1017100AEC01;нет данных;нет данных;NGN A-LINE 5W-30;V182575117;NGN A-LINE 5W-40;V182575120;ROWE HIGHTEC MULTI SYNT DPF 5W-30;20125-0040-99;ROWE HIGHTEC SYNT RSi 5W-40;20001-0040-99;TEBOIL Gold L 5W-30;2459465;TEBOIL Gold L 5W-40;3453956;G-Energy Synthetic Active 5W-30;253142405;G-Energy Synthetic Active 5W-40;253142406;Totachi NIRO LV SP/GF-5 5W-30;1G104;Totachi NIRO Optima PRO 5W-40;1C812
Kia;K5;2020;2024;2.0 MPI;бензин;NGN PROFI A-LINE 5W-30;V272085301;NGN GOLD A-LINE 5W-40;V272085302;API SM/SN;4.0;W 811/80;нет данных;нет данных;C 28 035;нет данных;нет данных;CU 24 013;нет данных;нет данных;Заполнено агентом;АКПП;ATF SP-IV;7.3;NGN ATF SP-IV;V182575126;26300-35531;28113-L4000;97133-L1000;NGN A-LINE 5W-30;V182575117;NGN A-LINE 5W-40;V182575120;ROWE HIGHTEC MULTI SYNT DPF 5W-30;20125-0040-99;ROWE HIGHTEC SYNT RSi 5W-40;20001-0040-99;TEBOIL Gold L 5W-30;2459465;TEBOIL Gold L 5W-40;3453956;G-Energy Synthetic Active 5W-30;253142405;G-Energy Synthetic Active 5W-40;253142406;Totachi NIRO LV SP/GF-5 5W-30;1G104;Totachi NIRO Optima PRO 5W-40;1C812
Kia;K5;2020;2024;2.5 GDI;бензин;NGN PROFI A-LINE 5W-30;V272085301;NGN GOLD A-LINE 5W-40;V272085302;API SN;5.8;HU 7044 z;нет данных;нет данных;C 28 035;нет данных;нет данных;CU 24 013;нет данных;нет данных;Заполнено агентом;АКПП;ATF SP-IV;7.3;NGN ATF SP-IV;V182575126;26320-2S000;28113-L4000;97133-L1000;NGN A-LINE 5W-30;V182575117;NGN A-LINE 5W-40;V182575120;ROWE HIGHTEC MULTI SYNT DPF 5W-30;20125-0040-99;ROWE HIGHTEC SYNT RSi 5W-40;20001-0040-99;TEBOIL Gold L 5W-30;2459465;TEBOIL Gold L 5W-40;3453956;G-Energy Synthetic Active 5W-30;253142405;G-Energy Synthetic Active 5W-40;253142406;Totachi NIRO LV SP/GF-5 5W-30;1G104;Totachi NIRO Optima PRO 5W-40;1C812
Changan;CS35 Plus;2018;2024;1.4T;бензин;NGN PROFI A-LINE 5W-30;V272085301;NGN GOLD A-LINE 5W-40;V272085302;API SN;4.0;нет данных;нет данных;нет данных;нет данных;нет данных;нет данных;CUK 26019;нет данных;нет данных;Заполнено агентом;нет данных;нет данных;нет данных;нет данных;нет данных;S111-1012010;нет данных;нет данных;NGN A-LINE 5W-30;V182575117;NGN A-LINE 5W-40;V182575120;ROWE HIGHTEC MULTI SYNT DPF 5W-30;20125-0040-99;ROWE HIGHTEC SYNT RSi 5W-40;20001-0040-99;TEBOIL Gold L 5W-30;2459465;TEBOIL Gold L 5W-40;3453956;G-Energy Synthetic Active 5W-30;253142405;G-Energy Synthetic Active 5W-40;253142406;Totachi NIRO LV SP/GF-5 5W-30;1G104;Totachi NIRO Optima PRO 5W-40;1C812
Changan;CS35 Plus;2018;2024;1.6;бензин;NGN PROFI A-LINE 5W-30;V272085301;NGN GOLD A-LINE 5W-40;V272085302;API SN;4.2;W 712/95;нет данных;нет данных;нет данных;нет данных;нет данных;CUK 26019;нет данных;нет данных;Заполнено агентом;нет данных;нет данных;нет данных;нет данных;нет данных;S111-1012010;нет данных;нет данных;NGN A-LINE 5W-30;V182575117;NGN A-LINE 5W-40;V182575120;ROWE HIGHTEC MULTI SYNT DPF 5W-30;20125-0040-99;ROWE HIGHTEC SYNT RSi 5W-40;20001-0040-99;TEBOIL Gold L 5W-30;2459465;TEBOIL Gold L 5W-40;3453956;G-Energy Synthetic Active 5W-30;253142405;G-Energy Synthetic Active 5W-40;253142406;Totachi NIRO LV SP/GF-5 5W-30;1G104;Totachi NIRO Optima PRO 5W-40;1C812
Great Wall;Hover H3;2010;2014;2.0 (4G63S4M);бензин;NGN PROFI A-LINE 5W-30;V272085301;NGN GOLD A-LINE 5W-40;V272085302;API SN;4.3;W 811/80;нет данных;нет данных;нет данных;нет данных;нет данных;нет данных;нет данных;нет данных;Заполнено агентом;нет данных;нет данных;нет данных;нет данных;нет данных;SMD360935;нет данных;нет данных;NGN A-LINE 5W-30;V182575117;NGN A-LINE 5W-40;V182575120;ROWE HIGHTEC MULTI SYNT DPF 5W-30;20125-0040-99;ROWE HIGHTEC SYNT RSi 5W-40;20001-0040-99;TEBOIL Gold L 5W-30;2459465;TEBOIL Gold L 5W-40;3453956;G-Energy Synthetic Active 5W-30;253142405;G-Energy Synthetic Active 5W-40;253142406;Totachi NIRO LV SP/GF-5 5W-30;1G104;Totachi NIRO Optima PRO 5W-40;1C812
Kaiyi;E5;2023;2024;1.5T;бензин;NGN PROFI A-LINE 5W-30;V272085301;NGN GOLD A-LINE 5W-40;V272085302;API SP;4.9;W 712/92;нет данных;нет данных;нет данных;нет данных;нет данных;нет данных;нет данных;нет данных;Заполнено агентом;CVT;CVT-FE;5.0;NGN CVT Fluid;V182575143;480-1012010;нет данных;нет данных;NGN A-LINE 5W-30;V182575117;NGN A-LINE 5W-40;V182575120;ROWE HIGHTEC MULTI SYNT DPF 5W-30;20125-0040-99;ROWE HIGHTEC SYNT RSi 5W-40;20001-0040-99;TEBOIL Gold L 5W-30;2459465;TEBOIL Gold L 5W-40;3453956;G-Energy Synthetic Active 5W-30;253142405;G-Energy Synthetic Active 5W-40;253142406;Totachi NIRO LV SP/GF-5 5W-30;1G104;Totachi NIRO Optima PRO 5W-40;1C812
Honda;Civic;2006;2011;1.8 (R18A);бензин;NGN PROFI A-LINE 5W-30;V272085301;NGN GOLD A-LINE 5W-40;V272085302;API SN;3.7;W 610/6;нет данных;нет данных;нет данных;нет данных;нет данных;нет данных;нет данных;нет данных;Заполнено агентом;нет данных;нет данных;нет данных;нет данных;нет данных;15400-RBA-F01;нет данных;нет данных;NGN A-LINE 5W-30;V182575117;NGN A-LINE 5W-40;V182575120;ROWE HIGHTEC MULTI SYNT DPF 5W-30;20125-0040-99;ROWE HIGHTEC SYNT RSi 5W-40;20001-0040-99;TEBOIL Gold L 5W-30;2459465;TEBOIL Gold L 5W-40;3453956;G-Energy Synthetic Active 5W-30;253142405;G-Energy Synthetic Active 5W-40;253142406;Totachi NIRO LV SP/GF-5 5W-30;1G104;Totachi NIRO Optima PRO 5W-40;1C812
Kia;Picanto;2011;2024;1.2 (G4LA);бензин;NGN PROFI A-LINE 5W-30;V272085301;NGN GOLD A-LINE 5W-40;V272085302;API SN;3.2;W 811/80;нет данных;нет данных;нет данных;нет данных;нет данных;нет данных;нет данных;нет данных;Заполнено агентом;нет данных;нет данных;нет данных;нет данных;нет данных;26300-02502;нет данных;нет данных;NGN A-LINE 5W-30;V182575117;NGN A-LINE 5W-40;V182575120;ROWE HIGHTEC MULTI SYNT DPF 5W-30;20125-0040-99;ROWE HIGHTEC SYNT RSi 5W-40;20001-0040-99;TEBOIL Gold L 5W-30;2459465;TEBOIL Gold L 5W-40;3453956;G-Energy Synthetic Active 5W-30;253142405;G-Energy Synthetic Active 5W-40;253142406;Totachi NIRO LV SP/GF-5 5W-30;1G104;Totachi NIRO Optima PRO 5W-40;1C812
Kia;Spectra;2004;2011;1.6;бензин;NGN PROFI A-LINE 5W-30;V272085301;NGN GOLD A-LINE 5W-40;V272085302;API SL;3.2;W 811/80;нет данных;нет данных;нет данных;нет данных;нет данных;нет данных;нет данных;нет данных;Заполнено агентом;нет данных;нет данных;нет данных;нет данных;нет данных;26300-35531;нет данных;нет данных;NGN A-LINE 5W-30;V182575117;NGN A-LINE 5W-40;V182575120;ROWE HIGHTEC MULTI SYNT DPF 5W-30;20125-0040-99;ROWE HIGHTEC SYNT RSi 5W-40;20001-0040-99;TEBOIL Gold L 5W-30;2459465;TEBOIL Gold L 5W-40;3453956;G-Energy Synthetic Active 5W-30;253142405;G-Energy Synthetic Active 5W-40;253142406;Totachi NIRO LV SP/GF-5 5W-30;1G104;Totachi NIRO Optima PRO 5W-40;1C812
Subaru;Outback;2012;2024;2.5 (FB25);бензин;NGN PROFI A-LINE 5W-30;V272085301;NGN GOLD A-LINE 5W-40;V272085302;API SN;4.8;W 67/1;нет данных;нет данных;нет данных;нет данных;нет данных;нет данных;нет данных;нет данных;Заполнено агентом;нет данных;нет данных;нет данных;нет данных;нет данных;15208AA160;нет данных;нет данных;NGN A-LINE 5W-30;V182575117;NGN A-LINE 5W-40;V182575120;ROWE HIGHTEC MULTI SYNT DPF 5W-30;20125-0040-99;ROWE HIGHTEC SYNT RSi 5W-40;20001-0040-99;TEBOIL Gold L 5W-30;2459465;TEBOIL Gold L 5W-40;3453956;G-Energy Synthetic Active 5W-30;253142405;G-Energy Synthetic Active 5W-40;253142406;Totachi NIRO LV SP/GF-5 5W-30;1G104;Totachi NIRO Optima PRO 5W-40;1C812
Volkswagen;Jetta;2010;2018;1.6 (CWVA);бензин;NGN PROFI A-LINE 5W-30;V272085301;NGN GOLD A-LINE 5W-40;V272085302;VW 502 00;4.0;W 712/95;нет данных;нет данных;нет данных;нет данных;нет данных;нет данных;нет данных;нет данных;Заполнено агентом;нет данных;нет данных;нет данных;нет данных;нет данных;04E115561H;нет данных;нет данных;NGN A-LINE 5W-30;V182575117;NGN A-LINE 5W-40;V182575120;ROWE HIGHTEC MULTI SYNT DPF 5W-30;20125-0040-99;ROWE HIGHTEC SYNT RSi 5W-40;20001-0040-99;TEBOIL Gold L 5W-30;2459465;TEBOIL Gold L 5W-40;3453956;G-Energy Synthetic Active 5W-30;253142405;G-Energy Synthetic Active 5W-40;253142406;Totachi NIRO LV SP/GF-5 5W-30;1G104;Totachi NIRO Optima PRO 5W-40;1C812
Toyota;bB;2000;2005;1.5 (1NZ-FE);бензин;NGN PROFI A-LINE 5W-30;V272085301;NGN GOLD A-LINE 5W-40;V272085302;API SN;3.7;W 68/3;нет данных;нет данных;нет данных;нет данных;нет данных;нет данных;нет данных;нет данных;Заполнено агентом;нет данных;нет данных;нет данных;нет данных;нет данных;90915-YZZJ1;нет данных;нет данных;NGN A-LINE 5W-30;V182575117;NGN A-LINE 5W-40;V182575120;ROWE HIGHTEC MULTI SYNT DPF 5W-30;20125-0040-99;ROWE HIGHTEC SYNT RSi 5W-40;20001-0040-99;TEBOIL Gold L 5W-30;2459465;TEBOIL Gold L 5W-40;3453956;G-Energy Synthetic Active 5W-30;253142405;G-Energy Synthetic Active 5W-40;253142406;Totachi NIRO LV SP/GF-5 5W-30;1G104;Totachi NIRO Optima PRO 5W-40;1C812
Hyundai;Palisade;2018;2024;2.2 CRDi;дизель;NGN PROFI A-LINE 5W-30;V272085301;NGN GOLD A-LINE 5W-40;V272085302;ACEA C2/C3;6.5;HU 7027 z;нет данных;нет данных;нет данных;нет данных;нет данных;CU 24 017;нет данных;нет данных;Заполнено агентом;нет данных;нет данных;нет данных;нет данных;нет данных;26320-2F100;нет данных;нет данных;NGN A-LINE 5W-30;V182575117;NGN A-LINE 5W-40;V182575120;ROWE HIGHTEC MULTI SYNT DPF 5W-30;20125-0040-99;ROWE HIGHTEC SYNT RSi 5W-40;20001-0040-99;TEBOIL Gold L 5W-30;2459465;TEBOIL Gold L 5W-40;3453956;G-Energy Synthetic Active 5W-30;253142405;G-Energy Synthetic Active 5W-40;253142406;Totachi NIRO LV SP/GF-5 5W-30;1G104;Totachi NIRO Optima PRO 5W-40;1C812
Fiat;Doblo;2000;2016;1.4 (350A1000);бензин;NGN PROFI A-LINE 5W-30;V272085301;NGN GOLD A-LINE 5W-40;V272085302;ACEA A3/B4;2.6;W 610/3;нет данных;нет данных;нет данных;нет данных;нет данных;нет данных;нет данных;нет данных;Заполнено агентом;нет данных;нет данных;нет данных;нет данных;нет данных;71751127;нет данных;нет данных;NGN A-LINE 5W-30;V182575117;NGN A-LINE 5W-40;V182575120;ROWE HIGHTEC MULTI SYNT DPF 5W-30;20125-0040-99;ROWE HIGHTEC SYNT RSi 5W-40;20001-0040-99;TEBOIL Gold L 5W-30;2459465;TEBOIL Gold L 5W-40;3453956;G-Energy Synthetic Active 5W-30;253142405;G-Energy Synthetic Active 5W-40;253142406;Totachi NIRO LV SP/GF-5 5W-30;1G104;Totachi NIRO Optima PRO 5W-40;1C812
Opel;Corsa D;2006;2014;1.4 (A14XER);бензин;NGN PROFI A-LINE 5W-30;V272085301;NGN GOLD A-LINE 5W-40;V272085302;GM Dexos 2;4.0;HU 612/2 x;нет данных;нет данных;нет данных;нет данных;нет данных;нет данных;нет данных;нет данных;Заполнено агентом;нет данных;нет данных;нет данных;нет данных;нет данных;5650359;нет данных;нет данных;NGN A-LINE 5W-30;V182575117;NGN A-LINE 5W-40;V182575120;ROWE HIGHTEC MULTI SYNT DPF 5W-30;20125-0040-99;ROWE HIGHTEC SYNT RSi 5W-40;20001-0040-99;TEBOIL Gold L 5W-30;2459465;TEBOIL Gold L 5W-40;3453956;G-Energy Synthetic Active 5W-30;253142405;G-Energy Synthetic Active 5W-40;253142406;Totachi NIRO LV SP/GF-5 5W-30;1G104;Totachi NIRO Optima PRO 5W-40;1C812
Nissan;Almera (G15);2012;2019;1.6 (K4M);бензин;NGN PROFI A-LINE 5W-30;V272085301;NGN GOLD A-LINE 5W-40;V272085302;ACEA A3/B4;4.8;W 75/3;нет данных;нет данных;нет данных;нет данных;нет данных;нет данных;нет данных;нет данных;Заполнено агентом;нет данных;нет данных;нет данных;нет данных;нет данных;15208-00QAB;нет данных;нет данных;NGN A-LINE 5W-30;V182575117;NGN A-LINE 5W-40;V182575120;ROWE HIGHTEC MULTI SYNT DPF 5W-30;20125-0040-99;ROWE HIGHTEC SYNT RSi 5W-40;20001-0040-99;TEBOIL Gold L 5W-30;2459465;TEBOIL Gold L 5W-40;3453956;G-Energy Synthetic Active 5W-30;253142405;G-Energy Synthetic Active 5W-40;253142406;Totachi NIRO LV SP/GF-5 5W-30;1G104;Totachi NIRO Optima PRO 5W-40;1C812
Lada;Niva Legend;1977;2024;1.7;бензин;NGN PROFI A-LINE 5W-30;V272085301;NGN GOLD A-LINE 5W-40;V272085302;API SL;3.75;W 914/2;нет данных;нет данных;нет данных;нет данных;нет данных;нет данных;нет данных;нет данных;Заполнено агентом;нет данных;нет данных;нет данных;нет данных;нет данных;2101-1012005;нет данных;нет данных;NGN A-LINE 5W-30;V182575117;NGN A-LINE 5W-40;V182575120;ROWE HIGHTEC MULTI SYNT DPF 5W-30;20125-0040-99;ROWE HIGHTEC SYNT RSi 5W-40;20001-0040-99;TEBOIL Gold L 5W-30;2459465;TEBOIL Gold L 5W-40;3453956;G-Energy Synthetic Active 5W-30;253142405;G-Energy Synthetic Active 5W-40;253142406;Totachi NIRO LV SP/GF-5 5W-30;1G104;Totachi NIRO Optima PRO 5W-40;1C812
Moskvich;3;2022;2024;1.5T;бензин;NGN PROFI A-LINE 5W-30;V272085301;NGN GOLD A-LINE 5W-40;V272085302;API SN;4.0;нет данных;нет данных;нет данных;нет данных;нет данных;нет данных;нет данных;нет данных;нет данных;Заполнено агентом;нет данных;нет данных;нет данных;нет данных;нет данных;1017050GH500;нет данных;нет данных;NGN A-LINE 5W-30;V182575117;NGN A-LINE 5W-40;V182575120;ROWE HIGHTEC MULTI SYNT DPF 5W-30;20125-0040-99;ROWE HIGHTEC SYNT RSi 5W-40;20001-0040-99;TEBOIL Gold L 5W-30;2459465;TEBOIL Gold L 5W-40;3453956;G-Energy Synthetic Active 5W-30;253142405;G-Energy Synthetic Active 5W-40;253142406;Totachi NIRO LV SP/GF-5 5W-30;1G104;Totachi NIRO Optima PRO 5W-40;1C812
Chevrolet;Aveo;2006;2011;1.4 (F14D4);бензин;NGN PROFI A-LINE 5W-30;V272085301;NGN GOLD A-LINE 5W-40;V272085302;GM Dexos 2;4.5;HU 612/2 x;нет данных;нет данных;нет данных;нет данных;нет данных;нет данных;нет данных;нет данных;Заполнено агентом;нет данных;нет данных;нет данных;нет данных;нет данных;93185674;нет данных;нет данных;NGN A-LINE 5W-30;V182575117;NGN A-LINE 5W-40;V182575120;ROWE HIGHTEC MULTI SYNT DPF 5W-30;20125-0040-99;ROWE HIGHTEC SYNT RSi 5W-40;20001-0040-99;TEBOIL Gold L 5W-30;2459465;TEBOIL Gold L 5W-40;3453956;G-Energy Synthetic Active 5W-30;253142405;G-Energy Synthetic Active 5W-40;253142406;Totachi NIRO LV SP/GF-5 5W-30;1G104;Totachi NIRO Optima PRO 5W-40;1C812
Honda;Accord;2008;2013;2.4 (K24Z3);бензин;NGN PROFI A-LINE 5W-30;V272085301;NGN GOLD A-LINE 5W-40;V272085302;API SN;4.2;W 610/6;нет данных;нет данных;нет данных;нет данных;нет данных;нет данных;нет данных;нет данных;Заполнено агентом;нет данных;нет данных;нет данных;нет данных;нет данных;15400-RTA-003;нет данных;нет данных;NGN A-LINE 5W-30;V182575117;NGN A-LINE 5W-40;V182575120;ROWE HIGHTEC MULTI SYNT DPF 5W-30;20125-0040-99;ROWE HIGHTEC SYNT RSi 5W-40;20001-0040-99;TEBOIL Gold L 5W-30;2459465;TEBOIL Gold L 5W-40;3453956;G-Energy Synthetic Active 5W-30;253142405;G-Energy Synthetic Active 5W-40;253142406;Totachi NIRO LV SP/GF-5 5W-30;1G104;Totachi NIRO Optima PRO 5W-40;1C812
Chery;Tiggo (T11);2005;2016;1.6;бензин;NGN PROFI A-LINE 5W-30;V272085301;NGN GOLD A-LINE 5W-40;V272085302;API SN;4.5;W 712/92;нет данных;нет данных;нет данных;нет данных;нет данных;нет данных;нет данных;нет данных;Заполнено агентом;нет данных;нет данных;нет данных;нет данных;нет данных;SMD360935;нет данных;нет данных;NGN A-LINE 5W-30;V182575117;NGN A-LINE 5W-40;V182575120;ROWE HIGHTEC MULTI SYNT DPF 5W-30;20125-0040-99;ROWE HIGHTEC SYNT RSi 5W-40;20001-0040-99;TEBOIL Gold L 5W-30;2459465;TEBOIL Gold L 5W-40;3453956;G-Energy Synthetic Active 5W-30;253142405;G-Energy Synthetic Active 5W-40;253142406;Totachi NIRO LV SP/GF-5 5W-30;1G104;Totachi NIRO Optima PRO 5W-40;1C812
Kia;Mohave;2008;2024;3.0 CRDi;дизель;NGN PROFI A-LINE 5W-30;V272085301;NGN GOLD A-LINE 5W-40;V272085302;ACEA C3;7.4;HU 823 x;нет данных;нет данных;нет данных;нет данных;нет данных;нет данных;нет данных;нет данных;Заполнено агентом;нет данных;нет данных;нет данных;нет данных;нет данных;26320-3A100;нет данных;нет данных;NGN A-LINE 5W-30;V182575117;NGN A-LINE 5W-40;V182575120;ROWE HIGHTEC MULTI SYNT DPF 5W-30;20125-0040-99;ROWE HIGHTEC SYNT RSi 5W-40;20001-0040-99;TEBOIL Gold L 5W-30;2459465;TEBOIL Gold L 5W-40;3453956;G-Energy Synthetic Active 5W-30;253142405;G-Energy Synthetic Active 5W-40;253142406;Totachi NIRO LV SP/GF-5 5W-30;1G104;Totachi NIRO Optima PRO 5W-40;1C812
Nissan;Serena (C26);2010;2016;2.0 (MR20DD);бензин;NGN PROFI A-LINE 5W-30;V272085301;NGN GOLD A-LINE 5W-40;V272085302;API SN;3.8;W 67/1;нет данных;нет данных;нет данных;нет данных;нет данных;нет данных;нет данных;нет данных;Заполнено агентом;нет данных;нет данных;нет данных;нет данных;нет данных;15208-65F0A;нет данных;нет данных;NGN A-LINE 5W-30;V182575117;NGN A-LINE 5W-40;V182575120;ROWE HIGHTEC MULTI SYNT DPF 5W-30;20125-0040-99;ROWE HIGHTEC SYNT RSi 5W-40;20001-0040-99;TEBOIL Gold L 5W-30;2459465;TEBOIL Gold L 5W-40;3453956;G-Energy Synthetic Active 5W-30;253142405;G-Energy Synthetic Active 5W-40;253142406;Totachi NIRO LV SP/GF-5 5W-30;1G104;Totachi NIRO Optima PRO 5W-40;1C812
Lada;Largus;2012;2024;1.6 (K4M);бензин;NGN PROFI A-LINE 5W-30;V272085301;NGN GOLD A-LINE 5W-40;V272085302;API SN;4.8;W 75/3;нет данных;нет данных;нет данных;нет данных;нет данных;нет данных;нет данных;нет данных;Заполнено агентом;нет данных;нет данных;нет данных;нет данных;нет данных;7700274177;нет данных;нет данных;NGN A-LINE 5W-30;V182575117;NGN A-LINE 5W-40;V182575120;ROWE HIGHTEC MULTI SYNT DPF 5W-30;20125-0040-99;ROWE HIGHTEC SYNT RSi 5W-40;20001-0040-99;TEBOIL Gold L 5W-30;2459465;TEBOIL Gold L 5W-40;3453956;G-Energy Synthetic Active 5W-30;253142405;G-Energy Synthetic Active 5W-40;253142406;Totachi NIRO LV SP/GF-5 5W-30;1G104;Totachi NIRO Optima PRO 5W-40;1C812
Citroen;C3 Picasso;2009;2017;1.6 VTi (EP6);бензин;NGN PROFI A-LINE 5W-30;V272085301;NGN GOLD A-LINE 5W-40;V272085302;ACEA C2;4.25;HU 711/51 x;нет данных;нет данных;нет данных;нет данных;нет данных;нет данных;нет данных;нет данных;Заполнено агентом;нет данных;нет данных;нет данных;нет данных;нет данных;1109.AH;нет данных;нет данных;NGN A-LINE 5W-30;V182575117;NGN A-LINE 5W-40;V182575120;ROWE HIGHTEC MULTI SYNT DPF 5W-30;20125-0040-99;ROWE HIGHTEC SYNT RSi 5W-40;20001-0040-99;TEBOIL Gold L 5W-30;2459465;TEBOIL Gold L 5W-40;3453956;G-Energy Synthetic Active 5W-30;253142405;G-Energy Synthetic Active 5W-40;253142406;Totachi NIRO LV SP/GF-5 5W-30;1G104;Totachi NIRO Optima PRO 5W-40;1C812
Mercedes-Benz;ML (W166);2011;2015;3.0 CDI (OM642);дизель;NGN PROFI A-LINE 5W-30;V272085301;NGN GOLD A-LINE 5W-40;V272085302;MB 229.51;8.0;HU 821 x;нет данных;нет данных;нет данных;нет данных;нет данных;нет данных;нет данных;нет данных;Заполнено агентом;нет данных;нет данных;нет данных;нет данных;нет данных;A6421800009;нет данных;нет данных;NGN A-LINE 5W-30;V182575117;NGN A-LINE 5W-40;V182575120;ROWE HIGHTEC MULTI SYNT DPF 5W-30;20125-0040-99;ROWE HIGHTEC SYNT RSi 5W-40;20001-0040-99;TEBOIL Gold L 5W-30;2459465;TEBOIL Gold L 5W-40;3453956;G-Energy Synthetic Active 5W-30;253142405;G-Energy Synthetic Active 5W-40;253142406;Totachi NIRO LV SP/GF-5 5W-30;1G104;Totachi NIRO Optima PRO 5W-40;1C812
Geely;Coolray;2020;2024;1.5T (JLH-3G15TD);бензин;NGN PROFI A-LINE 5W-30;V272085301;NGN GOLD A-LINE 5W-40;V272085302;API SN;5.6;HU 711/2 x;нет данных;нет данных;нет данных;нет данных;нет данных;нет данных;нет данных;нет данных;Заполнено агентом;нет данных;нет данных;нет данных;нет данных;нет данных;1056004100;нет данных;нет данных;NGN A-LINE 5W-30;V182575117;NGN A-LINE 5W-40;V182575120;ROWE HIGHTEC MULTI SYNT DPF 5W-30;20125-0040-99;ROWE HIGHTEC SYNT RSi 5W-40;20001-0040-99;TEBOIL Gold L 5W-30;2459465;TEBOIL Gold L 5W-40;3453956;G-Energy Synthetic Active 5W-30;253142405;G-Energy Synthetic Active 5W-40;253142406;Totachi NIRO LV SP/GF-5 5W-30;1G104;Totachi NIRO Optima PRO 5W-40;1C812
Haval;Dargo;2022;2024;2.0T (GW4N20);бензин;NGN PROFI A-LINE 5W-30;V272085301;NGN GOLD A-LINE 5W-40;V272085302;API SN;5.0;нет данных;нет данных;нет данных;нет данных;нет данных;нет данных;нет данных;нет данных;нет данных;Заполнено агентом;нет данных;нет данных;нет данных;нет данных;нет данных;1017100XEC01;нет данных;нет данных;NGN A-LINE 5W-30;V182575117;NGN A-LINE 5W-40;V182575120;ROWE HIGHTEC MULTI SYNT DPF 5W-30;20125-0040-99;ROWE HIGHTEC SYNT RSi 5W-40;20001-0040-99;TEBOIL Gold L 5W-30;2459465;TEBOIL Gold L 5W-40;3453956;G-Energy Synthetic Active 5W-30;253142405;G-Energy Synthetic Active 5W-40;253142406;Totachi NIRO LV SP/GF-5 5W-30;1G104;Totachi NIRO Optima PRO 5W-40;1C812
Exeed;TXL;2020;2024;1.6T (SQRF4J16);бензин;NGN PROFI A-LINE 5W-30;V272085301;NGN GOLD A-LINE 5W-40;V272085302;API SN;4.5;W 712/92;нет данных;нет данных;нет данных;нет данных;нет данных;нет данных;нет данных;нет данных;Заполнено агентом;нет данных;нет данных;нет данных;нет данных;нет данных;15208-ED50A;нет данных;нет данных;NGN A-LINE 5W-30;V182575117;NGN A-LINE 5W-40;V182575120;ROWE HIGHTEC MULTI SYNT DPF 5W-30;20125-0040-99;ROWE HIGHTEC SYNT RSi 5W-40;20001-0040-99;TEBOIL Gold L 5W-30;2459465;TEBOIL Gold L 5W-40;3453956;G-Energy Synthetic Active 5W-30;253142405;G-Energy Synthetic Active 5W-40;253142406;Totachi NIRO LV SP/GF-5 5W-30;1G104;Totachi NIRO Optima PRO 5W-40;1C812
Geely;Monjaro;2021;2024;2.0T (JLH-4G20TDB);бензин;NGN PROFI A-LINE 5W-30;V272085301;NGN GOLD A-LINE 5W-40;V272085302;API SN;5.6;HU 7029 z;нет данных;нет данных;нет данных;нет данных;нет данных;нет данных;нет данных;нет данных;Заполнено агентом;нет данных;нет данных;нет данных;нет данных;нет данных;1056004100;нет данных;нет данных;NGN A-LINE 5W-30;V182575117;NGN A-LINE 5W-40;V182575120;ROWE HIGHTEC MULTI SYNT DPF 5W-30;20125-0040-99;ROWE HIGHTEC SYNT RSi 5W-40;20001-0040-99;TEBOIL Gold L 5W-30;2459465;TEBOIL Gold L 5W-40;3453956;G-Energy Synthetic Active 5W-30;253142405;G-Energy Synthetic Active 5W-40;253142406;Totachi NIRO LV SP/GF-5 5W-30;1G104;Totachi NIRO Optima PRO 5W-40;1C812
Omoda;C5;2022;2024;1.5T (SQRE4T15C);бензин;NGN PROFI A-LINE 5W-30;V272085301;NGN GOLD A-LINE 5W-40;V272085302;API SN;4.9;W 712/92;нет данных;нет данных;нет данных;нет данных;нет данных;нет данных;нет данных;нет данных;Заполнено агентом;нет данных;нет данных;нет данных;нет данных;нет данных;480-1012010;нет данных;нет данных;NGN A-LINE 5W-30;V182575117;NGN A-LINE 5W-40;V182575120;ROWE HIGHTEC MULTI SYNT DPF 5W-30;20125-0040-99;ROWE HIGHTEC SYNT RSi 5W-40;20001-0040-99;TEBOIL Gold L 5W-30;2459465;TEBOIL Gold L 5W-40;3453956;G-Energy Synthetic Active 5W-30;253142405;G-Energy Synthetic Active 5W-40;253142406;Totachi NIRO LV SP/GF-5 5W-30;1G104;Totachi NIRO Optima PRO 5W-40;1C812
Chery;Tiggo 7 Pro Max;2022;2024;1.5T (SQRE4T15C);бензин;NGN PROFI A-LINE 5W-30;V272085301;NGN GOLD A-LINE 5W-40;V272085302;API SN;4.9;W 712/92;нет данных;нет данных;нет данных;нет данных;нет данных;нет данных;нет данных;нет данных;Заполнено агентом;нет данных;нет данных;нет данных;нет данных;нет данных;480-1012010;нет данных;нет данных;NGN A-LINE 5W-30;V182575117;NGN A-LINE 5W-40;V182575120;ROWE HIGHTEC MULTI SYNT DPF 5W-30;20125-0040-99;ROWE HIGHTEC SYNT RSi 5W-40;20001-0040-99;TEBOIL Gold L 5W-30;2459465;TEBOIL Gold L 5W-40;3453956;G-Energy Synthetic Active 5W-30;253142405;G-Energy Synthetic Active 5W-40;253142406;Totachi NIRO LV SP/GF-5 5W-30;1G104;Totachi NIRO Optima PRO 5W-40;1C812
Changan;Uni-K;2020;2024;2.0T (JL486ZQ5);бензин;NGN PROFI A-LINE 5W-30;V272085301;NGN GOLD A-LINE 5W-40;V272085302;API SN;4.5;W 610/3;нет данных;нет данных;нет данных;нет данных;нет данных;нет данных;нет данных;нет данных;Заполнено агентом;нет данных;нет данных;нет данных;нет данных;нет данных;H15003-1000;нет данных;нет данных;NGN A-LINE 5W-30;V182575117;NGN A-LINE 5W-40;V182575120;ROWE HIGHTEC MULTI SYNT DPF 5W-30;20125-0040-99;ROWE HIGHTEC SYNT RSi 5W-40;20001-0040-99;TEBOIL Gold L 5W-30;2459465;TEBOIL Gold L 5W-40;3453956;G-Energy Synthetic Active 5W-30;253142405;G-Energy Synthetic Active 5W-40;253142406;Totachi NIRO LV SP/GF-5 5W-30;1G104;Totachi NIRO Optima PRO 5W-40;1C812
Tank;300;2020;2024;2.0T (E20CB);бензин;NGN PROFI A-LINE 5W-30;V272085301;NGN GOLD A-LINE 5W-40;V272085302;API SN;5.5;нет данных;нет данных;нет данных;нет данных;нет данных;нет данных;нет данных;нет данных;нет данных;Заполнено агентом;нет данных;нет данных;нет данных;нет данных;нет данных;1017100XEC01;нет данных;нет данных;NGN A-LINE 5W-30;V182575117;NGN A-LINE 5W-40;V182575120;ROWE HIGHTEC MULTI SYNT DPF 5W-30;20125-0040-99;ROWE HIGHTEC SYNT RSi 5W-40;20001-0040-99;TEBOIL Gold L 5W-30;2459465;TEBOIL Gold L 5W-40;3453956;G-Energy Synthetic Active 5W-30;253142405;G-Energy Synthetic Active 5W-40;253142406;Totachi NIRO LV SP/GF-5 5W-30;1G104;Totachi NIRO Optima PRO 5W-40;1C812
Haval;M6;2017;2024;1.5T (GW4G15F);бензин;NGN PROFI A-LINE 5W-30;V272085301;NGN GOLD A-LINE 5W-40;V272085302;API SN;3.8;W 610/3;нет данных;нет данных;нет данных;нет данных;нет данных;нет данных;нет данных;нет данных;Заполнено агентом;нет данных;нет данных;нет данных;нет данных;нет данных;1017100EG01;нет данных;нет данных;NGN A-LINE 5W-30;V182575117;NGN A-LINE 5W-40;V182575120;ROWE HIGHTEC MULTI SYNT DPF 5W-30;20125-0040-99;ROWE HIGHTEC SYNT RSi 5W-40;20001-0040-99;TEBOIL Gold L 5W-30;2459465;TEBOIL Gold L 5W-40;3453956;G-Energy Synthetic Active 5W-30;253142405;G-Energy Synthetic Active 5W-40;253142406;Totachi NIRO LV SP/GF-5 5W-30;1G104;Totachi NIRO Optima PRO 5W-40;1C812
Jetour;Dashing;2022;2024;1.5T (SQRE4T15C);бензин;NGN PROFI A-LINE 5W-30;V272085301;NGN GOLD A-LINE 5W-40;V272085302;API SN;4.9;W 712/92;нет данных;нет данных;нет данных;нет данных;нет данных;нет данных;нет данных;нет данных;Заполнено агентом;нет данных;нет данных;нет данных;нет данных;нет данных;480-1012010;нет данных;нет данных;NGN A-LINE 5W-30;V182575117;NGN A-LINE 5W-40;V182575120;ROWE HIGHTEC MULTI SYNT DPF 5W-30;20125-0040-99;ROWE HIGHTEC SYNT RSi 5W-40;20001-0040-99;TEBOIL Gold L 5W-30;2459465;TEBOIL Gold L 5W-40;3453956;G-Energy Synthetic Active 5W-30;253142405;G-Energy Synthetic Active 5W-40;253142406;Totachi NIRO LV SP/GF-5 5W-30;1G104;Totachi NIRO Optima PRO 5W-40;1C812
Changan;CS55 Plus;2020;2024;1.5T (JL473ZQ7);бензин;NGN PROFI A-LINE 5W-30;V272085301;NGN GOLD A-LINE 5W-40;V272085302;API SN;4.0;W 610/9;нет данных;нет данных;нет данных;нет данных;нет данных;нет данных;нет данных;нет данных;Заполнено агентом;нет данных;нет данных;нет данных;нет данных;нет данных;S111-1012010;нет данных;нет данных;NGN A-LINE 5W-30;V182575117;NGN A-LINE 5W-40;V182575120;ROWE HIGHTEC MULTI SYNT DPF 5W-30;20125-0040-99;ROWE HIGHTEC SYNT RSi 5W-40;20001-0040-99;TEBOIL Gold L 5W-30;2459465;TEBOIL Gold L 5W-40;3453956;G-Energy Synthetic Active 5W-30;253142405;G-Energy Synthetic Active 5W-40;253142406;Totachi NIRO LV SP/GF-5 5W-30;1G104;Totachi NIRO Optima PRO 5W-40;1C812
Kia;Seltos;2019;2024;2.0 MPI (G4NH);бензин;NGN PROFI A-LINE 5W-30;V272085301;NGN GOLD A-LINE 5W-40;V272085302;API SN;4.0;W 811/80;нет данных;нет данных;нет данных;нет данных;нет данных;нет данных;нет данных;нет данных;Заполнено агентом;нет данных;нет данных;нет данных;нет данных;нет данных;26300-35531;нет данных;нет данных;NGN A-LINE 5W-30;V182575117;NGN A-LINE 5W-40;V182575120;ROWE HIGHTEC MULTI SYNT DPF 5W-30;20125-0040-99;ROWE HIGHTEC SYNT RSi 5W-40;20001-0040-99;TEBOIL Gold L 5W-30;2459465;TEBOIL Gold L 5W-40;3453956;G-Energy Synthetic Active 5W-30;253142405;G-Energy Synthetic Active 5W-40;253142406;Totachi NIRO LV SP/GF-5 5W-30;1G104;Totachi NIRO Optima PRO 5W-40;1C812
Exeed;LX;2022;2024;1.5T (SQRE4T15C);бензин;NGN PROFI A-LINE 5W-30;V272085301;NGN GOLD A-LINE 5W-40;V272085302;API SN;4.9;W 712/92;нет данных;нет данных;нет данных;нет данных;нет данных;нет данных;нет данных;нет данных;Заполнено агентом;нет данных;нет данных;нет данных;нет данных;нет данных;480-1012010;нет данных;нет данных;NGN A-LINE 5W-30;V182575117;NGN A-LINE 5W-40;V182575120;ROWE HIGHTEC MULTI SYNT DPF 5W-30;20125-0040-99;ROWE HIGHTEC SYNT RSi 5W-40;20001-0040-99;TEBOIL Gold L 5W-30;2459465;TEBOIL Gold L 5W-40;3453956;G-Energy Synthetic Active 5W-30;253142405;G-Energy Synthetic Active 5W-40;253142406;Totachi NIRO LV SP/GF-5 5W-30;1G104;Totachi NIRO Optima PRO 5W-40;1C812
Geely;Tugella;2019;2024;2.0T (JLH-4G20TDB);бензин;NGN PROFI A-LINE 5W-30;V272085301;NGN GOLD A-LINE 5W-40;V272085302;API SN;5.6;HU 711/2 x;нет данных;нет данных;нет данных;нет данных;нет данных;нет данных;нет данных;нет данных;Заполнено агентом;нет данных;нет данных;нет данных;нет данных;нет данных;1056004100;нет данных;нет данных;NGN A-LINE 5W-30;V182575117;NGN A-LINE 5W-40;V182575120;ROWE HIGHTEC MULTI SYNT DPF 5W-30;20125-0040-99;ROWE HIGHTEC SYNT RSi 5W-40;20001-0040-99;TEBOIL Gold L 5W-30;2459465;TEBOIL Gold L 5W-40;3453956;G-Energy Synthetic Active 5W-30;253142405;G-Energy Synthetic Active 5W-40;253142406;Totachi NIRO LV SP/GF-5 5W-30;1G104;Totachi NIRO Optima PRO 5W-40;1C812
Changan;CS75 Plus;2019;2024;1.5T (JL473ZQ7);бензин;NGN PROFI A-LINE 5W-30;V272085301;NGN GOLD A-LINE 5W-40;V272085302;API SN;4.0;W 610/9;нет данных;нет данных;нет данных;нет данных;нет данных;нет данных;нет данных;нет данных;Заполнено агентом;нет данных;нет данных;нет данных;нет данных;нет данных;S111-1012010;нет данных;нет данных;NGN A-LINE 5W-30;V182575117;NGN A-LINE 5W-40;V182575120;ROWE HIGHTEC MULTI SYNT DPF 5W-30;20125-0040-99;ROWE HIGHTEC SYNT RSi 5W-40;20001-0040-99;TEBOIL Gold L 5W-30;2459465;TEBOIL Gold L 5W-40;3453956;G-Energy Synthetic Active 5W-30;253142405;G-Energy Synthetic Active 5W-40;253142406;Totachi NIRO LV SP/GF-5 5W-30;1G104;Totachi NIRO Optima PRO 5W-40;1C812
Chery;Arrizo 8;2022;2024;1.6T (SQRF4J16);бензин;NGN PROFI A-LINE 5W-30;V272085301;NGN GOLD A-LINE 5W-40;V272085302;API SN;4.5;W 712/92;нет данных;нет данных;нет данных;нет данных;нет данных;нет данных;нет данных;нет данных;Заполнено агентом;нет данных;нет данных;нет данных;нет данных;нет данных;15208-ED50A;нет данных;нет данных;NGN A-LINE 5W-30;V182575117;NGN A-LINE 5W-40;V182575120;ROWE HIGHTEC MULTI SYNT DPF 5W-30;20125-0040-99;ROWE HIGHTEC SYNT RSi 5W-40;20001-0040-99;TEBOIL Gold L 5W-30;2459465;TEBOIL Gold L 5W-40;3453956;G-Energy Synthetic Active 5W-30;253142405;G-Energy Synthetic Active 5W-40;253142406;Totachi NIRO LV SP/GF-5 5W-30;1G104;Totachi NIRO Optima PRO 5W-40;1C812
Mazda;CX-5;2012;2024;2.5 (PY-VPS);бензин;NGN PROFI A-LINE 5W-30;V272085301;NGN GOLD A-LINE 5W-40;V272085302;API SN;4.5;W 6018;нет данных;нет данных;нет данных;нет данных;нет данных;нет данных;нет данных;нет данных;Заполнено агентом;нет данных;нет данных;нет данных;нет данных;нет данных;PE01-14-302B;нет данных;нет данных;NGN A-LINE 5W-30;V182575117;NGN A-LINE 5W-40;V182575120;ROWE HIGHTEC MULTI SYNT DPF 5W-30;20125-0040-99;ROWE HIGHTEC SYNT RSi 5W-40;20001-0040-99;TEBOIL Gold L 5W-30;2459465;TEBOIL Gold L 5W-40;3453956;G-Energy Synthetic Active 5W-30;253142405;G-Energy Synthetic Active 5W-40;253142406;Totachi NIRO LV SP/GF-5 5W-30;1G104;Totachi NIRO Optima PRO 5W-40;1C812
GAC;GS8;2017;2024;2.0T (4B20J1);бензин;NGN PROFI A-LINE 5W-30;V272085301;NGN GOLD A-LINE 5W-40;V272085302;API SN;4.5;W 712/95;нет данных;нет данных;нет данных;нет данных;нет данных;нет данных;нет данных;нет данных;Заполнено агентом;нет данных;нет данных;нет данных;нет данных;нет данных;10120102010000;нет данных;нет данных;NGN A-LINE 5W-30;V182575117;NGN A-LINE 5W-40;V182575120;ROWE HIGHTEC MULTI SYNT DPF 5W-30;20125-0040-99;ROWE HIGHTEC SYNT RSi 5W-40;20001-0040-99;TEBOIL Gold L 5W-30;2459465;TEBOIL Gold L 5W-40;3453956;G-Energy Synthetic Active 5W-30;253142405;G-Energy Synthetic Active 5W-40;253142406;Totachi NIRO LV SP/GF-5 5W-30;1G104;Totachi NIRO Optima PRO 5W-40;1C812
Changan;CS95;2017;2024;2.0T (JL486ZQ3);бензин;NGN PROFI A-LINE 5W-30;V272085301;NGN GOLD A-LINE 5W-40;V272085302;API SN;4.5;W 610/9;нет данных;нет данных;нет данных;нет данных;нет данных;нет данных;нет данных;нет данных;Заполнено агентом;нет данных;нет данных;нет данных;нет данных;нет данных;H15003-1000;нет данных;нет данных;NGN A-LINE 5W-30;V182575117;NGN A-LINE 5W-40;V182575120;ROWE HIGHTEC MULTI SYNT DPF 5W-30;20125-0040-99;ROWE HIGHTEC SYNT RSi 5W-40;20001-0040-99;TEBOIL Gold L 5W-30;2459465;TEBOIL Gold L 5W-40;3453956;G-Energy Synthetic Active 5W-30;253142405;G-Energy Synthetic Active 5W-40;253142406;Totachi NIRO LV SP/GF-5 5W-30;1G104;Totachi NIRO Optima PRO 5W-40;1C812
FAW;Bestune T77;2018;2024;1.5T (CA4GB15TD);бензин;NGN PROFI A-LINE 5W-30;V272085301;NGN GOLD A-LINE 5W-40;V272085302;API SN;4.3;W 712/95;нет данных;нет данных;нет данных;нет данных;нет данных;нет данных;нет данных;нет данных;Заполнено агентом;нет данных;нет данных;нет данных;нет данных;нет данных;1012010-25D;нет данных;нет данных;NGN A-LINE 5W-30;V182575117;NGN A-LINE 5W-40;V182575120;ROWE HIGHTEC MULTI SYNT DPF 5W-30;20125-0040-99;ROWE HIGHTEC SYNT RSi 5W-40;20001-0040-99;TEBOIL Gold L 5W-30;2459465;TEBOIL Gold L 5W-40;3453956;G-Energy Synthetic Active 5W-30;253142405;G-Energy Synthetic Active 5W-40;253142406;Totachi NIRO LV SP/GF-5 5W-30;1G104;Totachi NIRO Optima PRO 5W-40;1C812
Omoda;S5;2022;2024;1.5T (SQRE4T15C);бензин;NGN PROFI A-LINE 5W-30;V272085301;NGN GOLD A-LINE 5W-40;V272085302;API SN;4.9;W 712/92;нет данных;нет данных;нет данных;нет данных;нет данных;нет данных;нет данных;нет данных;Заполнено агентом;нет данных;нет данных;нет данных;нет данных;нет данных;480-1012010;нет данных;нет данных;NGN A-LINE 5W-30;V182575117;NGN A-LINE 5W-40;V182575120;ROWE HIGHTEC MULTI SYNT DPF 5W-30;20125-0040-99;ROWE HIGHTEC SYNT RSi 5W-40;20001-0040-99;TEBOIL Gold L 5W-30;2459465;TEBOIL Gold L 5W-40;3453956;G-Energy Synthetic Active 5W-30;253142405;G-Energy Synthetic Active 5W-40;253142406;Totachi NIRO LV SP/GF-5 5W-30;1G104;Totachi NIRO Optima PRO 5W-40;1C812
JAC;J7;2020;2024;1.5T (HFC4GB24D);бензин;NGN PROFI A-LINE 5W-30;V272085301;NGN GOLD A-LINE 5W-40;V272085302;API SN;4.0;нет данных;нет данных;нет данных;нет данных;нет данных;нет данных;нет данных;нет данных;нет данных;Заполнено агентом;нет данных;нет данных;нет данных;нет данных;нет данных;1017050GH500;нет данных;нет данных;NGN A-LINE 5W-30;V182575117;NGN A-LINE 5W-40;V182575120;ROWE HIGHTEC MULTI SYNT DPF 5W-30;20125-0040-99;ROWE HIGHTEC SYNT RSi 5W-40;20001-0040-99;TEBOIL Gold L 5W-30;2459465;TEBOIL Gold L 5W-40;3453956;G-Energy Synthetic Active 5W-30;253142405;G-Energy Synthetic Active 5W-40;253142406;Totachi NIRO LV SP/GF-5 5W-30;1G104;Totachi NIRO Optima PRO 5W-40;1C812
Jetour;X70 Plus;2020;2024;1.5T (SQRE4T15C);бензин;NGN PROFI A-LINE 5W-30;V272085301;NGN GOLD A-LINE 5W-40;V272085302;API SN;4.9;W 712/92;нет данных;нет данных;нет данных;нет данных;нет данных;нет данных;нет данных;нет данных;Заполнено агентом;нет данных;нет данных;нет данных;нет данных;нет данных;480-1012010;нет данных;нет данных;NGN A-LINE 5W-30;V182575117;NGN A-LINE 5W-40;V182575120;ROWE HIGHTEC MULTI SYNT DPF 5W-30;20125-0040-99;ROWE HIGHTEC SYNT RSi 5W-40;20001-0040-99;TEBOIL Gold L 5W-30;2459465;TEBOIL Gold L 5W-40;3453956;G-Energy Synthetic Active 5W-30;253142405;G-Energy Synthetic Active 5W-40;253142406;Totachi NIRO LV SP/GF-5 5W-30;1G104;Totachi NIRO Optima PRO 5W-40;1C812
Changan;Alsvin;2018;2024;1.5 (JL473QF);бензин;NGN PROFI A-LINE 5W-30;V272085301;NGN GOLD A-LINE 5W-40;V272085302;API SN;4.0;W 610/9;нет данных;нет данных;нет данных;нет данных;нет данных;нет данных;нет данных;нет данных;Заполнено агентом;нет данных;нет данных;нет данных;нет данных;нет данных;S111-1012010;нет данных;нет данных;NGN A-LINE 5W-30;V182575117;NGN A-LINE 5W-40;V182575120;ROWE HIGHTEC MULTI SYNT DPF 5W-30;20125-0040-99;ROWE HIGHTEC SYNT RSi 5W-40;20001-0040-99;TEBOIL Gold L 5W-30;2459465;TEBOIL Gold L 5W-40;3453956;G-Energy Synthetic Active 5W-30;253142405;G-Energy Synthetic Active 5W-40;253142406;Totachi NIRO LV SP/GF-5 5W-30;1G104;Totachi NIRO Optima PRO 5W-40;1C812
Lada;Vesta;2015;2024;1.8 (VAZ-21179);бензин;NGN PROFI A-LINE 5W-30;V272085301;NGN GOLD A-LINE 5W-40;V272085302;API SL;4.4;W 914/2;нет данных;нет данных;нет данных;нет данных;нет данных;нет данных;нет данных;нет данных;Заполнено агентом;нет данных;нет данных;нет данных;нет данных;нет данных;2108-1012005;нет данных;нет данных;NGN A-LINE 5W-30;V182575117;NGN A-LINE 5W-40;V182575120;ROWE HIGHTEC MULTI SYNT DPF 5W-30;20125-0040-99;ROWE HIGHTEC SYNT RSi 5W-40;20001-0040-99;TEBOIL Gold L 5W-30;2459465;TEBOIL Gold L 5W-40;3453956;G-Energy Synthetic Active 5W-30;253142405;G-Energy Synthetic Active 5W-40;253142406;Totachi NIRO LV SP/GF-5 5W-30;1G104;Totachi NIRO Optima PRO 5W-40;1C812
Geely;Emgrand (SS11);2021;2024;1.5 (BHE15-AFD);бензин;NGN PROFI A-LINE 5W-30;V272085301;NGN GOLD A-LINE 5W-40;V272085302;API SN;4.0;нет данных;нет данных;нет данных;нет данных;нет данных;нет данных;нет данных;нет данных;нет данных;Заполнено агентом;нет данных;нет данных;нет данных;нет данных;нет данных;1016050516;нет данных;нет данных;NGN A-LINE 5W-30;V182575117;NGN A-LINE 5W-40;V182575120;ROWE HIGHTEC MULTI SYNT DPF 5W-30;20125-0040-99;ROWE HIGHTEC SYNT RSi 5W-40;20001-0040-99;TEBOIL Gold L 5W-30;2459465;TEBOIL Gold L 5W-40;3453956;G-Energy Synthetic Active 5W-30;253142405;G-Energy Synthetic Active 5W-40;253142406;Totachi NIRO LV SP/GF-5 5W-30;1G104;Totachi NIRO Optima PRO 5W-40;1C812
Renault;Arkana;2019;2024;1.3 TCe (H5Ht);бензин;NGN PROFI A-LINE 5W-30;V272085301;NGN GOLD A-LINE 5W-40;V272085302;ACEA C3;5.4;HU 10002 z;нет данных;нет данных;нет данных;нет данных;нет данных;нет данных;нет данных;нет данных;Заполнено агентом;нет данных;нет данных;нет данных;нет данных;нет данных;152095084R;нет данных;нет данных;NGN A-LINE 5W-30;V182575117;NGN A-LINE 5W-40;V182575120;ROWE HIGHTEC MULTI SYNT DPF 5W-30;20125-0040-99;ROWE HIGHTEC SYNT RSi 5W-40;20001-0040-99;TEBOIL Gold L 5W-30;2459465;TEBOIL Gold L 5W-40;3453956;G-Energy Synthetic Active 5W-30;253142405;G-Energy Synthetic Active 5W-40;253142406;Totachi NIRO LV SP/GF-5 5W-30;1G104;Totachi NIRO Optima PRO 5W-40;1C812
Skoda;Karoq;2017;2024;1.4 TSI (DJKA);бензин;NGN PROFI A-LINE 5W-30;V272085301;NGN GOLD A-LINE 5W-40;V272085302;VW 502 00;4.0;W 712/95;нет данных;нет данных;нет данных;нет данных;нет данных;нет данных;нет данных;нет данных;Заполнено агентом;нет данных;нет данных;нет данных;нет данных;нет данных;04E115561H;нет данных;нет данных;NGN A-LINE 5W-30;V182575117;NGN A-LINE 5W-40;V182575120;ROWE HIGHTEC MULTI SYNT DPF 5W-30;20125-0040-99;ROWE HIGHTEC SYNT RSi 5W-40;20001-0040-99;TEBOIL Gold L 5W-30;2459465;TEBOIL Gold L 5W-40;3453956;G-Energy Synthetic Active 5W-30;253142405;G-Energy Synthetic Active 5W-40;253142406;Totachi NIRO LV SP/GF-5 5W-30;1G104;Totachi NIRO Optima PRO 5W-40;1C812
Hyundai;Sonata (DN8);2019;2024;2.5 MPI (G4KM);бензин;NGN PROFI A-LINE 5W-30;V272085301;NGN GOLD A-LINE 5W-40;V272085302;API SN;5.8;HU 7044 z;нет данных;нет данных;нет данных;нет данных;нет данных;нет данных;нет данных;нет данных;Заполнено агентом;нет данных;нет данных;нет данных;нет данных;нет данных;26320-2S000;нет данных;нет данных;NGN A-LINE 5W-30;V182575117;NGN A-LINE 5W-40;V182575120;ROWE HIGHTEC MULTI SYNT DPF 5W-30;20125-0040-99;ROWE HIGHTEC SYNT RSi 5W-40;20001-0040-99;TEBOIL Gold L 5W-30;2459465;TEBOIL Gold L 5W-40;3453956;G-Energy Synthetic Active 5W-30;253142405;G-Energy Synthetic Active 5W-40;253142406;Totachi NIRO LV SP/GF-5 5W-30;1G104;Totachi NIRO Optima PRO 5W-40;1C812
Kia;Cerato 4 (BD);2018;2024;2.0 (G4NA);бензин;NGN PROFI A-LINE 5W-30;V272085301;NGN GOLD A-LINE 5W-40;V272085302;API SN;4.0;W 811/80;нет данных;нет данных;нет данных;нет данных;нет данных;нет данных;нет данных;нет данных;Заполнено агентом;нет данных;нет данных;нет данных;нет данных;нет данных;26300-35531;нет данных;нет данных;NGN A-LINE 5W-30;V182575117;NGN A-LINE 5W-40;V182575120;ROWE HIGHTEC MULTI SYNT DPF 5W-30;20125-0040-99;ROWE HIGHTEC SYNT RSi 5W-40;20001-0040-99;TEBOIL Gold L 5W-30;2459465;TEBOIL Gold L 5W-40;3453956;G-Energy Synthetic Active 5W-30;253142405;G-Energy Synthetic Active 5W-40;253142406;Totachi NIRO LV SP/GF-5 5W-30;1G104;Totachi NIRO Optima PRO 5W-40;1C812
Chery;Tiggo 4 Pro;2021;2024;1.5 MPI (SQRE4G15C);бензин;NGN PROFI A-LINE 5W-30;V272085301;NGN GOLD A-LINE 5W-40;V272085302;API SN;4.5;W 712/92;нет данных;нет данных;нет данных;нет данных;нет данных;нет данных;нет данных;нет данных;Заполнено агентом;нет данных;нет данных;нет данных;нет данных;нет данных;480-1012010;нет данных;нет данных;NGN A-LINE 5W-30;V182575117;NGN A-LINE 5W-40;V182575120;ROWE HIGHTEC MULTI SYNT DPF 5W-30;20125-0040-99;ROWE HIGHTEC SYNT RSi 5W-40;20001-0040-99;TEBOIL Gold L 5W-30;2459465;TEBOIL Gold L 5W-40;3453956;G-Energy Synthetic Active 5W-30;253142405;G-Energy Synthetic Active 5W-40;253142406;Totachi NIRO LV SP/GF-5 5W-30;1G104;Totachi NIRO Optima PRO 5W-40;1C812
Haval;H9;2014;2024;2.0T (GW4C20B);бензин;NGN PROFI A-LINE 5W-30;V272085301;NGN GOLD A-LINE 5W-40;V272085302;API SN;5.5;нет данных;нет данных;нет данных;нет данных;нет данных;нет данных;нет данных;нет данных;нет данных;Заполнено агентом;нет данных;нет данных;нет данных;нет данных;нет данных;1017100AEC01;нет данных;нет данных;NGN A-LINE 5W-30;V182575117;NGN A-LINE 5W-40;V182575120;ROWE HIGHTEC MULTI SYNT DPF 5W-30;20125-0040-99;ROWE HIGHTEC SYNT RSi 5W-40;20001-0040-99;TEBOIL Gold L 5W-30;2459465;TEBOIL Gold L 5W-40;3453956;G-Energy Synthetic Active 5W-30;253142405;G-Energy Synthetic Active 5W-40;253142406;Totachi NIRO LV SP/GF-5 5W-30;1G104;Totachi NIRO Optima PRO 5W-40;1C812
BMW;X1 (E84);2009;2015;2.0i (N20B20);бензин;NGN PROFI A-LINE 5W-30;V272085301;NGN GOLD A-LINE 5W-40;V272085302;BMW Longlife-01;5.0;HU 816 x;нет данных;нет данных;нет данных;нет данных;нет данных;нет данных;нет данных;нет данных;Заполнено агентом;нет данных;нет данных;нет данных;нет данных;нет данных;11427953129;нет данных;нет данных;NGN A-LINE 5W-30;V182575117;NGN A-LINE 5W-40;V182575120;ROWE HIGHTEC MULTI SYNT DPF 5W-30;20125-0040-99;ROWE HIGHTEC SYNT RSi 5W-40;20001-0040-99;TEBOIL Gold L 5W-30;2459465;TEBOIL Gold L 5W-40;3453956;G-Energy Synthetic Active 5W-30;253142405;G-Energy Synthetic Active 5W-40;253142406;Totachi NIRO LV SP/GF-5 5W-30;1G104;Totachi NIRO Optima PRO 5W-40;1C812
Infiniti;FX37;2010;2013;3.7 (VQ37VHR);бензин;NGN PROFI A-LINE 5W-30;V272085301;NGN GOLD A-LINE 5W-40;V272085302;API SN;4.9;W 67/1;нет данных;нет данных;нет данных;нет данных;нет данных;нет данных;нет данных;нет данных;Заполнено агентом;нет данных;нет данных;нет данных;нет данных;нет данных;15208-65F0A;нет данных;нет данных;NGN A-LINE 5W-30;V182575117;NGN A-LINE 5W-40;V182575120;ROWE HIGHTEC MULTI SYNT DPF 5W-30;20125-0040-99;ROWE HIGHTEC SYNT RSi 5W-40;20001-0040-99;TEBOIL Gold L 5W-30;2459465;TEBOIL Gold L 5W-40;3453956;G-Energy Synthetic Active 5W-30;253142405;G-Energy Synthetic Active 5W-40;253142406;Totachi NIRO LV SP/GF-5 5W-30;1G104;Totachi NIRO Optima PRO 5W-40;1C812
Chevrolet;Niva;2002;2020;1.7 (VAZ-2123);бензин;NGN PROFI A-LINE 5W-30;V272085301;NGN GOLD A-LINE 5W-40;V272085302;API SL;3.75;W 914/2;нет данных;нет данных;нет данных;нет данных;нет данных;нет данных;нет данных;нет данных;Заполнено агентом;нет данных;нет данных;нет данных;нет данных;нет данных;2101-1012005;нет данных;нет данных;NGN A-LINE 5W-30;V182575117;NGN A-LINE 5W-40;V182575120;ROWE HIGHTEC MULTI SYNT DPF 5W-30;20125-0040-99;ROWE HIGHTEC SYNT RSi 5W-40;20001-0040-99;TEBOIL Gold L 5W-30;2459465;TEBOIL Gold L 5W-40;3453956;G-Energy Synthetic Active 5W-30;253142405;G-Energy Synthetic Active 5W-40;253142406;Totachi NIRO LV SP/GF-5 5W-30;1G104;Totachi NIRO Optima PRO 5W-40;1C812
Citroen;C4;2010;2018;1.6 VTi (EP6);бензин;NGN PROFI A-LINE 5W-30;V272085301;NGN GOLD A-LINE 5W-40;V272085302;ACEA C2;4.25;HU 711/51 x;нет данных;нет данных;нет данных;нет данных;нет данных;нет данных;нет данных;нет данных;Заполнено агентом;нет данных;нет данных;нет данных;нет данных;нет данных;1109.AH;нет данных;нет данных;NGN A-LINE 5W-30;V182575117;NGN A-LINE 5W-40;V182575120;ROWE HIGHTEC MULTI SYNT DPF 5W-30;20125-0040-99;ROWE HIGHTEC SYNT RSi 5W-40;20001-0040-99;TEBOIL Gold L 5W-30;2459465;TEBOIL Gold L 5W-40;3453956;G-Energy Synthetic Active 5W-30;253142405;G-Energy Synthetic Active 5W-40;253142406;Totachi NIRO LV SP/GF-5 5W-30;1G104;Totachi NIRO Optima PRO 5W-40;1C812
BMW;5 Series (E60/E61);2003;2010;525i (N52B25);бензин;NGN PROFI A-LINE 5W-30;V272085301;NGN GOLD A-LINE 5W-40;V272085302;BMW Longlife-01;6.5;HU 816 x;нет данных;нет данных;нет данных;нет данных;нет данных;нет данных;нет данных;нет данных;Заполнено агентом;нет данных;нет данных;нет данных;нет данных;нет данных;11427566327;нет данных;нет данных;NGN A-LINE 5W-30;V182575117;NGN A-LINE 5W-40;V182575120;ROWE HIGHTEC MULTI SYNT DPF 5W-30;20125-0040-99;ROWE HIGHTEC SYNT RSi 5W-40;20001-0040-99;TEBOIL Gold L 5W-30;2459465;TEBOIL Gold L 5W-40;3453956;G-Energy Synthetic Active 5W-30;253142405;G-Energy Synthetic Active 5W-40;253142406;Totachi NIRO LV SP/GF-5 5W-30;1G104;Totachi NIRO Optima PRO 5W-40;1C812
Lada;XRAY;2016;2022;1.8 (VAZ-21179);бензин;NGN PROFI A-LINE 5W-30;V272085301;NGN GOLD A-LINE 5W-40;V272085302;API SL;4.4;W 914/2;нет данных;нет данных;нет данных;нет данных;нет данных;нет данных;нет данных;нет данных;Заполнено агентом;нет данных;нет данных;нет данных;нет данных;нет данных;2108-1012005;нет данных;нет данных;NGN A-LINE 5W-30;V182575117;NGN A-LINE 5W-40;V182575120;ROWE HIGHTEC MULTI SYNT DPF 5W-30;20125-0040-99;ROWE HIGHTEC SYNT RSi 5W-40;20001-0040-99;TEBOIL Gold L 5W-30;2459465;TEBOIL Gold L 5W-40;3453956;G-Energy Synthetic Active 5W-30;253142405;G-Energy Synthetic Active 5W-40;253142406;Totachi NIRO LV SP/GF-5 5W-30;1G104;Totachi NIRO Optima PRO 5W-40;1C812
Lada;Granta;2011;2024;1.6 8V;бензин;NGN PROFI A-LINE 5W-30;V272085301;NGN GOLD A-LINE 5W-40;V272085302;API SL;3.5;W 914/2;нет данных;нет данных;нет данных;нет данных;нет данных;нет данных;нет данных;нет данных;Заполнено агентом;нет данных;нет данных;нет данных;нет данных;нет данных;2108-1012005;нет данных;нет данных;NGN A-LINE 5W-30;V182575117;NGN A-LINE 5W-40;V182575120;ROWE HIGHTEC MULTI SYNT DPF 5W-30;20125-0040-99;ROWE HIGHTEC SYNT RSi 5W-40;20001-0040-99;TEBOIL Gold L 5W-30;2459465;TEBOIL Gold L 5W-40;3453956;G-Energy Synthetic Active 5W-30;253142405;G-Energy Synthetic Active 5W-40;253142406;Totachi NIRO LV SP/GF-5 5W-30;1G104;Totachi NIRO Optima PRO 5W-40;1C812
Hyundai;Accent;1999;2012;1.5 (G4EC);бензин;NGN PROFI A-LINE 5W-30;V272085301;NGN GOLD A-LINE 5W-40;V272085302;API SL;3.3;W 811/80;нет данных;нет данных;нет данных;нет данных;нет данных;нет данных;нет данных;нет данных;Заполнено агентом;нет данных;нет данных;нет данных;нет данных;нет данных;26300-35531;нет данных;нет данных;NGN A-LINE 5W-30;V182575117;NGN A-LINE 5W-40;V182575120;ROWE HIGHTEC MULTI SYNT DPF 5W-30;20125-0040-99;ROWE HIGHTEC SYNT RSi 5W-40;20001-0040-99;TEBOIL Gold L 5W-30;2459465;TEBOIL Gold L 5W-40;3453956;G-Energy Synthetic Active 5W-30;253142405;G-Energy Synthetic Active 5W-40;253142406;Totachi NIRO LV SP/GF-5 5W-30;1G104;Totachi NIRO Optima PRO 5W-40;1C812
Ford;Ranger;2006;2011;2.5 TDCi (WL-C);дизель;NGN PROFI A-LINE 5W-30;V272085301;NGN GOLD A-LINE 5W-40;V272085302;ACEA B4;7.0;W 932/81;нет данных;нет данных;нет данных;нет данных;нет данных;нет данных;нет данных;нет данных;Заполнено агентом;нет данных;нет данных;нет данных;нет данных;нет данных;1449556;нет данных;нет данных;NGN A-LINE 5W-30;V182575117;NGN A-LINE 5W-40;V182575120;ROWE HIGHTEC MULTI SYNT DPF 5W-30;20125-0040-99;ROWE HIGHTEC SYNT RSi 5W-40;20001-0040-99;TEBOIL Gold L 5W-30;2459465;TEBOIL Gold L 5W-40;3453956;G-Energy Synthetic Active 5W-30;253142405;G-Energy Synthetic Active 5W-40;253142406;Totachi NIRO LV SP/GF-5 5W-30;1G104;Totachi NIRO Optima PRO 5W-40;1C812
Toyota;Land Cruiser 200;2007;2021;4.5D (1VD-FTV);дизель;NGN PROFI A-LINE 5W-30;V272085301;NGN GOLD A-LINE 5W-40;V272085302;ACEA C2;9.2;HU 7019 z;нет данных;нет данных;нет данных;нет данных;нет данных;нет данных;нет данных;нет данных;Заполнено агентом;нет данных;нет данных;нет данных;нет данных;нет данных;04152-YZZA4;нет данных;нет данных;NGN A-LINE 5W-30;V182575117;NGN A-LINE 5W-40;V182575120;ROWE HIGHTEC MULTI SYNT DPF 5W-30;20125-0040-99;ROWE HIGHTEC SYNT RSi 5W-40;20001-0040-99;TEBOIL Gold L 5W-30;2459465;TEBOIL Gold L 5W-40;3453956;G-Energy Synthetic Active 5W-30;253142405;G-Energy Synthetic Active 5W-40;253142406;Totachi NIRO LV SP/GF-5 5W-30;1G104;Totachi NIRO Optima PRO 5W-40;1C812
BMW;5 Series (E39);1995;2003;525i (M54B25);бензин;NGN PROFI A-LINE 5W-30;V272085301;NGN GOLD A-LINE 5W-40;V272085302;BMW Longlife-01;6.5;HU 925/4 x;нет данных;нет данных;нет данных;нет данных;нет данных;нет данных;нет данных;нет данных;Заполнено агентом;нет данных;нет данных;нет данных;нет данных;нет данных;11427512300;нет данных;нет данных;NGN A-LINE 5W-30;V182575117;NGN A-LINE 5W-40;V182575120;ROWE HIGHTEC MULTI SYNT DPF 5W-30;20125-0040-99;ROWE HIGHTEC SYNT RSi 5W-40;20001-0040-99;TEBOIL Gold L 5W-30;2459465;TEBOIL Gold L 5W-40;3453956;G-Energy Synthetic Active 5W-30;253142405;G-Energy Synthetic Active 5W-40;253142406;Totachi NIRO LV SP/GF-5 5W-30;1G104;Totachi NIRO Optima PRO 5W-40;1C812
Audi;A4 (B8);2007;2015;2.0 TFSI (CDNC);бензин;NGN PROFI A-LINE 5W-30;V272085301;NGN GOLD A-LINE 5W-40;V272085302;VW 502 00;4.6;W 719/45;нет данных;нет данных;нет данных;нет данных;нет данных;нет данных;нет данных;нет данных;Заполнено агентом;нет данных;нет данных;нет данных;нет данных;нет данных;06J115403Q;нет данных;нет данных;NGN A-LINE 5W-30;V182575117;NGN A-LINE 5W-40;V182575120;ROWE HIGHTEC MULTI SYNT DPF 5W-30;20125-0040-99;ROWE HIGHTEC SYNT RSi 5W-40;20001-0040-99;TEBOIL Gold L 5W-30;2459465;TEBOIL Gold L 5W-40;3453956;G-Energy Synthetic Active 5W-30;253142405;G-Energy Synthetic Active 5W-40;253142406;Totachi NIRO LV SP/GF-5 5W-30;1G104;Totachi NIRO Optima PRO 5W-40;1C812
Honda;CR-V;2012;2016;2.0 (R20A);бензин;NGN PROFI A-LINE 5W-30;V272085301;NGN GOLD A-LINE 5W-40;V272085302;API SN;3.7;W 610/6;нет данных;нет данных;нет данных;нет данных;нет данных;нет данных;нет данных;нет данных;Заполнено агентом;нет данных;нет данных;нет данных;нет данных;нет данных;15400-RBA-F01;нет данных;нет данных;NGN A-LINE 5W-30;V182575117;NGN A-LINE 5W-40;V182575120;ROWE HIGHTEC MULTI SYNT DPF 5W-30;20125-0040-99;ROWE HIGHTEC SYNT RSi 5W-40;20001-0040-99;TEBOIL Gold L 5W-30;2459465;TEBOIL Gold L 5W-40;3453956;G-Energy Synthetic Active 5W-30;253142405;G-Energy Synthetic Active 5W-40;253142406;Totachi NIRO LV SP/GF-5 5W-30;1G104;Totachi NIRO Optima PRO 5W-40;1C812
Mercedes-Benz;C-Class (W203);2000;2007;C 200 (M271);бензин;NGN PROFI A-LINE 5W-30;V272085301;NGN GOLD A-LINE 5W-40;V272085302;MB 229.3;5.5;HU 514 x;нет данных;нет данных;нет данных;нет данных;нет данных;нет данных;нет данных;нет данных;Заполнено агентом;нет данных;нет данных;нет данных;нет данных;нет данных;A2711800109;нет данных;нет данных;NGN A-LINE 5W-30;V182575117;NGN A-LINE 5W-40;V182575120;ROWE HIGHTEC MULTI SYNT DPF 5W-30;20125-0040-99;ROWE HIGHTEC SYNT RSi 5W-40;20001-0040-99;TEBOIL Gold L 5W-30;2459465;TEBOIL Gold L 5W-40;3453956;G-Energy Synthetic Active 5W-30;253142405;G-Energy Synthetic Active 5W-40;253142406;Totachi NIRO LV SP/GF-5 5W-30;1G104;Totachi NIRO Optima PRO 5W-40;1C812
Daewoo;Matiz;1998;2015;0.8 (F8CV);бензин;NGN PROFI A-LINE 5W-30;V272085301;NGN GOLD A-LINE 5W-40;V272085302;API SL;2.7;W 67/2;нет данных;нет данных;нет данных;нет данных;нет данных;нет данных;нет данных;нет данных;Заполнено агентом;нет данных;нет данных;нет данных;нет данных;нет данных;96565412;нет данных;нет данных;NGN A-LINE 5W-30;V182575117;NGN A-LINE 5W-40;V182575120;ROWE HIGHTEC MULTI SYNT DPF 5W-30;20125-0040-99;ROWE HIGHTEC SYNT RSi 5W-40;20001-0040-99;TEBOIL Gold L 5W-30;2459465;TEBOIL Gold L 5W-40;3453956;G-Energy Synthetic Active 5W-30;253142405;G-Energy Synthetic Active 5W-40;253142406;Totachi NIRO LV SP/GF-5 5W-30;1G104;Totachi NIRO Optima PRO 5W-40;1C812
BMW;3 Series (F30);2015;2019;320i (B48B20);бензин;NGN PROFI A-LINE 5W-30;V272085301;NGN GOLD A-LINE 5W-40;V272085302;BMW Longlife-01;5.25;HU 6014 z;нет данных;нет данных;нет данных;нет данных;нет данных;нет данных;нет данных;нет данных;Заполнено агентом;нет данных;нет данных;нет данных;нет данных;нет данных;11428575211;нет данных;нет данных;NGN A-LINE 5W-30;V182575117;NGN A-LINE 5W-40;V182575120;ROWE HIGHTEC MULTI SYNT DPF 5W-30;20125-0040-99;ROWE HIGHTEC SYNT RSi 5W-40;20001-0040-99;TEBOIL Gold L 5W-30;2459465;TEBOIL Gold L 5W-40;3453956;G-Energy Synthetic Active 5W-30;253142405;G-Energy Synthetic Active 5W-40;253142406;Totachi NIRO LV SP/GF-5 5W-30;1G104;Totachi NIRO Optima PRO 5W-40;1C812
Kia;Mohave;2008;2024;3.0 CRDi (D6EB);дизель;NGN PROFI A-LINE 5W-30;V272085301;NGN GOLD A-LINE 5W-40;V272085302;ACEA C3;7.4;HU 824 x;нет данных;нет данных;нет данных;нет данных;нет данных;нет данных;нет данных;нет данных;Заполнено агентом;нет данных;нет данных;нет данных;нет данных;нет данных;26320-3A100;нет данных;нет данных;NGN A-LINE 5W-30;V182575117;NGN A-LINE 5W-40;V182575120;ROWE HIGHTEC MULTI SYNT DPF 5W-30;20125-0040-99;ROWE HIGHTEC SYNT RSi 5W-40;20001-0040-99;TEBOIL Gold L 5W-30;2459465;TEBOIL Gold L 5W-40;3453956;G-Energy Synthetic Active 5W-30;253142405;G-Energy Synthetic Active 5W-40;253142406;Totachi NIRO LV SP/GF-5 5W-30;1G104;Totachi NIRO Optima PRO 5W-40;1C812
Subaru;Outback;2003;2009;2.5 (EJ253);бензин;NGN PROFI A-LINE 5W-30;V272085301;NGN GOLD A-LINE 5W-40;V272085302;API SL;4.0;W 67/1;нет данных;нет данных;нет данных;нет данных;нет данных;нет данных;нет данных;нет данных;Заполнено агентом;нет данных;нет данных;нет данных;нет данных;нет данных;15208-AA100;нет данных;нет данных;NGN A-LINE 5W-30;V182575117;NGN A-LINE 5W-40;V182575120;ROWE HIGHTEC MULTI SYNT DPF 5W-30;20125-0040-99;ROWE HIGHTEC SYNT RSi 5W-40;20001-0040-99;TEBOIL Gold L 5W-30;2459465;TEBOIL Gold L 5W-40;3453956;G-Energy Synthetic Active 5W-30;253142405;G-Energy Synthetic Active 5W-40;253142406;Totachi NIRO LV SP/GF-5 5W-30;1G104;Totachi NIRO Optima PRO 5W-40;1C812
Hyundai;Santa Fe (SM);2000;2006;2.7 V6 (G6BA);бензин;NGN PROFI A-LINE 5W-30;V272085301;NGN GOLD A-LINE 5W-40;V272085302;API SL;4.5;W 811/80;нет данных;нет данных;нет данных;нет данных;нет данных;нет данных;нет данных;нет данных;Заполнено агентом;нет данных;нет данных;нет данных;нет данных;нет данных;26300-35503;нет данных;нет данных;NGN A-LINE 5W-30;V182575117;NGN A-LINE 5W-40;V182575120;ROWE HIGHTEC MULTI SYNT DPF 5W-30;20125-0040-99;ROWE HIGHTEC SYNT RSi 5W-40;20001-0040-99;TEBOIL Gold L 5W-30;2459465;TEBOIL Gold L 5W-40;3453956;G-Energy Synthetic Active 5W-30;253142405;G-Energy Synthetic Active 5W-40;253142406;Totachi NIRO LV SP/GF-5 5W-30;1G104;Totachi NIRO Optima PRO 5W-40;1C812
Nissan;Terrano II / Mistral;1993;2006;2.7 TD (TD27T);дизель;NGN PROFI A-LINE 5W-30;V272085301;NGN GOLD A-LINE 5W-40;V272085302;API CF-4;6.2;W 940/69;нет данных;нет данных;нет данных;нет данных;нет данных;нет данных;нет данных;нет данных;Заполнено агентом;нет данных;нет данных;нет данных;нет данных;нет данных;15208-43G00;нет данных;нет данных;NGN A-LINE 5W-30;V182575117;NGN A-LINE 5W-40;V182575120;ROWE HIGHTEC MULTI SYNT DPF 5W-30;20125-0040-99;ROWE HIGHTEC SYNT RSi 5W-40;20001-0040-99;TEBOIL Gold L 5W-30;2459465;TEBOIL Gold L 5W-40;3453956;G-Energy Synthetic Active 5W-30;253142405;G-Energy Synthetic Active 5W-40;253142406;Totachi NIRO LV SP/GF-5 5W-30;1G104;Totachi NIRO Optima PRO 5W-40;1C812
BMW;3 Series (E46);1998;2005;318i (N42B20);бензин;NGN PROFI A-LINE 5W-30;V272085301;NGN GOLD A-LINE 5W-40;V272085302;BMW Longlife-01;4.25;HU 815/2 x;нет данных;нет данных;нет данных;нет данных;нет данных;нет данных;нет данных;нет данных;Заполнено агентом;нет данных;нет данных;нет данных;нет данных;нет данных;11427508969;нет данных;нет данных;NGN A-LINE 5W-30;V182575117;NGN A-LINE 5W-40;V182575120;ROWE HIGHTEC MULTI SYNT DPF 5W-30;20125-0040-99;ROWE HIGHTEC SYNT RSi 5W-40;20001-0040-99;TEBOIL Gold L 5W-30;2459465;TEBOIL Gold L 5W-40;3453956;G-Energy Synthetic Active 5W-30;253142405;G-Energy Synthetic Active 5W-40;253142406;Totachi NIRO LV SP/GF-5 5W-30;1G104;Totachi NIRO Optima PRO 5W-40;1C812
Chevrolet;Monza;2019;2024;1.5 (L2B);бензин;NGN PROFI A-LINE 5W-30;V272085301;NGN GOLD A-LINE 5W-40;V272085302;API SN;4.0;W 712/22;нет данных;нет данных;нет данных;нет данных;нет данных;нет данных;нет данных;нет данных;Заполнено агентом;нет данных;нет данных;нет данных;нет данных;нет данных;24103565;нет данных;нет данных;NGN A-LINE 5W-30;V182575117;NGN A-LINE 5W-40;V182575120;ROWE HIGHTEC MULTI SYNT DPF 5W-30;20125-0040-99;ROWE HIGHTEC SYNT RSi 5W-40;20001-0040-99;TEBOIL Gold L 5W-30;2459465;TEBOIL Gold L 5W-40;3453956;G-Energy Synthetic Active 5W-30;253142405;G-Energy Synthetic Active 5W-40;253142406;Totachi NIRO LV SP/GF-5 5W-30;1G104;Totachi NIRO Optima PRO 5W-40;1C812
Kia;K5 (DL3);2019;2024;2.5 GDI (G4KN);бензин;NGN PROFI A-LINE 5W-30;V272085301;NGN GOLD A-LINE 5W-40;V272085302;API SN;5.8;HU 7044 z;нет данных;нет данных;нет данных;нет данных;нет данных;нет данных;нет данных;нет данных;Заполнено агентом;нет данных;нет данных;нет данных;нет данных;нет данных;26320-2S000;нет данных;нет данных;NGN A-LINE 5W-30;V182575117;NGN A-LINE 5W-40;V182575120;ROWE HIGHTEC MULTI SYNT DPF 5W-30;20125-0040-99;ROWE HIGHTEC SYNT RSi 5W-40;20001-0040-99;TEBOIL Gold L 5W-30;2459465;TEBOIL Gold L 5W-40;3453956;G-Energy Synthetic Active 5W-30;253142405;G-Energy Synthetic Active 5W-40;253142406;Totachi NIRO LV SP/GF-5 5W-30;1G104;Totachi NIRO Optima PRO 5W-40;1C812
Mazda;CX-5;2012;2024;2.0 (PE-VPS);бензин;NGN PROFI A-LINE 5W-30;V272085301;NGN GOLD A-LINE 5W-40;V272085302;API SN;4.2;W 6018;нет данных;нет данных;нет данных;нет данных;нет данных;нет данных;нет данных;нет данных;Заполнено агентом;нет данных;нет данных;нет данных;нет данных;нет данных;PE01-14-302B;нет данных;нет данных;NGN A-LINE 5W-30;V182575117;NGN A-LINE 5W-40;V182575120;ROWE HIGHTEC MULTI SYNT DPF 5W-30;20125-0040-99;ROWE HIGHTEC SYNT RSi 5W-40;20001-0040-99;TEBOIL Gold L 5W-30;2459465;TEBOIL Gold L 5W-40;3453956;G-Energy Synthetic Active 5W-30;253142405;G-Energy Synthetic Active 5W-40;253142406;Totachi NIRO LV SP/GF-5 5W-30;1G104;Totachi NIRO Optima PRO 5W-40;1C812
BMW;3 Series (E92);2006;2013;325i (N52B25);бензин;NGN PROFI A-LINE 5W-30;V272085301;NGN GOLD A-LINE 5W-40;V272085302;BMW Longlife-01;6.5;HU 816 x;нет данных;нет данных;нет данных;нет данных;нет данных;нет данных;нет данных;нет данных;Заполнено агентом;нет данных;нет данных;нет данных;нет данных;нет данных;11427566327;нет данных;нет данных;NGN A-LINE 5W-30;V182575117;NGN A-LINE 5W-40;V182575120;ROWE HIGHTEC MULTI SYNT DPF 5W-30;20125-0040-99;ROWE HIGHTEC SYNT RSi 5W-40;20001-0040-99;TEBOIL Gold L 5W-30;2459465;TEBOIL Gold L 5W-40;3453956;G-Energy Synthetic Active 5W-30;253142405;G-Energy Synthetic Active 5W-40;253142406;Totachi NIRO LV SP/GF-5 5W-30;1G104;Totachi NIRO Optima PRO 5W-40;1C812
Kia;Cerato 3 (YD);2013;2020;1.6 MPI (G4FG);бензин;NGN PROFI A-LINE 5W-30;V272085301;NGN GOLD A-LINE 5W-40;V272085302;API SN;3.6;W 811/80;нет данных;нет данных;нет данных;нет данных;нет данных;нет данных;нет данных;нет данных;Заполнено агентом;нет данных;нет данных;нет данных;нет данных;нет данных;26300-35504;нет данных;нет данных;NGN A-LINE 5W-30;V182575117;NGN A-LINE 5W-40;V182575120;ROWE HIGHTEC MULTI SYNT DPF 5W-30;20125-0040-99;ROWE HIGHTEC SYNT RSi 5W-40;20001-0040-99;TEBOIL Gold L 5W-30;2459465;TEBOIL Gold L 5W-40;3453956;G-Energy Synthetic Active 5W-30;253142405;G-Energy Synthetic Active 5W-40;253142406;Totachi NIRO LV SP/GF-5 5W-30;1G104;Totachi NIRO Optima PRO 5W-40;1C812
Mercedes-Benz;ML-Class (W166);2011;2015;ML 350 BlueTEC (OM642);дизель;NGN PROFI A-LINE 5W-30;V272085301;NGN GOLD A-LINE 5W-40;V272085302;MB 229.51;8.0;HU 821 x;нет данных;нет данных;нет данных;нет данных;нет данных;нет данных;нет данных;нет данных;Заполнено агентом;нет данных;нет данных;нет данных;нет данных;нет данных;A6421800009;нет данных;нет данных;NGN A-LINE 5W-30;V182575117;NGN A-LINE 5W-40;V182575120;ROWE HIGHTEC MULTI SYNT DPF 5W-30;20125-0040-99;ROWE HIGHTEC SYNT RSi 5W-40;20001-0040-99;TEBOIL Gold L 5W-30;2459465;TEBOIL Gold L 5W-40;3453956;G-Energy Synthetic Active 5W-30;253142405;G-Energy Synthetic Active 5W-40;253142406;Totachi NIRO LV SP/GF-5 5W-30;1G104;Totachi NIRO Optima PRO 5W-40;1C812
Hyundai;Solaris 2 (HCR);2017;2024;1.4 MPI (G4LC);бензин;NGN PROFI A-LINE 5W-30;V272085301;NGN GOLD A-LINE 5W-40;V272085302;API SN;3.5;W 811/80;нет данных;нет данных;нет данных;нет данных;нет данных;нет данных;нет данных;нет данных;Заполнено агентом;нет данных;нет данных;нет данных;нет данных;нет данных;26300-35504;нет данных;нет данных;NGN A-LINE 5W-30;V182575117;NGN A-LINE 5W-40;V182575120;ROWE HIGHTEC MULTI SYNT DPF 5W-30;20125-0040-99;ROWE HIGHTEC SYNT RSi 5W-40;20001-0040-99;TEBOIL Gold L 5W-30;2459465;TEBOIL Gold L 5W-40;3453956;G-Energy Synthetic Active 5W-30;253142405;G-Energy Synthetic Active 5W-40;253142406;Totachi NIRO LV SP/GF-5 5W-30;1G104;Totachi NIRO Optima PRO 5W-40;1C812
Toyota;Land Cruiser Prado 150;2009;2015;3.0 D-4D (1KD-FTV);дизель;NGN PROFI A-LINE 5W-30;V272085301;NGN GOLD A-LINE 5W-40;V272085302;ACEA B4;7.0;W 712/83;нет данных;нет данных;нет данных;нет данных;нет данных;нет данных;нет данных;нет данных;Заполнено агентом;нет данных;нет данных;нет данных;нет данных;нет данных;90915-YZZD2;нет данных;нет данных;NGN A-LINE 5W-30;V182575117;NGN A-LINE 5W-40;V182575120;ROWE HIGHTEC MULTI SYNT DPF 5W-30;20125-0040-99;ROWE HIGHTEC SYNT RSi 5W-40;20001-0040-99;TEBOIL Gold L 5W-30;2459465;TEBOIL Gold L 5W-40;3453956;G-Energy Synthetic Active 5W-30;253142405;G-Energy Synthetic Active 5W-40;253142406;Totachi NIRO LV SP/GF-5 5W-30;1G104;Totachi NIRO Optima PRO 5W-40;1C812
Kia;Ceed (CD);2018;2022;1.4 T-GDI (G4LD);бензин;NGN PROFI A-LINE 5W-30;V272085301;NGN GOLD A-LINE 5W-40;V272085302;API SN;4.2;W 811/80;нет данных;нет данных;нет данных;нет данных;нет данных;нет данных;нет данных;нет данных;Заполнено агентом;нет данных;нет данных;нет данных;нет данных;нет данных;26300-35531;нет данных;нет данных;NGN A-LINE 5W-30;V182575117;NGN A-LINE 5W-40;V182575120;ROWE HIGHTEC MULTI SYNT DPF 5W-30;20125-0040-99;ROWE HIGHTEC SYNT RSi 5W-40;20001-0040-99;TEBOIL Gold L 5W-30;2459465;TEBOIL Gold L 5W-40;3453956;G-Energy Synthetic Active 5W-30;253142405;G-Energy Synthetic Active 5W-40;253142406;Totachi NIRO LV SP/GF-5 5W-30;1G104;Totachi NIRO Optima PRO 5W-40;1C812
Skoda;Fabia 2;2010;2014;1.6 (CFNA);бензин;NGN PROFI A-LINE 5W-30;V272085301;NGN GOLD A-LINE 5W-40;V272085302;VW 502 00;3.6;W 712/94;нет данных;нет данных;нет данных;нет данных;нет данных;нет данных;нет данных;нет данных;Заполнено агентом;нет данных;нет данных;нет данных;нет данных;нет данных;03C115561H;нет данных;нет данных;NGN A-LINE 5W-30;V182575117;NGN A-LINE 5W-40;V182575120;ROWE HIGHTEC MULTI SYNT DPF 5W-30;20125-0040-99;ROWE HIGHTEC SYNT RSi 5W-40;20001-0040-99;TEBOIL Gold L 5W-30;2459465;TEBOIL Gold L 5W-40;3453956;G-Energy Synthetic Active 5W-30;253142405;G-Energy Synthetic Active 5W-40;253142406;Totachi NIRO LV SP/GF-5 5W-30;1G104;Totachi NIRO Optima PRO 5W-40;1C812
Audi;A4 (B8);2007;2015;2.0 TDI (CGLC);дизель;NGN PROFI A-LINE 5W-30;V272085301;NGN GOLD A-LINE 5W-40;V272085302;VW 507 00;5.0;HU 7008 z;нет данных;нет данных;нет данных;нет данных;нет данных;нет данных;нет данных;нет данных;Заполнено агентом;нет данных;нет данных;нет данных;нет данных;нет данных;03L115562;нет данных;нет данных;NGN A-LINE 5W-30;V182575117;NGN A-LINE 5W-40;V182575120;ROWE HIGHTEC MULTI SYNT DPF 5W-30;20125-0040-99;ROWE HIGHTEC SYNT RSi 5W-40;20001-0040-99;TEBOIL Gold L 5W-30;2459465;TEBOIL Gold L 5W-40;3453956;G-Energy Synthetic Active 5W-30;253142405;G-Energy Synthetic Active 5W-40;253142406;Totachi NIRO LV SP/GF-5 5W-30;1G104;Totachi NIRO Optima PRO 5W-40;1C812
Honda;Accord 7;2002;2008;2.4 (K24A);бензин;NGN PROFI A-LINE 5W-30;V272085301;NGN GOLD A-LINE 5W-40;V272085302;API SN;4.2;W 610/6;нет данных;нет данных;нет данных;нет данных;нет данных;нет данных;нет данных;нет данных;Заполнено агентом;нет данных;нет данных;нет данных;нет данных;нет данных;15400-RBA-F01;нет данных;нет данных;NGN A-LINE 5W-30;V182575117;NGN A-LINE 5W-40;V182575120;ROWE HIGHTEC MULTI SYNT DPF 5W-30;20125-0040-99;ROWE HIGHTEC SYNT RSi 5W-40;20001-0040-99;TEBOIL Gold L 5W-30;2459465;TEBOIL Gold L 5W-40;3453956;G-Energy Synthetic Active 5W-30;253142405;G-Energy Synthetic Active 5W-40;253142406;Totachi NIRO LV SP/GF-5 5W-30;1G104;Totachi NIRO Optima PRO 5W-40;1C812
BMW;X2 (F39);2017;2024;20i (B48A20);бензин;NGN PROFI A-LINE 5W-30;V272085301;NGN GOLD A-LINE 5W-40;V272085302;BMW Longlife-01;5.25;HU 6014 z;нет данных;нет данных;нет данных;нет данных;нет данных;нет данных;нет данных;нет данных;Заполнено агентом;нет данных;нет данных;нет данных;нет данных;нет данных;11428575211;нет данных;нет данных;NGN A-LINE 5W-30;V182575117;NGN A-LINE 5W-40;V182575120;ROWE HIGHTEC MULTI SYNT DPF 5W-30;20125-0040-99;ROWE HIGHTEC SYNT RSi 5W-40;20001-0040-99;TEBOIL Gold L 5W-30;2459465;TEBOIL Gold L 5W-40;3453956;G-Energy Synthetic Active 5W-30;253142405;G-Energy Synthetic Active 5W-40;253142406;Totachi NIRO LV SP/GF-5 5W-30;1G104;Totachi NIRO Optima PRO 5W-40;1C812
FAW;Bestune T55;2021;2024;1.5T (CA4GB15TD-30);бензин;NGN PROFI A-LINE 5W-30;V272085301;NGN GOLD A-LINE 5W-40;V272085302;API SN;4.3;W 712/95;нет данных;нет данных;нет данных;нет данных;нет данных;нет данных;нет данных;нет данных;Заполнено агентом;нет данных;нет данных;нет данных;нет данных;нет данных;1012010-25D;нет данных;нет данных;NGN A-LINE 5W-30;V182575117;NGN A-LINE 5W-40;V182575120;ROWE HIGHTEC MULTI SYNT DPF 5W-30;20125-0040-99;ROWE HIGHTEC SYNT RSi 5W-40;20001-0040-99;TEBOIL Gold L 5W-30;2459465;TEBOIL Gold L 5W-40;3453956;G-Energy Synthetic Active 5W-30;253142405;G-Energy Synthetic Active 5W-40;253142406;Totachi NIRO LV SP/GF-5 5W-30;1G104;Totachi NIRO Optima PRO 5W-40;1C812
Nissan;Qashqai (J11);2013;2021;2.0 (MR20DD);бензин;NGN PROFI A-LINE 5W-30;V272085301;NGN GOLD A-LINE 5W-40;V272085302;API SN;3.8;W 67/1;нет данных;нет данных;нет данных;нет данных;нет данных;нет данных;нет данных;нет данных;Заполнено агентом;нет данных;нет данных;нет данных;нет данных;нет данных;15208-65F0A;нет данных;нет данных;NGN A-LINE 5W-30;V182575117;NGN A-LINE 5W-40;V182575120;ROWE HIGHTEC MULTI SYNT DPF 5W-30;20125-0040-99;ROWE HIGHTEC SYNT RSi 5W-40;20001-0040-99;TEBOIL Gold L 5W-30;2459465;TEBOIL Gold L 5W-40;3453956;G-Energy Synthetic Active 5W-30;253142405;G-Energy Synthetic Active 5W-40;253142406;Totachi NIRO LV SP/GF-5 5W-30;1G104;Totachi NIRO Optima PRO 5W-40;1C812
Kaiyi;E5;2022;2024;1.5T (SQRE4T15C);бензин;NGN PROFI A-LINE 5W-30;V272085301;NGN GOLD A-LINE 5W-40;V272085302;API SN;4.9;W 712/92;нет данных;нет данных;нет данных;нет данных;нет данных;нет данных;нет данных;нет данных;Заполнено агентом;нет данных;нет данных;нет данных;нет данных;нет данных;480-1012010;нет данных;нет данных;NGN A-LINE 5W-30;V182575117;NGN A-LINE 5W-40;V182575120;ROWE HIGHTEC MULTI SYNT DPF 5W-30;20125-0040-99;ROWE HIGHTEC SYNT RSi 5W-40;20001-0040-99;TEBOIL Gold L 5W-30;2459465;TEBOIL Gold L 5W-40;3453956;G-Energy Synthetic Active 5W-30;253142405;G-Energy Synthetic Active 5W-40;253142406;Totachi NIRO LV SP/GF-5 5W-30;1G104;Totachi NIRO Optima PRO 5W-40;1C812
Toyota;Corolla (E120);2000;2007;1.6 (3ZZ-FE);бензин;NGN PROFI A-LINE 5W-30;V272085301;NGN GOLD A-LINE 5W-40;V272085302;API SL;4.2;W 68/3;нет данных;нет данных;нет данных;нет данных;нет данных;нет данных;нет данных;нет данных;Заполнено агентом;нет данных;нет данных;нет данных;нет данных;нет данных;90915-10003;нет данных;нет данных;NGN A-LINE 5W-30;V182575117;NGN A-LINE 5W-40;V182575120;ROWE HIGHTEC MULTI SYNT DPF 5W-30;20125-0040-99;ROWE HIGHTEC SYNT RSi 5W-40;20001-0040-99;TEBOIL Gold L 5W-30;2459465;TEBOIL Gold L 5W-40;3453956;G-Energy Synthetic Active 5W-30;253142405;G-Energy Synthetic Active 5W-40;253142406;Totachi NIRO LV SP/GF-5 5W-30;1G104;Totachi NIRO Optima PRO 5W-40;1C812
Toyota;RAV4 II (XA20);2000;2005;2.0 (1AZ-FE / 1AZ-FSE);бензин;NGN PROFI A-LINE 5W-30;V272085301;NGN GOLD A-LINE 5W-40;V272085302;API SL/SM/SN, ILSAC GF-4/GF-5, 5W-30 / 5W-40;4.2;W 610/9;нет данных;нет данных;C 2620;нет данных;нет данных;CU 1828;нет данных;нет данных;Заполнено агентом (JDM 1AZ);нет данных;нет данных;нет данных;нет данных;нет данных;90915-10004;17801-22020;88568-42010;NGN A-LINE 5W-30;V182575117;NGN A-LINE 5W-40;V182575120;ROWE HIGHTEC MULTI SYNT DPF 5W-30;20125-0040-99;ROWE HIGHTEC SYNT RSi 5W-40;20001-0040-99;TEBOIL Gold L 5W-30;2459465;TEBOIL Gold L 5W-40;3453956;G-Energy Synthetic Active 5W-30;253142405;G-Energy Synthetic Active 5W-40;253142406;Totachi NIRO LV SP/GF-5 5W-30;1G104;Totachi NIRO Optima PRO 5W-40;1C812
Mitsubishi;Lancer X (CY);2007;2017;1.5 / 1.6 (4A91 / 4A92);бензин;NGN PROFI A-LINE 5W-30;V272085301;NGN GOLD A-LINE 5W-40;V272085302;API SN, ACEA A3/B4, 5W-30 / 5W-40;4.2;W 610/3;MD360935;нет данных;C 25 120;MR968274;нет данных;CU 2141;7803A004;нет данных;Заполнено агентом (Lancer X clean);CVTF;нет данных;нет данных;нет данных;нет данных;MD360935;MR968274;7803A004;NGN A-LINE 5W-30;V182575117;NGN A-LINE 5W-40;V182575120;ROWE HIGHTEC MULTI SYNT DPF 5W-30;20125-0040-99;ROWE HIGHTEC SYNT RSi 5W-40;20001-0040-99;TEBOIL Gold L 5W-30;2459465;TEBOIL Gold L 5W-40;3453956;G-Energy Synthetic Active 5W-30;253142405;G-Energy Synthetic Active 5W-40;253142406;Totachi NIRO LV SP/GF-5 5W-30;1G104;Totachi NIRO Optima PRO 5W-40;1C812
Mitsubishi;Lancer X (CY);2007;2017;1.8 / 2.0 (4B10 / 4B11);бензин;NGN PROFI A-LINE 5W-30;V272085301;NGN GOLD A-LINE 5W-40;V272085302;API SN, ACEA A3/B4, 5W-30 / 5W-40;4.3;W 610/3;MD360935;нет данных;C 27 003/1;1500A023;нет данных;CU 2141;7803A004;нет данных;Заполнено агентом (Lancer X clean);CVTF (J1/J4);7.1;NGN A-LINE CVTF;V182575140;нет данных;MD360935;1500A023;7803A004;NGN A-LINE 5W-30;V182575117;NGN A-LINE 5W-40;V182575120;ROWE HIGHTEC MULTI SYNT DPF 5W-30;20125-0040-99;ROWE HIGHTEC SYNT RSi 5W-40;20001-0040-99;TEBOIL Gold L 5W-30;2459465;TEBOIL Gold L 5W-40;3453956;G-Energy Synthetic Active 5W-30;253142405;G-Energy Synthetic Active 5W-40;253142406;Totachi NIRO LV SP/GF-5 5W-30;1G104;Totachi NIRO Optima PRO 5W-40;1C812
Mitsubishi;Lancer Evolution X (CZ);2007;2016;2.0T (4B11T);бензин;NGN PROFI A-LINE 5W-30;V272085301;NGN GOLD A-LINE 5W-40;V272085302;API SN, 5W-40;5.4;W 610/3;MD360935;нет данных;C 27 003/1;1500A023;нет данных;CU 2141;7803A004;нет данных;Заполнено агентом (Evo X clean);SSTF-I;7.1;NGN A-LINE DCTF;V182575142;нет данных;MD360935;1500A023;7803A004;нет данных;нет данных;NGN A-LINE 5W-40;V182575120;ROWE HIGHTEC MULTI SYNT DPF 5W-30;20125-0040-99;ROWE HIGHTEC SYNT RSi 5W-40;20001-0040-99;TEBOIL Gold L 5W-30;2459465;TEBOIL Gold L 5W-40;3453956;G-Energy Synthetic Active 5W-30;253142405;G-Energy Synthetic Active 5W-40;253142406;Totachi NIRO LV SP/GF-5 5W-30;1G104;Totachi NIRO Optima PRO 5W-40;1C812
Toyota;Raum (EXZ);1997;2003;1.5 (5E-FE);бензин;NGN PROFI A-LINE 5W-30;V272085301;NGN GOLD A-LINE 5W-40;V272085302;API SL/SM/SN, ILSAC GF-4;3.2;W 68/3;90915-10003;нет данных;C 26 004;17801-11090;нет данных;нет данных;нет данных;нет данных;Заполнено агентом (Raum EXZ);ATF Type T-IV;нет данных;NGN A-LINE ATF T-IV;V182575130;нет данных;90915-10003;17801-11090;нет данных;NGN A-LINE 5W-30;V182575117;NGN A-LINE 5W-40;V182575120;ROWE HIGHTEC MULTI SYNT DPF 5W-30;20125-0040-99;ROWE HIGHTEC SYNT RSi 5W-40;20001-0040-99;TEBOIL Gold L 5W-30;2459465;TEBOIL Gold L 5W-40;3453956;G-Energy Synthetic Active 5W-30;253142405;G-Energy Synthetic Active 5W-40;253142406;Totachi NIRO LV SP/GF-5 5W-30;1G104;Totachi NIRO Optima PRO 5W-40;1C812
Toyota;Raum (NCZ);2003;2011;1.5 (1NZ-FE);бензин;NGN PROFI A-LINE 5W-30;V272085301;NGN GOLD A-LINE 5W-40;V272085302;API SL/SM/SN, ILSAC GF-4/GF-5;3.7;W 68/3;90915-10004;нет данных;C 26 003;17801-21030;нет данных;CU 20 001;87139-12010;нет данных;Заполнено агентом (Raum NCZ);ATF Type T-IV;нет данных;NGN A-LINE ATF T-IV;V182575130;нет данных;90915-10004;17801-21030;87139-12010;NGN A-LINE 5W-30;V182575117;NGN A-LINE 5W-40;V182575120;ROWE HIGHTEC MULTI SYNT DPF 5W-30;20125-0040-99;ROWE HIGHTEC SYNT RSi 5W-40;20001-0040-99;TEBOIL Gold L 5W-30;2459465;TEBOIL Gold L 5W-40;3453956;G-Energy Synthetic Active 5W-30;253142405;G-Energy Synthetic Active 5W-40;253142406;Totachi NIRO LV SP/GF-5 5W-30;1G104;Totachi NIRO Optima PRO 5W-40;1C812
